0,0,0,20.000000000000000,-279.65749925546140,999.00000000000000,254.69583236448005
0,0,1,376.54317532360470,-363.54317532360477,999.78539816339740,466.00291629940510
0,0,2,-31.381503797995947,-6.9999999999999970,1000.5707963267950,-1.0000000000000000
0,0,3,-75.812504197889140,-102.81250419788913,1001.3561944901924,75.853937421840360
0,0,4,20.000000000000000,-86.000000000000000,999.00000000000000,20.000000000000000
0,0,5,107.13611353655817,-94.136113536558180,999.78539816339740,-1.0000000000000000
0,0,6,22.424392499329485,-7.0000000000000010,0.42509621174447030,188.83636071679317
0,0,7,-206.72958645217534,-233.72958645217530,1001.3561944901924,-1.0000000000000000
0,0,8,20.000000000000000,-227.03220531299990,999.00000000000000,-1.0000000000000000
0,0,9,-2260.1361602990140,2273.1361602990146,999.78539816339740,-1.0000000000000000
0,0,10,-100.12141720960058,-6.9999999999999930,1000.5707963267950,-1.0000000000000000
0,0,11,10.359578564641824,-16.640421435358170,2.8613369847778225,-1.0000000000000000
0,0,12,20.000000000000000,-114.23421554504972,999.00000000000000,173.81863644662826
0,0,13,90.000000000000000,-77.000000000000000,999.78539816339740,89.999999999999990
0,0,14,473.72716846639550,-7.0000000000000280,1000.5707963267950,330.99891178562797
0,0,15,34.305999485982454,7.3059994859824510,0.44976755316668270,201.84890140378155
0,0,16,20.000000000000000,-59.417705415180620,999.00000000000000,24.751632579659320
0,0,17,119.74899724731713,-106.74899724731715,999.78539816339740,-1.0000000000000000
0,0,18,-208.26292154741571,-6.9999999999999870,1000.5707963267950,-1.0000000000000000
0,0,19,-25.446547447614837,-52.446547447614830,1001.3561944901924,-1.0000000000000000
0,0,20,20.000000000000000,-11.945568983002637,2.6712538792547640,-1.0000000000000000
0,0,21,144.84370880568952,-131.84370880568954,999.78539816339740,301.46665546748040
0,0,22,9.9620560054491763e+17,-68.000000000000000,1000.5707963267950,-1.0000000000000000
0,0,23,-91.466830487418240,-118.46683048741822,1001.3561944901924,-1.0000000000000000
0,0,24,20.000000000000000,9.9173328683811660,0.23091230197216056,186.18120589857770
0,0,25,45.109788657135380,-32.109788657135390,999.78539816339740,55.827045729374930
0,0,26,201.09210043388760,-7.0000000000000115,1000.5707963267950,76.546735572109510
0,0,27,-96.115401346783630,-123.11540134678361,1001.3561944901924,80.730486503569890
0,0,28,20.000000000000000,-76.582294584819380,999.00000000000000,24.751632579659320
0,0,29,12.673961167307178,0.32603883269282274,2.7057437488975190,-1.0000000000000000
0,0,30,-398.65999896694166,-6.9999999999999750,1000.5707963267950,-1.0000000000000000
0,0,31,-32.000000000000014,-59.000000000000000,1001.3561944901924,-1.0000000000000000
0,0,32,20.000000000000000,-85.708517769743900,999.00000000000000,-1.0000000000000000
0,0,33,2.0836273058356163,10.916372694164385,999.78539816339740,166.55948899547258
0,0,34,67.204786894115430,-7.0000000000000036,1000.5707963267950,83.171409639872460
0,0,35,1689.3616251361620,1662.3616251361618,1001.3561944901924,2306.2881789646670
0,0,36,20.000000000000000,-243.65749925546143,999.00000000000000,254.69583236448005
0,0,37,243.64558403292074,-230.64558403292077,999.78539816339740,301.53129878196796
0,0,38,49.232497890002236,-7.0000000000000020,1000.5707963267950,-1.0000000000000000
0,0,39,-46.137505877044800,-73.137505877044790,1001.3561944901924,106.19551239057652
0,0,40,20.000000000000000,-50.000000000000000,999.00000000000000,20.000000000000000
0,0,41,77.461115215713830,-64.461115215713850,999.78539816339740,-1.0000000000000000
0,0,42,-58.189609188668710,-6.9999999999999960,1000.5707963267950,100.54923103101977
0,0,43,-73.831995161491220,-100.83199516149121,1001.3561944901924,-1.0000000000000000
0,0,44,20.000000000000000,-191.03220531299990,999.00000000000000,-1.0000000000000000
0,0,45,-1948.8045956647331,1961.8045956647334,999.78539816339740,-1.0000000000000000
0,0,46,-50.746471736372900,-6.9999999999999964,1000.5707963267950,-1.0000000000000000
0,0,47,35.245990305596760,8.2459903055967630,2.4687812097807877,-1.0000000000000000
0,0,48,20.000000000000000,-78.234215545049720,999.00000000000000,173.81863644662826
0,0,49,53.999999999999986,-40.999999999999990,999.78539816339740,53.999999999999986
0,0,50,304.82603709262390,-7.0000000000000180,1000.5707963267950,158.30382737573500
0,0,51,99.355175775152740,72.355175775152730,1001.3561944901924,273.08969013452800
0,0,52,20.000000000000000,-23.417705415180620,0.75146468651087650,24.751632579659322
0,0,53,102.73280819893300,-89.732808198933010,999.78539816339740,-1.0000000000000000
0,0,54,-175.99422653653932,-6.9999999999999885,1000.5707963267950,-1.0000000000000000
0,0,55,-4.6266449904754300,-31.626644990475423,1001.3561944901924,-1.0000000000000000
0,0,56,20.000000000000000,24.054431016997363,999.00000000000000,-1.0000000000000000
0,0,57,99.092098818599780,-86.092098818599800,999.78539816339740,254.68734686045758
0,0,58,4.0828098382988422e+17,-32.000000000000000,1000.5707963267950,-1.0000000000000000
0,0,59,-45.715220500328456,-72.715220500328440,1001.3561944901924,-1.0000000000000000
0,0,60,20.000000000000000,45.917332868381166,999.00000000000000,186.18120589857770
0,0,61,24.289886199995976,-11.289886199995980,0.55696006045958890,30.060716931201892
0,0,62,168.82340542301122,-7.0000000000000100,1000.5707963267950,28.201428894987690
0,0,63,-79.099212298399540,-106.09921229839952,1001.3561944901924,106.22432434680249
0,0,64,20.000000000000000,-40.582294584819380,999.00000000000000,24.751632579659320
0,0,65,-52.375215121863064,65.375215121863080,999.78539816339740,-1.0000000000000000
0,0,66,-229.75886759317000,-6.9999999999999850,1000.5707963267950,-1.0000000000000000
0,0,67,3.9999999999999964,-23.000000000000000,-0.16324981154984197,3.9999999999999876
0,0,68,20.000000000000000,-49.708517769743910,999.00000000000000,-1.0000000000000000
0,0,69,-22.802784435119293,35.802784435119290,999.78539816339740,139.30429988712254
0,0,70,17.829841420887767,-7.0000000000000000,0.62070476061908490,22.065884190170248
0,0,71,1378.0300605018822,1351.0300605018820,1001.3561944901924,1839.8478731066440
0,0,72,20.000000000000000,-207.65749925546143,999.00000000000000,254.69583236448005
0,0,73,110.74799274223670,-97.747992742236720,999.78539816339740,137.05968126453092
0,0,74,129.84649957800048,-7.0000000000000070,1000.5707963267950,-1.0000000000000000
0,0,75,-16.462507556200470,-43.462507556200464,1001.3561944901924,136.53708735931266
0,0,76,20.000000000000000,-14.000000000000000,0.087277712949461450,20.000000000000004
0,0,77,47.786116894869490,-34.786116894869494,999.78539816339740,-1.0000000000000000
0,0,78,-138.80361087666690,-6.9999999999999900,1000.5707963267950,12.262101345246352
0,0,79,59.065596129192926,32.065596129192926,1001.3561944901924,73.098496674416580
0,0,80,20.000000000000000,-155.03220531299990,999.00000000000000,-1.0000000000000000
0,0,81,-1637.4730310304526,1650.4730310304528,999.78539816339740,-1.0000000000000000
0,0,82,-1.3715262631452139,-6.9999999999999990,2.4057561643416707,-1.0000000000000000
0,0,83,60.132402046551675,33.132402046551675,1001.3561944901924,-1.0000000000000000
0,0,84,20.000000000000000,-42.234215545049720,999.00000000000000,173.81863644662826
0,0,85,18.000000000000000,-5.0000000000000000,0.017993850955108080,18.000000000000000
0,0,86,135.92490571885233,-7.0000000000000070,1000.5707963267950,-1.0000000000000000
0,0,87,164.40435206432300,137.40435206432298,1001.3561944901924,344.33047886527440
0,0,88,20.000000000000000,12.582294584819380,0.45103810482972290,24.751632579659326
0,0,89,85.716619150548900,-72.716619150548910,999.78539816339740,-1.0000000000000000
0,0,90,-143.72553152566294,-6.9999999999999900,1000.5707963267950,9.4004762983292110
0,0,91,16.193257466663987,-10.806742533336010,-0.69626802667506380,20.040477954134590
0,0,92,20.000000000000000,60.054431016997370,999.00000000000000,-1.0000000000000000
0,0,93,53.340488831510044,-40.340488831510050,999.78539816339740,207.90803825343474
0,0,94,-1.7964363288514906e+17,4.0000000000000010,1000.5707963267950,-1.0000000000000000
0,0,95,0.036389486761319034,-26.963610513238677,1001.3561944901924,-1.0000000000000000
0,0,96,20.000000000000000,81.917332868381170,999.00000000000000,186.18120589857770
0,0,97,3.4699837428565687,9.5300162571434330,0.92012790812284650,4.2943881330288460
0,0,98,136.55471041213485,-7.0000000000000070,1000.5707963267950,-1.0000000000000000
0,0,99,-62.083023250015415,-89.083023250015400,1001.3561944901924,131.71816219003510
0,0,100,20.000000000000000,-4.5822945848193815,-0.64944945203165530,24.751632579659322
0,0,101,-117.42439141103335,130.42439141103335,999.78539816339740,-1.0000000000000000
0,0,102,-60.857736219398330,-6.9999999999999960,1000.5707963267950,91.144627882999030
0,0,103,40.000000000000010,13.000000000000007,1001.3561944901924,40.000000000000014
0,0,104,20.000000000000000,-13.708517769743903,-3.0130198747406483,-1.0000000000000000
0,0,105,-47.689196176074210,60.689196176074220,999.78539816339740,112.04911077877246
0,0,106,-31.545104052339894,-6.9999999999999970,1000.5707963267950,-1.0000000000000000
0,0,107,1066.6984958676020,1039.6984958676020,1001.3561944901924,1373.4075672486213
0,0,108,20.000000000000000,-171.65749925546143,999.00000000000000,254.69583236448005
0,0,109,-22.149598548447330,35.149598548447330,999.78539816339740,-1.0000000000000000
0,0,110,210.46050126599870,-7.0000000000000120,1000.5707963267950,66.215347264330150
0,0,111,13.212490764643887,-13.787509235356110,-0.29911469598647410,166.87866232804882
0,0,112,20.000000000000000,22.000000000000000,999.00000000000000,20.000000000000004
0,0,113,18.111118574025140,-5.1111185740251415,-2.9547388836436665,-1.0000000000000000
0,0,114,-219.41761256466510,-6.9999999999999860,1000.5707963267950,-1.0000000000000000
0,0,115,191.96318741987707,164.96318741987704,1001.3561944901924,237.57011419185392
0,0,116,20.000000000000000,-119.03220531299990,999.00000000000000,-1.0000000000000000
0,0,117,-1326.1414663961718,1339.1414663961720,999.78539816339740,-1.0000000000000000
0,0,118,48.003419210082470,-7.0000000000000020,1000.5707963267950,59.408149742766060
0,0,119,85.018813787506600,58.018813787506590,1001.3561944901924,-1.0000000000000000
0,0,120,20.000000000000000,-6.2342155450497220,-0.21913824695762710,173.81863644662826
0,0,121,-18.000000000000000,31.000000000000004,999.78539816339740,-1.0000000000000000
0,0,122,-32.976225654919260,-6.9999999999999970,1000.5707963267950,-1.0000000000000000
0,0,123,229.45352835349337,202.45352835349334,1001.3561944901924,415.57126759602090
0,0,124,20.000000000000000,48.582294584819380,999.00000000000000,24.751632579659333
0,0,125,68.700430102164790,-55.700430102164790,999.78539816339740,-1.0000000000000000
0,0,126,-111.45683651478652,-6.9999999999999920,1000.5707963267950,57.745782975451036
0,0,127,37.013159923803400,10.013159923803400,-0.35639566449568160,45.806806752307650
0,0,128,20.000000000000000,96.054431016997370,999.00000000000000,-1.0000000000000000
0,0,129,7.5888788444203090,5.4111211555796930,-0.13792445242102258,161.12872964641198
0,0,130,-7.6756824960018240e+17,40.000000000000000,1000.5707963267950,-1.0000000000000000
0,0,131,45.787999473851116,18.787999473851110,1001.3561944901924,-1.0000000000000000
0,0,132,20.000000000000000,117.91733286838117,999.00000000000000,186.18120589857770
0,0,133,-17.349918714282843,30.349918714282847,999.78539816339740,-1.0000000000000000
0,0,134,104.28601540125845,-7.0000000000000050,1000.5707963267950,-1.0000000000000000
0,0,135,-45.066834201631295,-72.066834201631280,1001.3561944901924,157.21200003326769
0,0,136,20.000000000000000,31.417705415180620,999.00000000000000,24.751632579659326
0,0,137,-182.47356770020363,195.47356770020366,999.78539816339740,-1.0000000000000000
0,0,138,108.04339515437340,-7.0000000000000050,1000.5707963267950,263.83971229289210
0,0,139,76.000000000000010,49.000000000000010,1001.3561944901924,76.000000000000030
0,0,140,20.000000000000000,22.291482230256097,999.00000000000000,-1.0000000000000000
0,0,141,-72.575607917029130,85.575607917029150,999.78539816339740,84.793921670422400
0,0,142,-80.920049525567550,-6.9999999999999940,1000.5707963267950,-1.0000000000000000
0,0,143,755.36693123332210,728.36693123332200,1001.3561944901924,906.96726139059920
0,0,144,20.000000000000000,-135.65749925546143,999.00000000000000,254.69583236448005
0,0,145,-155.04718983913133,168.04718983913136,999.78539816339740,-1.0000000000000000
0,0,146,291.07450295399690,-7.0000000000000170,1000.5707963267950,154.50247695010360
0,0,147,42.887489085488220,15.887489085488216,1001.3561944901924,197.22023729678503
0,0,148,20.000000000000000,58.000000000000000,999.00000000000000,20.000000000000007
0,0,149,-11.563879746819202,24.563879746819207,999.78539816339740,-1.0000000000000000
0,0,150,-300.03161425266325,-6.9999999999999805,1000.5707963267950,-1.0000000000000000
0,0,151,324.86077871056120,297.86077871056114,1001.3561944901924,402.04173170929135
0,0,152,20.000000000000000,-83.032205312999900,999.00000000000000,-1.0000000000000000
0,0,153,-1014.8099017618911,1027.8099017618910,999.78539816339740,-1.0000000000000000
0,0,154,97.378364683310150,-7.0000000000000050,1000.5707963267950,120.51367519246828
0,0,155,109.90522552846153,82.905225528461510,1001.3561944901924,-1.0000000000000000
0,0,156,20.000000000000000,29.765784454950280,999.00000000000000,173.81863644662826
0,0,157,-53.999999999999990,67.000000000000000,999.78539816339740,-1.0000000000000000
0,0,158,-201.87735702869088,-6.9999999999999870,1000.5707963267950,-1.0000000000000000
0,0,159,294.50270464266360,267.50270464266356,1001.3561944901924,486.81205632676733
0,0,160,20.000000000000000,84.582294584819380,999.00000000000000,24.751632579659333
0,0,161,51.684241053780674,-38.684241053780680,999.78539816339740,-1.0000000000000000
0,0,162,-79.188141503910150,-6.9999999999999950,1000.5707963267950,106.09108965257288
0,0,163,57.833062380942820,30.833062380942813,1001.3561944901924,71.573135550480700
0,0,164,20.000000000000000,132.05443101699737,999.00000000000000,-1.0000000000000000
0,0,165,-38.162731142669436,51.162731142669440,999.78539816339740,114.34942103938916
0,0,166,-1.3554928663152156e+18,76.000000000000000,1000.5707963267950,-1.0000000000000000
0,0,167,91.539609460940880,64.539609460940870,1001.3561944901924,-1.0000000000000000
0,0,168,20.000000000000000,153.91733286838115,999.00000000000000,186.18120589857770
0,0,169,-38.169821171422260,51.169821171422264,999.78539816339740,-1.0000000000000000
0,0,170,72.017320390382070,-7.0000000000000036,1000.5707963267950,-1.0000000000000000
0,0,171,-28.050645153247185,-55.050645153247174,1001.3561944901924,182.70583787650028
0,0,172,20.000000000000000,67.417705415180620,999.00000000000000,24.751632579659326
0,0,173,-247.52274398937388,260.52274398937390,999.78539816339740,-1.0000000000000000
0,0,174,276.94452652814505,-7.0000000000000160,1000.5707963267950,436.53479670278523
0,0,175,112.00000000000000,84.999999999999990,1001.3561944901924,112.00000000000006
0,0,176,20.000000000000000,58.291482230256090,999.00000000000000,-1.0000000000000000
0,0,177,-97.462019657984020,110.46201965798403,999.78539816339740,57.538732562072370
0,0,178,-130.29499499879520,-6.9999999999999910,1000.5707963267950,-1.0000000000000000
0,0,179,444.03536659904210,417.03536659904205,1001.3561944901924,440.52695553257640
0,1,0,20.000000000000000,-279.65749925546140,-63.671853071795866,254.69583236448005
0,1,1,376.54317532360470,-363.54317532360477,-63.461853071795870,466.00291629940510
0,1,2,-31.381503797995947,-6.9999999999999970,-63.251853071795860,-1.0000000000000000
0,1,3,-75.812504197889140,-102.81250419788913,-63.041853071795860,75.853937421840360
0,1,4,20.000000000000000,-86.000000000000000,-62.831853071795860,20.000000000000000
0,1,5,107.13611353655817,-94.136113536558180,-62.621853071795870,-1.0000000000000000
0,1,6,22.424392499329485,-7.0000000000000010,0.42509621174447030,188.83636071679317
0,1,7,-206.72958645217534,-233.72958645217530,-62.201853071795860,-1.0000000000000000
0,1,8,20.000000000000000,-227.03220531299990,-61.991853071795860,-1.0000000000000000
0,1,9,-2260.1361602990140,2273.1361602990146,-63.671853071795866,-1.0000000000000000
0,1,10,-100.12141720960058,-6.9999999999999930,-63.461853071795865,-1.0000000000000000
0,1,11,10.359578564641824,-16.640421435358170,2.8613369847778225,-1.0000000000000000
0,1,12,20.000000000000000,-114.23421554504972,-63.041853071795860,173.81863644662826
0,1,13,90.000000000000000,-77.000000000000000,-62.831853071795860,89.999999999999990
0,1,14,473.72716846639550,-7.0000000000000280,-62.621853071795860,330.99891178562797
0,1,15,34.305999485982454,7.3059994859824510,0.44976755316668270,201.84890140378155
0,1,16,20.000000000000000,-59.417705415180620,-62.201853071795860,24.751632579659320
0,1,17,119.74899724731713,-106.74899724731715,-61.991853071795866,-1.0000000000000000
0,1,18,-208.26292154741571,-6.9999999999999870,-63.671853071795860,-1.0000000000000000
0,1,19,-25.446547447614837,-52.446547447614830,-63.461853071795865,-1.0000000000000000
0,1,20,20.000000000000000,-11.945568983002637,2.6712538792547640,-1.0000000000000000
0,1,21,144.84370880568952,-131.84370880568954,-63.041853071795860,301.46665546748040
0,1,22,9.9620560054491763e+17,-68.000000000000000,-62.831853071795855,-1.0000000000000000
0,1,23,-91.466830487418240,-118.46683048741822,-62.621853071795860,-1.0000000000000000
0,1,24,20.000000000000000,9.9173328683811660,0.23091230197216056,186.18120589857770
0,1,25,45.109788657135380,-32.109788657135390,-62.201853071795870,55.827045729374930
0,1,26,201.09210043388760,-7.0000000000000115,-61.991853071795860,76.546735572109510
0,1,27,-96.115401346783630,-123.11540134678361,-63.671853071795860,80.730486503569890
0,1,28,20.000000000000000,-76.582294584819380,-63.461853071795865,24.751632579659320
0,1,29,12.673961167307178,0.32603883269282274,2.7057437488975190,-1.0000000000000000
0,1,30,-398.65999896694166,-6.9999999999999750,-63.041853071795860,-1.0000000000000000
0,1,31,-32.000000000000014,-59.000000000000000,-62.831853071795870,-1.0000000000000000
0,1,32,20.000000000000000,-85.708517769743900,-62.621853071795860,-1.0000000000000000
0,1,33,2.0836273058356163,10.916372694164385,-62.411853071795870,166.55948899547258
0,1,34,67.204786894115430,-7.0000000000000036,-62.201853071795860,83.171409639872460
0,1,35,1689.3616251361620,1662.3616251361618,-61.991853071795866,2306.2881789646670
0,1,36,20.000000000000000,-243.65749925546143,-63.671853071795866,254.69583236448005
0,1,37,243.64558403292074,-230.64558403292077,-63.461853071795870,301.53129878196796
0,1,38,49.232497890002236,-7.0000000000000020,-63.251853071795860,-1.0000000000000000
0,1,39,-46.137505877044800,-73.137505877044790,-63.041853071795860,106.19551239057652
0,1,40,20.000000000000000,-50.000000000000000,-62.831853071795860,20.000000000000000
0,1,41,77.461115215713830,-64.461115215713850,-62.621853071795870,-1.0000000000000000
0,1,42,-58.189609188668710,-6.9999999999999960,-62.411853071795860,100.54923103101977
0,1,43,-73.831995161491220,-100.83199516149121,-62.201853071795860,-1.0000000000000000
0,1,44,20.000000000000000,-191.03220531299990,-61.991853071795860,-1.0000000000000000
0,1,45,-1948.8045956647331,1961.8045956647334,-63.671853071795866,-1.0000000000000000
0,1,46,-50.746471736372900,-6.9999999999999964,-63.461853071795865,-1.0000000000000000
0,1,47,35.245990305596760,8.2459903055967630,2.4687812097807877,-1.0000000000000000
0,1,48,20.000000000000000,-78.234215545049720,-63.041853071795860,173.81863644662826
0,1,49,53.999999999999986,-40.999999999999990,-62.831853071795860,53.999999999999986
0,1,50,304.82603709262390,-7.0000000000000180,-62.621853071795860,158.30382737573500
0,1,51,99.355175775152740,72.355175775152730,-62.411853071795870,273.08969013452800
0,1,52,20.000000000000000,-23.417705415180620,0.75146468651087650,24.751632579659322
0,1,53,102.73280819893300,-89.732808198933010,-61.991853071795866,-1.0000000000000000
0,1,54,-175.99422653653932,-6.9999999999999885,-63.671853071795860,-1.0000000000000000
0,1,55,-4.6266449904754300,-31.626644990475423,-63.461853071795865,-1.0000000000000000
0,1,56,20.000000000000000,24.054431016997363,-63.251853071795864,-1.0000000000000000
0,1,57,99.092098818599780,-86.092098818599800,-63.041853071795860,254.68734686045758
0,1,58,4.0828098382988422e+17,-32.000000000000000,-62.831853071795855,-1.0000000000000000
0,1,59,-45.715220500328456,-72.715220500328440,-62.621853071795860,-1.0000000000000000
0,1,60,20.000000000000000,45.917332868381166,-62.411853071795860,186.18120589857770
0,1,61,24.289886199995976,-11.289886199995980,0.55696006045958890,30.060716931201892
0,1,62,168.82340542301122,-7.0000000000000100,-61.991853071795860,28.201428894987690
0,1,63,-79.099212298399540,-106.09921229839952,-63.671853071795860,106.22432434680249
0,1,64,20.000000000000000,-40.582294584819380,-63.461853071795865,24.751632579659320
0,1,65,-52.375215121863064,65.375215121863080,-63.251853071795864,-1.0000000000000000
0,1,66,-229.75886759317000,-6.9999999999999850,-63.041853071795860,-1.0000000000000000
0,1,67,3.9999999999999964,-23.000000000000000,-0.16324981154984197,3.9999999999999876
0,1,68,20.000000000000000,-49.708517769743910,-62.621853071795860,-1.0000000000000000
0,1,69,-22.802784435119293,35.802784435119290,-62.411853071795870,139.30429988712254
0,1,70,17.829841420887767,-7.0000000000000000,0.62070476061908490,22.065884190170248
0,1,71,1378.0300605018822,1351.0300605018820,-61.991853071795866,1839.8478731066440
0,1,72,20.000000000000000,-207.65749925546143,-63.671853071795866,254.69583236448005
0,1,73,110.74799274223670,-97.747992742236720,-63.461853071795870,137.05968126453092
0,1,74,129.84649957800048,-7.0000000000000070,-63.251853071795860,-1.0000000000000000
0,1,75,-16.462507556200470,-43.462507556200464,-63.041853071795860,136.53708735931266
0,1,76,20.000000000000000,-14.000000000000000,0.087277712949461450,20.000000000000004
0,1,77,47.786116894869490,-34.786116894869494,-62.621853071795870,-1.0000000000000000
0,1,78,-138.80361087666690,-6.9999999999999900,-62.411853071795860,12.262101345246352
0,1,79,59.065596129192926,32.065596129192926,-62.201853071795860,73.098496674416580
0,1,80,20.000000000000000,-155.03220531299990,-61.991853071795860,-1.0000000000000000
0,1,81,-1637.4730310304526,1650.4730310304528,-63.671853071795866,-1.0000000000000000
0,1,82,-1.3715262631452139,-6.9999999999999990,2.4057561643416707,-1.0000000000000000
0,1,83,60.132402046551675,33.132402046551675,-63.251853071795860,-1.0000000000000000
0,1,84,20.000000000000000,-42.234215545049720,-63.041853071795860,173.81863644662826
0,1,85,18.000000000000000,-5.0000000000000000,0.017993850955108080,18.000000000000000
0,1,86,135.92490571885233,-7.0000000000000070,-62.621853071795860,-1.0000000000000000
0,1,87,164.40435206432300,137.40435206432298,-62.411853071795870,344.33047886527440
0,1,88,20.000000000000000,12.582294584819380,0.45103810482972290,24.751632579659326
0,1,89,85.716619150548900,-72.716619150548910,-61.991853071795866,-1.0000000000000000
0,1,90,-143.72553152566294,-6.9999999999999900,-63.671853071795860,9.4004762983292110
0,1,91,16.193257466663987,-10.806742533336010,-0.69626802667506380,20.040477954134590
0,1,92,20.000000000000000,60.054431016997370,-63.251853071795864,-1.0000000000000000
0,1,93,53.340488831510044,-40.340488831510050,-63.041853071795860,207.90803825343474
0,1,94,-1.7964363288514906e+17,4.0000000000000010,-62.831853071795855,-1.0000000000000000
0,1,95,0.036389486761319034,-26.963610513238677,-62.621853071795860,-1.0000000000000000
0,1,96,20.000000000000000,81.917332868381170,-62.411853071795860,186.18120589857770
0,1,97,3.4699837428565687,9.5300162571434330,0.92012790812284650,4.2943881330288460
0,1,98,136.55471041213485,-7.0000000000000070,-61.991853071795860,-1.0000000000000000
0,1,99,-62.083023250015415,-89.083023250015400,-63.671853071795860,131.71816219003510
0,1,100,20.000000000000000,-4.5822945848193815,-0.64944945203165530,24.751632579659322
0,1,101,-117.42439141103335,130.42439141103335,-63.251853071795864,-1.0000000000000000
0,1,102,-60.857736219398330,-6.9999999999999960,-63.041853071795860,91.144627882999030
0,1,103,40.000000000000010,13.000000000000007,-62.831853071795870,40.000000000000014
0,1,104,20.000000000000000,-13.708517769743903,-3.0130198747406483,-1.0000000000000000
0,1,105,-47.689196176074210,60.689196176074220,-62.411853071795870,112.04911077877246
0,1,106,-31.545104052339894,-6.9999999999999970,-62.201853071795860,-1.0000000000000000
0,1,107,1066.6984958676020,1039.6984958676020,-61.991853071795866,1373.4075672486213
0,1,108,20.000000000000000,-171.65749925546143,-63.671853071795866,254.69583236448005
0,1,109,-22.149598548447330,35.149598548447330,-63.461853071795870,-1.0000000000000000
0,1,110,210.46050126599870,-7.0000000000000120,-63.251853071795860,66.215347264330150
0,1,111,13.212490764643887,-13.787509235356110,-0.29911469598647410,166.87866232804882
0,1,112,20.000000000000000,22.000000000000000,-62.831853071795860,20.000000000000004
0,1,113,18.111118574025140,-5.1111185740251415,-2.9547388836436665,-1.0000000000000000
0,1,114,-219.41761256466510,-6.9999999999999860,-62.411853071795860,-1.0000000000000000
0,1,115,191.96318741987707,164.96318741987704,-62.201853071795860,237.57011419185392
0,1,116,20.000000000000000,-119.03220531299990,-61.991853071795860,-1.0000000000000000
0,1,117,-1326.1414663961718,1339.1414663961720,-63.671853071795866,-1.0000000000000000
0,1,118,48.003419210082470,-7.0000000000000020,-63.461853071795865,59.408149742766060
0,1,119,85.018813787506600,58.018813787506590,-63.251853071795860,-1.0000000000000000
0,1,120,20.000000000000000,-6.2342155450497220,-0.21913824695762710,173.81863644662826
0,1,121,-18.000000000000000,31.000000000000004,-62.831853071795860,-1.0000000000000000
0,1,122,-32.976225654919260,-6.9999999999999970,-62.621853071795860,-1.0000000000000000
0,1,123,229.45352835349337,202.45352835349334,-62.411853071795870,415.57126759602090
0,1,124,20.000000000000000,48.582294584819380,-62.201853071795860,24.751632579659333
0,1,125,68.700430102164790,-55.700430102164790,-61.991853071795866,-1.0000000000000000
0,1,126,-111.45683651478652,-6.9999999999999920,-63.671853071795860,57.745782975451036
0,1,127,37.013159923803400,10.013159923803400,-0.35639566449568160,45.806806752307650
0,1,128,20.000000000000000,96.054431016997370,-63.251853071795864,-1.0000000000000000
0,1,129,7.5888788444203090,5.4111211555796930,-0.13792445242102258,161.12872964641198
0,1,130,-7.6756824960018240e+17,40.000000000000000,-62.831853071795855,-1.0000000000000000
0,1,131,45.787999473851116,18.787999473851110,-62.621853071795860,-1.0000000000000000
0,1,132,20.000000000000000,117.91733286838117,-62.411853071795860,186.18120589857770
0,1,133,-17.349918714282843,30.349918714282847,-62.201853071795870,-1.0000000000000000
0,1,134,104.28601540125845,-7.0000000000000050,-61.991853071795860,-1.0000000000000000
0,1,135,-45.066834201631295,-72.066834201631280,-63.671853071795860,157.21200003326769
0,1,136,20.000000000000000,31.417705415180620,-63.461853071795865,24.751632579659326
0,1,137,-182.47356770020363,195.47356770020366,-63.251853071795864,-1.0000000000000000
0,1,138,108.04339515437340,-7.0000000000000050,-63.041853071795860,263.83971229289210
0,1,139,76.000000000000010,49.000000000000010,-62.831853071795870,76.000000000000030
0,1,140,20.000000000000000,22.291482230256097,-62.621853071795860,-1.0000000000000000
0,1,141,-72.575607917029130,85.575607917029150,-62.411853071795870,84.793921670422400
0,1,142,-80.920049525567550,-6.9999999999999940,-62.201853071795860,-1.0000000000000000
0,1,143,755.36693123332210,728.36693123332200,-61.991853071795866,906.96726139059920
0,1,144,20.000000000000000,-135.65749925546143,-63.671853071795866,254.69583236448005
0,1,145,-155.04718983913133,168.04718983913136,-63.461853071795870,-1.0000000000000000
0,1,146,291.07450295399690,-7.0000000000000170,-63.251853071795860,154.50247695010360
0,1,147,42.887489085488220,15.887489085488216,-63.041853071795860,197.22023729678503
0,1,148,20.000000000000000,58.000000000000000,-62.831853071795860,20.000000000000007
0,1,149,-11.563879746819202,24.563879746819207,-62.621853071795870,-1.0000000000000000
0,1,150,-300.03161425266325,-6.9999999999999805,-62.411853071795860,-1.0000000000000000
0,1,151,324.86077871056120,297.86077871056114,-62.201853071795860,402.04173170929135
0,1,152,20.000000000000000,-83.032205312999900,-61.991853071795860,-1.0000000000000000
0,1,153,-1014.8099017618911,1027.8099017618910,-63.671853071795866,-1.0000000000000000
0,1,154,97.378364683310150,-7.0000000000000050,-63.461853071795865,120.51367519246828
0,1,155,109.90522552846153,82.905225528461510,-63.251853071795860,-1.0000000000000000
0,1,156,20.000000000000000,29.765784454950280,-63.041853071795860,173.81863644662826
0,1,157,-53.999999999999990,67.000000000000000,-62.831853071795860,-1.0000000000000000
0,1,158,-201.87735702869088,-6.9999999999999870,-62.621853071795860,-1.0000000000000000
0,1,159,294.50270464266360,267.50270464266356,-62.411853071795870,486.81205632676733
0,1,160,20.000000000000000,84.582294584819380,-62.201853071795860,24.751632579659333
0,1,161,51.684241053780674,-38.684241053780680,-61.991853071795866,-1.0000000000000000
0,1,162,-79.188141503910150,-6.9999999999999950,-63.671853071795860,106.09108965257288
0,1,163,57.833062380942820,30.833062380942813,-63.461853071795865,71.573135550480700
0,1,164,20.000000000000000,132.05443101699737,-63.251853071795864,-1.0000000000000000
0,1,165,-38.162731142669436,51.162731142669440,-63.041853071795860,114.34942103938916
0,1,166,-1.3554928663152156e+18,76.000000000000000,-62.831853071795855,-1.0000000000000000
0,1,167,91.539609460940880,64.539609460940870,-62.621853071795860,-1.0000000000000000
0,1,168,20.000000000000000,153.91733286838115,-62.411853071795860,186.18120589857770
0,1,169,-38.169821171422260,51.169821171422264,-62.201853071795870,-1.0000000000000000
0,1,170,72.017320390382070,-7.0000000000000036,-61.991853071795860,-1.0000000000000000
0,1,171,-28.050645153247185,-55.050645153247174,-63.671853071795860,182.70583787650028
0,1,172,20.000000000000000,67.417705415180620,-63.461853071795865,24.751632579659326
0,1,173,-247.52274398937388,260.52274398937390,-63.251853071795864,-1.0000000000000000
0,1,174,276.94452652814505,-7.0000000000000160,-63.041853071795860,436.53479670278523
0,1,175,112.00000000000000,84.999999999999990,-62.831853071795870,112.00000000000006
0,1,176,20.000000000000000,58.291482230256090,-62.621853071795860,-1.0000000000000000
0,1,177,-97.462019657984020,110.46201965798403,-62.411853071795870,57.538732562072370
0,1,178,-130.29499499879520,-6.9999999999999910,-62.201853071795860,-1.0000000000000000
0,1,179,444.03536659904210,417.03536659904205,-61.991853071795866,440.52695553257640
0,2,0,20.000000000000000,-279.65749925546140,1.1594871490076466,254.69583236448005
0,2,1,376.54317532360470,-363.54317532360477,-0.70673409403341150,466.00291629940510
0,2,2,-31.381503797995947,-6.9999999999999970,2.5821520466307130,-1.0000000000000000
0,2,3,-75.812504197889140,-102.81250419788913,-1.5928601699689553,75.853937421840360
0,2,4,20.000000000000000,-86.000000000000000,0.77910893814474090,20.000000000000000
0,2,5,107.13611353655817,-94.136113536558180,-1.6279548047877253,-1.0000000000000000
0,2,6,22.424392499329485,-7.0000000000000010,0.42509621174447030,188.83636071679317
0,2,7,-206.72958645217534,-233.72958645217530,-2.4521338597464193,-1.0000000000000000
0,2,8,20.000000000000000,-227.03220531299990,2.1197793032211156,-1.0000000000000000
0,2,9,-2260.1361602990140,2273.1361602990146,2.3391323746001405,-1.0000000000000000
0,2,10,-100.12141720960058,-6.9999999999999930,1.4415297287203468,-1.0000000000000000
0,2,11,10.359578564641824,-16.640421435358170,2.8613369847778225,-1.0000000000000000
0,2,12,20.000000000000000,-114.23421554504972,0.84516150453387280,173.81863644662826
0,2,13,90.000000000000000,-77.000000000000000,-0.36509186004067340,89.999999999999990
0,2,14,473.72716846639550,-7.0000000000000280,2.3460384809372860,330.99891178562797
0,2,15,34.305999485982454,7.3059994859824510,0.44976755316668270,201.84890140378155
0,2,16,20.000000000000000,-59.417705415180620,0.94521551712659390,24.751632579659320
0,2,17,119.74899724731713,-106.74899724731715,-1.2882868622308576,-1.0000000000000000
0,2,18,-208.26292154741571,-6.9999999999999870,0.47241158461967725,-1.0000000000000000
0,2,19,-25.446547447614837,-52.446547447614830,3.1212134955709640,-1.0000000000000000
0,2,20,20.000000000000000,-11.945568983002637,2.6712538792547640,-1.0000000000000000
0,2,21,144.84370880568952,-131.84370880568954,-0.52470956536910250,301.46665546748040
0,2,22,9.9620560054491763e+17,-68.000000000000000,2.2204460492503130e-16,-1.0000000000000000
0,2,23,-91.466830487418240,-118.46683048741822,-2.6335741101138900,-1.0000000000000000
0,2,24,20.000000000000000,9.9173328683811660,0.23091230197216056,186.18120589857770
0,2,25,45.109788657135380,-32.109788657135390,0.24457891092035988,55.827045729374930
0,2,26,201.09210043388760,-7.0000000000000115,2.5101223150139687,76.546735572109510
0,2,27,-96.115401346783630,-123.11540134678361,-1.9131218961310780,80.730486503569890
0,2,28,20.000000000000000,-76.582294584819380,0.13974707177890014,24.751632579659320
0,2,29,12.673961167307178,0.32603883269282274,2.7057437488975190,-1.0000000000000000
0,2,30,-398.65999896694166,-6.9999999999999750,1.0744623151295722,-1.0000000000000000
0,2,31,-32.000000000000014,-59.000000000000000,-2.8365319945960406,-1.0000000000000000
0,2,32,20.000000000000000,-85.708517769743900,2.4849658338190053,-1.0000000000000000
0,2,33,2.0836273058356163,10.916372694164385,0.71963441984657210,166.55948899547258
0,2,34,67.204786894115430,-7.0000000000000036,0.90745895085814100,83.171409639872460
0,2,35,1689.3616251361620,1662.3616251361618,0.80631271801523470,2306.2881789646670
0,2,36,20.000000000000000,-243.65749925546143,1.0735631013227092,254.69583236448005
0,2,37,243.64558403292074,-230.64558403292077,-0.68895591421149400,301.53129878196796
0,2,38,49.232497890002236,-7.0000000000000020,2.7750214883424444,-1.0000000000000000
0,2,39,-46.137505877044800,-73.137505877044790,-1.2653471094950977,106.19551239057652
0,2,40,20.000000000000000,-50.000000000000000,0.49319565690269990,20.000000000000000
0,2,41,77.461115215713830,-64.461115215713850,-2.0043082113898770,-1.0000000000000000
0,2,42,-58.189609188668710,-6.9999999999999960,0.30141072293754820,100.54923103101977
0,2,43,-73.831995161491220,-100.83199516149121,-2.4799077119201405,-1.0000000000000000
0,2,44,20.000000000000000,-191.03220531299990,2.2718233376840855,-1.0000000000000000
0,2,45,-1948.8045956647331,1961.8045956647334,2.3373643509701110,-1.0000000000000000
0,2,46,-50.746471736372900,-6.9999999999999964,2.0241478559146430,-1.0000000000000000
0,2,47,35.245990305596760,8.2459903055967630,2.4687812097807877,-1.0000000000000000
0,2,48,20.000000000000000,-78.234215545049720,0.59531794763139910,173.81863644662826
0,2,49,53.999999999999986,-40.999999999999990,-0.22709106080099994,53.999999999999986
0,2,50,304.82603709262390,-7.0000000000000180,0.72383847338326490,158.30382737573500
0,2,51,99.355175775152740,72.355175775152730,0.54139553912108780,273.08969013452800
0,2,52,20.000000000000000,-23.417705415180620,0.75146468651087650,24.751632579659322
0,2,53,102.73280819893300,-89.732808198933010,-1.3681564263006463,-1.0000000000000000
0,2,54,-175.99422653653932,-6.9999999999999885,0.57191709722612800,-1.0000000000000000
0,2,55,-4.6266449904754300,-31.626644990475423,2.8907130478820110,-1.0000000000000000
0,2,56,20.000000000000000,24.054431016997363,3.0832667250724160,-1.0000000000000000
0,2,57,99.092098818599780,-86.092098818599800,-0.45752941946431624,254.68734686045758
0,2,58,4.0828098382988422e+17,-32.000000000000000,0.0000000000000000,-1.0000000000000000
0,2,59,-45.715220500328456,-72.715220500328440,-2.7104846785844410,-1.0000000000000000
0,2,60,20.000000000000000,45.917332868381166,-0.21167495068784570,186.18120589857770
0,2,61,24.289886199995976,-11.289886199995980,0.55696006045958890,30.060716931201892
0,2,62,168.82340542301122,-7.0000000000000100,2.3378354663784475,28.201428894987690
0,2,63,-79.099212298399540,-106.09921229839952,-1.8506246182369157,106.22432434680249
0,2,64,20.000000000000000,-40.582294584819380,-0.29999981502148540,24.751632579659320
0,2,65,-52.375215121863064,65.375215121863080,2.6076131335168777,-1.0000000000000000
0,2,66,-229.75886759317000,-6.9999999999999850,2.5743683464701410,-1.0000000000000000
0,2,67,3.9999999999999964,-23.000000000000000,-0.16324981154984197,3.9999999999999876
0,2,68,20.000000000000000,-49.708517769743910,2.8312421403997385,-1.0000000000000000
0,2,69,-22.802784435119293,35.802784435119290,1.1433576704774020,139.30429988712254
0,2,70,17.829841420887767,-7.0000000000000000,0.62070476061908490,22.065884190170248
0,2,71,1378.0300605018822,1351.0300605018820,0.80903274451962700,1839.8478731066440
0,2,72,20.000000000000000,-207.65749925546143,0.94803343573888350,254.69583236448005
0,2,73,110.74799274223670,-97.747992742236720,-0.66084921518015750,137.05968126453092
0,2,74,129.84649957800048,-7.0000000000000070,2.8715283104933110,-1.0000000000000000
0,2,75,-16.462507556200470,-43.462507556200464,-0.78135932633506220,136.53708735931266
0,2,76,20.000000000000000,-14.000000000000000,0.087277712949461450,20.000000000000004
0,2,77,47.786116894869490,-34.786116894869494,-2.5123304370679330,-1.0000000000000000
0,2,78,-138.80361087666690,-6.9999999999999900,0.23244541414419740,12.262101345246352
0,2,79,59.065596129192926,32.065596129192926,0.64496178276038220,73.098496674416580
0,2,80,20.000000000000000,-155.03220531299990,2.5079100684619610,-1.0000000000000000
0,2,81,-1637.4730310304526,1650.4730310304528,2.3351876142560046,-1.0000000000000000
0,2,82,-1.3715262631452139,-6.9999999999999990,2.4057561643416707,-1.0000000000000000
0,2,83,60.132402046551675,33.132402046551675,2.0402731549767075,-1.0000000000000000
0,2,84,20.000000000000000,-42.234215545049720,0.22348850870438070,173.81863644662826
0,2,85,18.000000000000000,-5.0000000000000000,0.017993850955108080,18.000000000000000
0,2,86,135.92490571885233,-7.0000000000000070,-2.9801633688479434,-1.0000000000000000
0,2,87,164.40435206432300,137.40435206432298,0.59421041337149650,344.33047886527440
0,2,88,20.000000000000000,12.582294584819380,0.45103810482972290,24.751632579659326
0,2,89,85.716619150548900,-72.716619150548910,-1.4734799578336304,-1.0000000000000000
0,2,90,-143.72553152566294,-6.9999999999999900,-0.32755775123969144,9.4004762983292110
0,2,91,16.193257466663987,-10.806742533336010,-0.69626802667506380,20.040477954134590
0,2,92,20.000000000000000,60.054431016997370,-2.7683417652673037,-1.0000000000000000
0,2,93,53.340488831510044,-40.340488831510050,-0.34666583905915593,207.90803825343474
0,2,94,-1.7964363288514906e+17,4.0000000000000010,3.1415926535897930,-1.0000000000000000
0,2,95,0.036389486761319034,-26.963610513238677,-2.8418319699978944,-1.0000000000000000
0,2,96,20.000000000000000,81.917332868381170,-0.58677444795786800,186.18120589857770
0,2,97,3.4699837428565687,9.5300162571434330,0.92012790812284650,4.2943881330288460
0,2,98,136.55471041213485,-7.0000000000000070,-2.7397748339334718,-1.0000000000000000
0,2,99,-62.083023250015415,-89.083023250015400,-1.7699389018098640,131.71816219003510
0,2,100,20.000000000000000,-4.5822945848193815,-0.64944945203165530,24.751632579659322
0,2,101,-117.42439141103335,130.42439141103335,2.5519427285878330,-1.0000000000000000
0,2,102,-60.857736219398330,-6.9999999999999960,-0.17359897378879818,91.144627882999030
0,2,103,40.000000000000010,13.000000000000007,0.14910618002747710,40.000000000000014
0,2,104,20.000000000000000,-13.708517769743903,-3.0130198747406483,-1.0000000000000000
0,2,105,-47.689196176074210,60.689196176074220,1.4686228839542950,112.04911077877246
0,2,106,-31.545104052339894,-6.9999999999999970,-2.1995531956555583,-1.0000000000000000
0,2,107,1066.6984958676020,1039.6984958676020,0.81256584228474440,1373.4075672486213
0,2,108,20.000000000000000,-171.65749925546143,0.75585152408510260,254.69583236448005
0,2,109,-22.149598548447330,35.149598548447330,2.4955707078873135,-1.0000000000000000
0,2,110,210.46050126599870,-7.0000000000000120,-1.7113419937142886,66.215347264330150
0,2,111,13.212490764643887,-13.787509235356110,-0.29911469598647410,166.87866232804882
0,2,112,20.000000000000000,22.000000000000000,-0.34776698785701526,20.000000000000004
0,2,113,18.111118574025140,-5.1111185740251415,-2.9547388836436665,-1.0000000000000000
0,2,114,-219.41761256466510,-6.9999999999999860,-0.92509576302594000,-1.0000000000000000
0,2,115,191.96318741987707,164.96318741987704,0.67967177183679080,237.57011419185392
0,2,116,20.000000000000000,-119.03220531299990,2.8641660295358040,-1.0000000000000000
0,2,117,-1326.1414663961718,1339.1414663961720,2.3324419497620497,-1.0000000000000000
0,2,118,48.003419210082470,-7.0000000000000020,-0.77477096114531290,59.408149742766060
0,2,119,85.018813787506600,58.018813787506590,1.7020261129259526,-1.0000000000000000
0,2,120,20.000000000000000,-6.2342155450497220,-0.21913824695762710,173.81863644662826
0,2,121,-18.000000000000000,31.000000000000004,2.8952710339291965,-1.0000000000000000
0,2,122,-32.976225654919260,-6.9999999999999970,-2.8983370466855600,-1.0000000000000000
0,2,123,229.45352835349337,202.45352835349334,0.62838560060373800,415.57126759602090
0,2,124,20.000000000000000,48.582294584819380,0.034322562812046487,24.751632579659333
0,2,125,68.700430102164790,-55.700430102164790,-1.6148454996586210,-1.0000000000000000
0,2,126,-111.45683651478652,-6.9999999999999920,-0.37512289499154505,57.745782975451036
0,2,127,37.013159923803400,10.013159923803400,-0.35639566449568160,45.806806752307650
0,2,128,20.000000000000000,96.054431016997370,-2.4419908912605344,-1.0000000000000000
0,2,129,7.5888788444203090,5.4111211555796930,-0.13792445242102258,161.12872964641198
0,2,130,-7.6756824960018240e+17,40.000000000000000,3.1415926535897930,-1.0000000000000000
0,2,131,45.787999473851116,18.787999473851110,-3.1004418138439340,-1.0000000000000000
0,2,132,20.000000000000000,117.91733286838117,-0.83967099115939400,186.18120589857770
0,2,133,-17.349918714282843,30.349918714282847,-3.0411681523196600,-1.0000000000000000
0,2,134,104.28601540125845,-7.0000000000000050,-2.6677262894202656,-1.0000000000000000
0,2,135,-45.066834201631295,-72.066834201631280,-1.6634539338442850,157.21200003326769
0,2,136,20.000000000000000,31.417705415180620,-0.87986679300342260,24.751632579659326
0,2,137,-182.47356770020363,195.47356770020366,2.5162826523552315,-1.0000000000000000
0,2,138,108.04339515437340,-7.0000000000000050,-0.27158184766034577,263.83971229289210
0,2,139,76.000000000000010,49.000000000000010,0.31973234223640024,76.000000000000030
0,2,140,20.000000000000000,22.291482230256097,-2.6165433175429030,-1.0000000000000000
0,2,141,-72.575607917029130,85.575607917029150,1.6829891586189958,84.793921670422400
0,2,142,-80.920049525567550,-6.9999999999999940,-1.6803811909901825,-1.0000000000000000
0,2,143,755.36693123332210,728.36693123332200,0.81734049364488050,906.96726139059920
0,2,144,20.000000000000000,-135.65749925546143,0.45769915285091350,254.69583236448005
0,2,145,-155.04718983913133,168.04718983913136,2.4613171971237042,-1.0000000000000000
0,2,146,291.07450295399690,-7.0000000000000170,-2.4254844169048893,154.50247695010360
0,2,147,42.887489085488220,15.887489085488216,0.025909000571498808,197.22023729678503
0,2,148,20.000000000000000,58.000000000000000,-0.68231655487474810,20.000000000000007
0,2,149,-11.563879746819202,24.563879746819207,3.0482419596564783,-1.0000000000000000
0,2,150,-300.03161425266325,-6.9999999999999805,-0.51642258471235000,-1.0000000000000000
0,2,151,324.86077871056120,297.86077871056114,0.70065734213250950,402.04173170929135
0,2,152,20.000000000000000,-83.032205312999900,-2.9778423508977454,-1.0000000000000000
0,2,153,-1014.8099017618911,1027.8099017618910,2.3288708419532610,-1.0000000000000000
0,2,154,97.378364683310150,-7.0000000000000050,-1.1865913907465746,120.51367519246828
0,2,155,109.90522552846153,82.905225528461510,1.4773847286280917,-1.0000000000000000
0,2,156,20.000000000000000,29.765784454950280,-0.59217805841641810,173.81863644662826
0,2,157,-53.999999999999990,67.000000000000000,2.7650303618351770,-1.0000000000000000
0,2,158,-201.87735702869088,-6.9999999999999870,-2.6610399029454470,-1.0000000000000000
0,2,159,294.50270464266360,267.50270464266356,0.65225733460522850,486.81205632676733
0,2,160,20.000000000000000,84.582294584819380,-0.39393643246155496,24.751632579659333
0,2,161,51.684241053780674,-38.684241053780680,-1.8049928940966450,-1.0000000000000000
0,2,162,-79.188141503910150,-6.9999999999999950,-0.43781992274469683,106.09108965257288
0,2,163,57.833062380942820,30.833062380942813,-0.095323508271475180,71.573135550480700
0,2,164,20.000000000000000,132.05443101699737,-2.2296244086523815,-1.0000000000000000
0,2,165,-38.162731142669436,51.162731142669440,0.31094996576045530,114.34942103938916
0,2,166,-1.3554928663152156e+18,76.000000000000000,-1.7763568394002505e-15,-1.0000000000000000
0,2,167,91.539609460940880,64.539609460940870,2.6265143594707910,-1.0000000000000000
0,2,168,20.000000000000000,153.91733286838115,-1.0021780593498130,186.18120589857770
0,2,169,-38.169821171422260,51.169821171422264,3.0571391749425754,-1.0000000000000000
0,2,170,72.017320390382070,-7.0000000000000036,-2.5676165987835673,-1.0000000000000000
0,2,171,-28.050645153247185,-55.050645153247174,-1.5204626154717769,182.70583787650028
0,2,172,20.000000000000000,67.417705415180620,-1.0284300748265476,24.751632579659326
0,2,173,-247.52274398937388,260.52274398937390,2.4915455649626780,-1.0000000000000000
0,2,174,276.94452652814505,-7.0000000000000160,-0.59424770998962460,436.53479670278523
0,2,175,112.00000000000000,84.999999999999990,0.42158966165370250,112.00000000000006
0,2,176,20.000000000000000,58.291482230256090,-2.3417638284931344,-1.0000000000000000
0,2,177,-97.462019657984020,110.46201965798403,1.8228919933756247,57.538732562072370
0,2,178,-130.29499499879520,-6.9999999999999910,-1.1014362039625691,-1.0000000000000000
0,2,179,444.03536659904210,417.03536659904205,0.82415023243323770,440.52695553257640
1,0,0,20.000000000000000,-279.65749925546140,999.00000000000000,254.69583236448005
1,0,1,376.54317532360470,-363.54317532360477,999.78539816339740,466.00291629940510
1,0,2,-31.381503797995947,-6.9999999999999970,1000.5707963267950,-1.0000000000000000
1,0,3,-75.812504197889140,-102.81250419788913,1001.3561944901924,75.853937421840360
1,0,4,20.000000000000000,-86.000000000000000,999.00000000000000,20.000000000000000
1,0,5,107.13611353655817,-94.136113536558180,999.78539816339740,-1.0000000000000000
1,0,6,22.424392499329485,-7.0000000000000010,1000.5707963267950,188.83636071679317
1,0,7,-206.72958645217534,-233.72958645217530,1001.3561944901924,-1.0000000000000000
1,0,8,20.000000000000000,-227.03220531299990,999.00000000000000,-1.0000000000000000
1,0,9,-2260.1361602990140,2273.1361602990146,999.78539816339740,-1.0000000000000000
1,0,10,-100.12141720960058,-6.9999999999999930,1000.5707963267950,-1.0000000000000000
1,0,11,10.359578564641824,-16.640421435358170,1001.3561944901924,-1.0000000000000000
1,0,12,20.000000000000000,-114.23421554504972,999.00000000000000,173.81863644662826
1,0,13,90.000000000000000,-77.000000000000000,999.78539816339740,89.999999999999990
1,0,14,473.72716846639550,-7.0000000000000280,1000.5707963267950,330.99891178562797
1,0,15,34.305999485982454,7.3059994859824510,1.1210287736282143,201.84890140378155
1,0,16,20.000000000000000,-59.417705415180620,999.00000000000000,24.751632579659320
1,0,17,119.74899724731713,-106.74899724731715,999.78539816339740,-1.0000000000000000
1,0,18,-208.26292154741571,-6.9999999999999870,1000.5707963267950,-1.0000000000000000
1,0,19,-25.446547447614837,-52.446547447614830,1001.3561944901924,-1.0000000000000000
1,0,20,20.000000000000000,-11.945568983002637,0.47033877433502885,-1.0000000000000000
1,0,21,144.84370880568952,-131.84370880568954,999.78539816339740,301.46665546748040
1,0,22,9.9620560054491763e+17,-68.000000000000000,1000.5707963267950,-1.0000000000000000
1,0,23,-91.466830487418240,-118.46683048741822,1001.3561944901924,-1.0000000000000000
1,0,24,20.000000000000000,9.9173328683811660,999.00000000000000,186.18120589857770
1,0,25,45.109788657135380,-32.109788657135390,999.78539816339740,55.827045729374930
1,0,26,201.09210043388760,-7.0000000000000115,1000.5707963267950,76.546735572109510
1,0,27,-96.115401346783630,-123.11540134678361,1001.3561944901924,80.730486503569890
1,0,28,20.000000000000000,-76.582294584819380,999.00000000000000,24.751632579659320
1,0,29,12.673961167307178,0.32603883269282274,2.0066452314871706,-1.0000000000000000
1,0,30,-398.65999896694166,-6.9999999999999750,1000.5707963267950,-1.0000000000000000
1,0,31,-32.000000000000014,-59.000000000000000,1001.3561944901924,-1.0000000000000000
1,0,32,20.000000000000000,-85.708517769743900,999.00000000000000,-1.0000000000000000
1,0,33,2.0836273058356163,10.916372694164385,999.78539816339740,166.55948899547258
1,0,34,67.204786894115430,-7.0000000000000036,1000.5707963267950,83.171409639872460
1,0,35,1689.3616251361620,1662.3616251361618,1001.3561944901924,2306.2881789646670
1,0,36,20.000000000000000,-243.65749925546143,999.00000000000000,254.69583236448005
1,0,37,243.64558403292074,-230.64558403292077,999.78539816339740,301.53129878196796
1,0,38,49.232497890002236,-7.0000000000000020,1000.5707963267950,-1.0000000000000000
1,0,39,-46.137505877044800,-73.137505877044790,1001.3561944901924,106.19551239057652
1,0,40,20.000000000000000,-50.000000000000000,999.00000000000000,20.000000000000000
1,0,41,77.461115215713830,-64.461115215713850,999.78539816339740,-1.0000000000000000
1,0,42,-58.189609188668710,-6.9999999999999960,1000.5707963267950,100.54923103101977
1,0,43,-73.831995161491220,-100.83199516149121,1001.3561944901924,-1.0000000000000000
1,0,44,20.000000000000000,-191.03220531299990,999.00000000000000,-1.0000000000000000
1,0,45,-1948.8045956647331,1961.8045956647334,999.78539816339740,-1.0000000000000000
1,0,46,-50.746471736372900,-6.9999999999999964,1000.5707963267950,-1.0000000000000000
1,0,47,35.245990305596760,8.2459903055967630,1001.3561944901924,-1.0000000000000000
1,0,48,20.000000000000000,-78.234215545049720,999.00000000000000,173.81863644662826
1,0,49,53.999999999999986,-40.999999999999990,999.78539816339740,53.999999999999986
1,0,50,304.82603709262390,-7.0000000000000180,1000.5707963267950,158.30382737573500
1,0,51,99.355175775152740,72.355175775152730,1001.3561944901924,273.08969013452800
1,0,52,20.000000000000000,-23.417705415180620,999.00000000000000,24.751632579659322
1,0,53,102.73280819893300,-89.732808198933010,999.78539816339740,-1.0000000000000000
1,0,54,-175.99422653653932,-6.9999999999999885,1000.5707963267950,-1.0000000000000000
1,0,55,-4.6266449904754300,-31.626644990475423,1001.3561944901924,-1.0000000000000000
1,0,56,20.000000000000000,24.054431016997363,999.00000000000000,-1.0000000000000000
1,0,57,99.092098818599780,-86.092098818599800,999.78539816339740,254.68734686045758
1,0,58,4.0828098382988422e+17,-32.000000000000000,1000.5707963267950,-1.0000000000000000
1,0,59,-45.715220500328456,-72.715220500328440,1001.3561944901924,-1.0000000000000000
1,0,60,20.000000000000000,45.917332868381166,999.00000000000000,186.18120589857770
1,0,61,24.289886199995976,-11.289886199995980,999.78539816339740,30.060716931201892
1,0,62,168.82340542301122,-7.0000000000000100,1000.5707963267950,28.201428894987690
1,0,63,-79.099212298399540,-106.09921229839952,1001.3561944901924,106.22432434680249
1,0,64,20.000000000000000,-40.582294584819380,999.00000000000000,24.751632579659320
1,0,65,-52.375215121863064,65.375215121863080,999.78539816339740,-1.0000000000000000
1,0,66,-229.75886759317000,-6.9999999999999850,1000.5707963267950,-1.0000000000000000
1,0,67,3.9999999999999964,-23.000000000000000,1.7340461383447385,3.9999999999999876
1,0,68,20.000000000000000,-49.708517769743910,999.00000000000000,-1.0000000000000000
1,0,69,-22.802784435119293,35.802784435119290,999.78539816339740,139.30429988712254
1,0,70,17.829841420887767,-7.0000000000000000,1000.5707963267950,22.065884190170248
1,0,71,1378.0300605018822,1351.0300605018820,1001.3561944901924,1839.8478731066440
1,0,72,20.000000000000000,-207.65749925546143,999.00000000000000,254.69583236448005
1,0,73,110.74799274223670,-97.747992742236720,999.78539816339740,137.05968126453092
1,0,74,129.84649957800048,-7.0000000000000070,1000.5707963267950,-1.0000000000000000
1,0,75,-16.462507556200470,-43.462507556200464,1001.3561944901924,136.53708735931266
1,0,76,20.000000000000000,-14.000000000000000,999.00000000000000,20.000000000000004
1,0,77,47.786116894869490,-34.786116894869494,999.78539816339740,-1.0000000000000000
1,0,78,-138.80361087666690,-6.9999999999999900,1000.5707963267950,12.262101345246352
1,0,79,59.065596129192926,32.065596129192926,1001.3561944901924,73.098496674416580
1,0,80,20.000000000000000,-155.03220531299990,999.00000000000000,-1.0000000000000000
1,0,81,-1637.4730310304526,1650.4730310304528,999.78539816339740,-1.0000000000000000
1,0,82,-1.3715262631452139,-6.9999999999999990,1000.5707963267950,-1.0000000000000000
1,0,83,60.132402046551675,33.132402046551675,1001.3561944901924,-1.0000000000000000
1,0,84,20.000000000000000,-42.234215545049720,999.00000000000000,173.81863644662826
1,0,85,18.000000000000000,-5.0000000000000000,999.78539816339740,18.000000000000000
1,0,86,135.92490571885233,-7.0000000000000070,1000.5707963267950,-1.0000000000000000
1,0,87,164.40435206432300,137.40435206432298,1001.3561944901924,344.33047886527440
1,0,88,20.000000000000000,12.582294584819380,999.00000000000000,24.751632579659326
1,0,89,85.716619150548900,-72.716619150548910,999.78539816339740,-1.0000000000000000
1,0,90,-143.72553152566294,-6.9999999999999900,1000.5707963267950,9.4004762983292110
1,0,91,16.193257466663987,-10.806742533336010,2.2670643534699604,20.040477954134590
1,0,92,20.000000000000000,60.054431016997370,999.00000000000000,-1.0000000000000000
1,0,93,53.340488831510044,-40.340488831510050,999.78539816339740,207.90803825343474
1,0,94,-1.7964363288514906e+17,4.0000000000000010,1000.5707963267950,-1.0000000000000000
1,0,95,0.036389486761319034,-26.963610513238677,1001.3561944901924,-1.0000000000000000
1,0,96,20.000000000000000,81.917332868381170,999.00000000000000,186.18120589857770
1,0,97,3.4699837428565687,9.5300162571434330,999.78539816339740,4.2943881330288460
1,0,98,136.55471041213485,-7.0000000000000070,1000.5707963267950,-1.0000000000000000
1,0,99,-62.083023250015415,-89.083023250015400,1001.3561944901924,131.71816219003510
1,0,100,20.000000000000000,-4.5822945848193815,999.00000000000000,24.751632579659322
1,0,101,-117.42439141103335,130.42439141103335,999.78539816339740,-1.0000000000000000
1,0,102,-60.857736219398330,-6.9999999999999960,1000.5707963267950,91.144627882999030
1,0,103,40.000000000000010,13.000000000000007,1001.3561944901924,40.000000000000014
1,0,104,20.000000000000000,-13.708517769743903,-0.12857277884914467,-1.0000000000000000
1,0,105,-47.689196176074210,60.689196176074220,999.78539816339740,112.04911077877246
1,0,106,-31.545104052339894,-6.9999999999999970,1000.5707963267950,-1.0000000000000000
1,0,107,1066.6984958676020,1039.6984958676020,1001.3561944901924,1373.4075672486213
1,0,108,20.000000000000000,-171.65749925546143,999.00000000000000,254.69583236448005
1,0,109,-22.149598548447330,35.149598548447330,999.78539816339740,-1.0000000000000000
1,0,110,210.46050126599870,-7.0000000000000120,1000.5707963267950,66.215347264330150
1,0,111,13.212490764643887,-13.787509235356110,1.8699110227813707,166.87866232804882
1,0,112,20.000000000000000,22.000000000000000,999.00000000000000,20.000000000000004
1,0,113,18.111118574025140,-5.1111185740251415,1.3839425568487702,-1.0000000000000000
1,0,114,-219.41761256466510,-6.9999999999999860,1000.5707963267950,-1.0000000000000000
1,0,115,191.96318741987707,164.96318741987704,1001.3561944901924,237.57011419185392
1,0,116,20.000000000000000,-119.03220531299990,999.00000000000000,-1.0000000000000000
1,0,117,-1326.1414663961718,1339.1414663961720,999.78539816339740,-1.0000000000000000
1,0,118,48.003419210082470,-7.0000000000000020,1000.5707963267950,59.408149742766060
1,0,119,85.018813787506600,58.018813787506590,1001.3561944901924,-1.0000000000000000
1,0,120,20.000000000000000,-6.2342155450497220,999.00000000000000,173.81863644662826
1,0,121,-18.000000000000000,31.000000000000004,999.78539816339740,-1.0000000000000000
1,0,122,-32.976225654919260,-6.9999999999999970,1000.5707963267950,-1.0000000000000000
1,0,123,229.45352835349337,202.45352835349334,1001.3561944901924,415.57126759602090
1,0,124,20.000000000000000,48.582294584819380,999.00000000000000,24.751632579659333
1,0,125,68.700430102164790,-55.700430102164790,999.78539816339740,-1.0000000000000000
1,0,126,-111.45683651478652,-6.9999999999999920,1000.5707963267950,57.745782975451036
1,0,127,37.013159923803400,10.013159923803400,1.9271919912905782,45.806806752307650
1,0,128,20.000000000000000,96.054431016997370,999.00000000000000,-1.0000000000000000
1,0,129,7.5888788444203090,5.4111211555796930,999.78539816339740,161.12872964641198
1,0,130,-7.6756824960018240e+17,40.000000000000000,1000.5707963267950,-1.0000000000000000
1,0,131,45.787999473851116,18.787999473851110,1001.3561944901924,-1.0000000000000000
1,0,132,20.000000000000000,117.91733286838117,999.00000000000000,186.18120589857770
1,0,133,-17.349918714282843,30.349918714282847,999.78539816339740,-1.0000000000000000
1,0,134,104.28601540125845,-7.0000000000000050,1000.5707963267950,-1.0000000000000000
1,0,135,-45.066834201631295,-72.066834201631280,1001.3561944901924,157.21200003326769
1,0,136,20.000000000000000,31.417705415180620,999.00000000000000,24.751632579659326
1,0,137,-182.47356770020363,195.47356770020366,999.78539816339740,-1.0000000000000000
1,0,138,108.04339515437340,-7.0000000000000050,1000.5707963267950,263.83971229289210
1,0,139,76.000000000000010,49.000000000000010,1001.3561944901924,76.000000000000030
1,0,140,20.000000000000000,22.291482230256097,999.00000000000000,-1.0000000000000000
1,0,141,-72.575607917029130,85.575607917029150,999.78539816339740,84.793921670422400
1,0,142,-80.920049525567550,-6.9999999999999940,1000.5707963267950,-1.0000000000000000
1,0,143,755.36693123332210,728.36693123332200,1001.3561944901924,906.96726139059920
1,0,144,20.000000000000000,-135.65749925546143,999.00000000000000,254.69583236448005
1,0,145,-155.04718983913133,168.04718983913136,999.78539816339740,-1.0000000000000000
1,0,146,291.07450295399690,-7.0000000000000170,1000.5707963267950,154.50247695010360
1,0,147,42.887489085488220,15.887489085488216,1001.3561944901924,197.22023729678503
1,0,148,20.000000000000000,58.000000000000000,999.00000000000000,20.000000000000007
1,0,149,-11.563879746819202,24.563879746819207,999.78539816339740,-1.0000000000000000
1,0,150,-300.03161425266325,-6.9999999999999805,1000.5707963267950,-1.0000000000000000
1,0,151,324.86077871056120,297.86077871056114,1001.3561944901924,402.04173170929135
1,0,152,20.000000000000000,-83.032205312999900,999.00000000000000,-1.0000000000000000
1,0,153,-1014.8099017618911,1027.8099017618910,999.78539816339740,-1.0000000000000000
1,0,154,97.378364683310150,-7.0000000000000050,1000.5707963267950,120.51367519246828
1,0,155,109.90522552846153,82.905225528461510,1001.3561944901924,-1.0000000000000000
1,0,156,20.000000000000000,29.765784454950280,999.00000000000000,173.81863644662826
1,0,157,-53.999999999999990,67.000000000000000,999.78539816339740,-1.0000000000000000
1,0,158,-201.87735702869088,-6.9999999999999870,1000.5707963267950,-1.0000000000000000
1,0,159,294.50270464266360,267.50270464266356,1001.3561944901924,486.81205632676733
1,0,160,20.000000000000000,84.582294584819380,999.00000000000000,24.751632579659333
1,0,161,51.684241053780674,-38.684241053780680,999.78539816339740,-1.0000000000000000
1,0,162,-79.188141503910150,-6.9999999999999950,1000.5707963267950,106.09108965257288
1,0,163,57.833062380942820,30.833062380942813,1001.3561944901924,71.573135550480700
1,0,164,20.000000000000000,132.05443101699737,999.00000000000000,-1.0000000000000000
1,0,165,-38.162731142669436,51.162731142669440,999.78539816339740,114.34942103938916
1,0,166,-1.3554928663152156e+18,76.000000000000000,1000.5707963267950,-1.0000000000000000
1,0,167,91.539609460940880,64.539609460940870,1001.3561944901924,-1.0000000000000000
1,0,168,20.000000000000000,153.91733286838115,999.00000000000000,186.18120589857770
1,0,169,-38.169821171422260,51.169821171422264,999.78539816339740,-1.0000000000000000
1,0,170,72.017320390382070,-7.0000000000000036,1000.5707963267950,-1.0000000000000000
1,0,171,-28.050645153247185,-55.050645153247174,1001.3561944901924,182.70583787650028
1,0,172,20.000000000000000,67.417705415180620,999.00000000000000,24.751632579659326
1,0,173,-247.52274398937388,260.52274398937390,999.78539816339740,-1.0000000000000000
1,0,174,276.94452652814505,-7.0000000000000160,1000.5707963267950,436.53479670278523
1,0,175,112.00000000000000,84.999999999999990,1001.3561944901924,112.00000000000006
1,0,176,20.000000000000000,58.291482230256090,999.00000000000000,-1.0000000000000000
1,0,177,-97.462019657984020,110.46201965798403,999.78539816339740,57.538732562072370
1,0,178,-130.29499499879520,-6.9999999999999910,1000.5707963267950,-1.0000000000000000
1,0,179,444.03536659904210,417.03536659904205,1001.3561944901924,440.52695553257640
1,1,0,20.000000000000000,-279.65749925546140,-63.671853071795866,254.69583236448005
1,1,1,376.54317532360470,-363.54317532360477,-63.461853071795870,466.00291629940510
1,1,2,-31.381503797995947,-6.9999999999999970,-63.251853071795860,-1.0000000000000000
1,1,3,-75.812504197889140,-102.81250419788913,-63.041853071795860,75.853937421840360
1,1,4,20.000000000000000,-86.000000000000000,-62.831853071795860,20.000000000000000
1,1,5,107.13611353655817,-94.136113536558180,-62.621853071795870,-1.0000000000000000
1,1,6,22.424392499329485,-7.0000000000000010,1000.5707963267950,188.83636071679317
1,1,7,-206.72958645217534,-233.72958645217530,-62.201853071795860,-1.0000000000000000
1,1,8,20.000000000000000,-227.03220531299990,-61.991853071795860,-1.0000000000000000
1,1,9,-2260.1361602990140,2273.1361602990146,-63.671853071795866,-1.0000000000000000
1,1,10,-100.12141720960058,-6.9999999999999930,-63.461853071795865,-1.0000000000000000
1,1,11,10.359578564641824,-16.640421435358170,1001.3561944901924,-1.0000000000000000
1,1,12,20.000000000000000,-114.23421554504972,-63.041853071795860,173.81863644662826
1,1,13,90.000000000000000,-77.000000000000000,-62.831853071795860,89.999999999999990
1,1,14,473.72716846639550,-7.0000000000000280,-62.621853071795860,330.99891178562797
1,1,15,34.305999485982454,7.3059994859824510,1.1210287736282143,201.84890140378155
1,1,16,20.000000000000000,-59.417705415180620,-62.201853071795860,24.751632579659320
1,1,17,119.74899724731713,-106.74899724731715,-61.991853071795866,-1.0000000000000000
1,1,18,-208.26292154741571,-6.9999999999999870,-63.671853071795860,-1.0000000000000000
1,1,19,-25.446547447614837,-52.446547447614830,-63.461853071795865,-1.0000000000000000
1,1,20,20.000000000000000,-11.945568983002637,0.47033877433502885,-1.0000000000000000
1,1,21,144.84370880568952,-131.84370880568954,-63.041853071795860,301.46665546748040
1,1,22,9.9620560054491763e+17,-68.000000000000000,-62.831853071795855,-1.0000000000000000
1,1,23,-91.466830487418240,-118.46683048741822,-62.621853071795860,-1.0000000000000000
1,1,24,20.000000000000000,9.9173328683811660,999.00000000000000,186.18120589857770
1,1,25,45.109788657135380,-32.109788657135390,-62.201853071795870,55.827045729374930
1,1,26,201.09210043388760,-7.0000000000000115,-61.991853071795860,76.546735572109510
1,1,27,-96.115401346783630,-123.11540134678361,-63.671853071795860,80.730486503569890
1,1,28,20.000000000000000,-76.582294584819380,-63.461853071795865,24.751632579659320
1,1,29,12.673961167307178,0.32603883269282274,2.0066452314871706,-1.0000000000000000
1,1,30,-398.65999896694166,-6.9999999999999750,-63.041853071795860,-1.0000000000000000
1,1,31,-32.000000000000014,-59.000000000000000,-62.831853071795870,-1.0000000000000000
1,1,32,20.000000000000000,-85.708517769743900,-62.621853071795860,-1.0000000000000000
1,1,33,2.0836273058356163,10.916372694164385,-62.411853071795870,166.55948899547258
1,1,34,67.204786894115430,-7.0000000000000036,-62.201853071795860,83.171409639872460
1,1,35,1689.3616251361620,1662.3616251361618,-61.991853071795866,2306.2881789646670
1,1,36,20.000000000000000,-243.65749925546143,-63.671853071795866,254.69583236448005
1,1,37,243.64558403292074,-230.64558403292077,-63.461853071795870,301.53129878196796
1,1,38,49.232497890002236,-7.0000000000000020,-63.251853071795860,-1.0000000000000000
1,1,39,-46.137505877044800,-73.137505877044790,-63.041853071795860,106.19551239057652
1,1,40,20.000000000000000,-50.000000000000000,-62.831853071795860,20.000000000000000
1,1,41,77.461115215713830,-64.461115215713850,-62.621853071795870,-1.0000000000000000
1,1,42,-58.189609188668710,-6.9999999999999960,-62.411853071795860,100.54923103101977
1,1,43,-73.831995161491220,-100.83199516149121,-62.201853071795860,-1.0000000000000000
1,1,44,20.000000000000000,-191.03220531299990,-61.991853071795860,-1.0000000000000000
1,1,45,-1948.8045956647331,1961.8045956647334,-63.671853071795866,-1.0000000000000000
1,1,46,-50.746471736372900,-6.9999999999999964,-63.461853071795865,-1.0000000000000000
1,1,47,35.245990305596760,8.2459903055967630,1001.3561944901924,-1.0000000000000000
1,1,48,20.000000000000000,-78.234215545049720,-63.041853071795860,173.81863644662826
1,1,49,53.999999999999986,-40.999999999999990,-62.831853071795860,53.999999999999986
1,1,50,304.82603709262390,-7.0000000000000180,-62.621853071795860,158.30382737573500
1,1,51,99.355175775152740,72.355175775152730,-62.411853071795870,273.08969013452800
1,1,52,20.000000000000000,-23.417705415180620,999.00000000000000,24.751632579659322
1,1,53,102.73280819893300,-89.732808198933010,-61.991853071795866,-1.0000000000000000
1,1,54,-175.99422653653932,-6.9999999999999885,-63.671853071795860,-1.0000000000000000
1,1,55,-4.6266449904754300,-31.626644990475423,-63.461853071795865,-1.0000000000000000
1,1,56,20.000000000000000,24.054431016997363,-63.251853071795864,-1.0000000000000000
1,1,57,99.092098818599780,-86.092098818599800,-63.041853071795860,254.68734686045758
1,1,58,4.0828098382988422e+17,-32.000000000000000,-62.831853071795855,-1.0000000000000000
1,1,59,-45.715220500328456,-72.715220500328440,-62.621853071795860,-1.0000000000000000
1,1,60,20.000000000000000,45.917332868381166,-62.411853071795860,186.18120589857770
1,1,61,24.289886199995976,-11.289886199995980,999.78539816339740,30.060716931201892
1,1,62,168.82340542301122,-7.0000000000000100,-61.991853071795860,28.201428894987690
1,1,63,-79.099212298399540,-106.09921229839952,-63.671853071795860,106.22432434680249
1,1,64,20.000000000000000,-40.582294584819380,-63.461853071795865,24.751632579659320
1,1,65,-52.375215121863064,65.375215121863080,-63.251853071795864,-1.0000000000000000
1,1,66,-229.75886759317000,-6.9999999999999850,-63.041853071795860,-1.0000000000000000
1,1,67,3.9999999999999964,-23.000000000000000,1.7340461383447385,3.9999999999999876
1,1,68,20.000000000000000,-49.708517769743910,-62.621853071795860,-1.0000000000000000
1,1,69,-22.802784435119293,35.802784435119290,-62.411853071795870,139.30429988712254
1,1,70,17.829841420887767,-7.0000000000000000,1000.5707963267950,22.065884190170248
1,1,71,1378.0300605018822,1351.0300605018820,-61.991853071795866,1839.8478731066440
1,1,72,20.000000000000000,-207.65749925546143,-63.671853071795866,254.69583236448005
1,1,73,110.74799274223670,-97.747992742236720,-63.461853071795870,137.05968126453092
1,1,74,129.84649957800048,-7.0000000000000070,-63.251853071795860,-1.0000000000000000
1,1,75,-16.462507556200470,-43.462507556200464,-63.041853071795860,136.53708735931266
1,1,76,20.000000000000000,-14.000000000000000,999.00000000000000,20.000000000000004
1,1,77,47.786116894869490,-34.786116894869494,-62.621853071795870,-1.0000000000000000
1,1,78,-138.80361087666690,-6.9999999999999900,-62.411853071795860,12.262101345246352
1,1,79,59.065596129192926,32.065596129192926,-62.201853071795860,73.098496674416580
1,1,80,20.000000000000000,-155.03220531299990,-61.991853071795860,-1.0000000000000000
1,1,81,-1637.4730310304526,1650.4730310304528,-63.671853071795866,-1.0000000000000000
1,1,82,-1.3715262631452139,-6.9999999999999990,1000.5707963267950,-1.0000000000000000
1,1,83,60.132402046551675,33.132402046551675,-63.251853071795860,-1.0000000000000000
1,1,84,20.000000000000000,-42.234215545049720,-63.041853071795860,173.81863644662826
1,1,85,18.000000000000000,-5.0000000000000000,999.78539816339740,18.000000000000000
1,1,86,135.92490571885233,-7.0000000000000070,-62.621853071795860,-1.0000000000000000
1,1,87,164.40435206432300,137.40435206432298,-62.411853071795870,344.33047886527440
1,1,88,20.000000000000000,12.582294584819380,999.00000000000000,24.751632579659326
1,1,89,85.716619150548900,-72.716619150548910,-61.991853071795866,-1.0000000000000000
1,1,90,-143.72553152566294,-6.9999999999999900,-63.671853071795860,9.4004762983292110
1,1,91,16.193257466663987,-10.806742533336010,2.2670643534699604,20.040477954134590
1,1,92,20.000000000000000,60.054431016997370,-63.251853071795864,-1.0000000000000000
1,1,93,53.340488831510044,-40.340488831510050,-63.041853071795860,207.90803825343474
1,1,94,-1.7964363288514906e+17,4.0000000000000010,-62.831853071795855,-1.0000000000000000
1,1,95,0.036389486761319034,-26.963610513238677,-62.621853071795860,-1.0000000000000000
1,1,96,20.000000000000000,81.917332868381170,-62.411853071795860,186.18120589857770
1,1,97,3.4699837428565687,9.5300162571434330,999.78539816339740,4.2943881330288460
1,1,98,136.55471041213485,-7.0000000000000070,-61.991853071795860,-1.0000000000000000
1,1,99,-62.083023250015415,-89.083023250015400,-63.671853071795860,131.71816219003510
1,1,100,20.000000000000000,-4.5822945848193815,999.00000000000000,24.751632579659322
1,1,101,-117.42439141103335,130.42439141103335,-63.251853071795864,-1.0000000000000000
1,1,102,-60.857736219398330,-6.9999999999999960,-63.041853071795860,91.144627882999030
1,1,103,40.000000000000010,13.000000000000007,-62.831853071795870,40.000000000000014
1,1,104,20.000000000000000,-13.708517769743903,-0.12857277884914467,-1.0000000000000000
1,1,105,-47.689196176074210,60.689196176074220,-62.411853071795870,112.04911077877246
1,1,106,-31.545104052339894,-6.9999999999999970,-62.201853071795860,-1.0000000000000000
1,1,107,1066.6984958676020,1039.6984958676020,-61.991853071795866,1373.4075672486213
1,1,108,20.000000000000000,-171.65749925546143,-63.671853071795866,254.69583236448005
1,1,109,-22.149598548447330,35.149598548447330,-63.461853071795870,-1.0000000000000000
1,1,110,210.46050126599870,-7.0000000000000120,-63.251853071795860,66.215347264330150
1,1,111,13.212490764643887,-13.787509235356110,1.8699110227813707,166.87866232804882
1,1,112,20.000000000000000,22.000000000000000,-62.831853071795860,20.000000000000004
1,1,113,18.111118574025140,-5.1111185740251415,1.3839425568487702,-1.0000000000000000
1,1,114,-219.41761256466510,-6.9999999999999860,-62.411853071795860,-1.0000000000000000
1,1,115,191.96318741987707,164.96318741987704,-62.201853071795860,237.57011419185392
1,1,116,20.000000000000000,-119.03220531299990,-61.991853071795860,-1.0000000000000000
1,1,117,-1326.1414663961718,1339.1414663961720,-63.671853071795866,-1.0000000000000000
1,1,118,48.003419210082470,-7.0000000000000020,-63.461853071795865,59.408149742766060
1,1,119,85.018813787506600,58.018813787506590,-63.251853071795860,-1.0000000000000000
1,1,120,20.000000000000000,-6.2342155450497220,999.00000000000000,173.81863644662826
1,1,121,-18.000000000000000,31.000000000000004,-62.831853071795860,-1.0000000000000000
1,1,122,-32.976225654919260,-6.9999999999999970,-62.621853071795860,-1.0000000000000000
1,1,123,229.45352835349337,202.45352835349334,-62.411853071795870,415.57126759602090
1,1,124,20.000000000000000,48.582294584819380,-62.201853071795860,24.751632579659333
1,1,125,68.700430102164790,-55.700430102164790,-61.991853071795866,-1.0000000000000000
1,1,126,-111.45683651478652,-6.9999999999999920,-63.671853071795860,57.745782975451036
1,1,127,37.013159923803400,10.013159923803400,1.9271919912905782,45.806806752307650
1,1,128,20.000000000000000,96.054431016997370,-63.251853071795864,-1.0000000000000000
1,1,129,7.5888788444203090,5.4111211555796930,999.78539816339740,161.12872964641198
1,1,130,-7.6756824960018240e+17,40.000000000000000,-62.831853071795855,-1.0000000000000000
1,1,131,45.787999473851116,18.787999473851110,-62.621853071795860,-1.0000000000000000
1,1,132,20.000000000000000,117.91733286838117,-62.411853071795860,186.18120589857770
1,1,133,-17.349918714282843,30.349918714282847,-62.201853071795870,-1.0000000000000000
1,1,134,104.28601540125845,-7.0000000000000050,-61.991853071795860,-1.0000000000000000
1,1,135,-45.066834201631295,-72.066834201631280,-63.671853071795860,157.21200003326769
1,1,136,20.000000000000000,31.417705415180620,-63.461853071795865,24.751632579659326
1,1,137,-182.47356770020363,195.47356770020366,-63.251853071795864,-1.0000000000000000
1,1,138,108.04339515437340,-7.0000000000000050,-63.041853071795860,263.83971229289210
1,1,139,76.000000000000010,49.000000000000010,-62.831853071795870,76.000000000000030
1,1,140,20.000000000000000,22.291482230256097,-62.621853071795860,-1.0000000000000000
1,1,141,-72.575607917029130,85.575607917029150,-62.411853071795870,84.793921670422400
1,1,142,-80.920049525567550,-6.9999999999999940,-62.201853071795860,-1.0000000000000000
1,1,143,755.36693123332210,728.36693123332200,-61.991853071795866,906.96726139059920
1,1,144,20.000000000000000,-135.65749925546143,-63.671853071795866,254.69583236448005
1,1,145,-155.04718983913133,168.04718983913136,-63.461853071795870,-1.0000000000000000
1,1,146,291.07450295399690,-7.0000000000000170,-63.251853071795860,154.50247695010360
1,1,147,42.887489085488220,15.887489085488216,-63.041853071795860,197.22023729678503
1,1,148,20.000000000000000,58.000000000000000,-62.831853071795860,20.000000000000007
1,1,149,-11.563879746819202,24.563879746819207,-62.621853071795870,-1.0000000000000000
1,1,150,-300.03161425266325,-6.9999999999999805,-62.411853071795860,-1.0000000000000000
1,1,151,324.86077871056120,297.86077871056114,-62.201853071795860,402.04173170929135
1,1,152,20.000000000000000,-83.032205312999900,-61.991853071795860,-1.0000000000000000
1,1,153,-1014.8099017618911,1027.8099017618910,-63.671853071795866,-1.0000000000000000
1,1,154,97.378364683310150,-7.0000000000000050,-63.461853071795865,120.51367519246828
1,1,155,109.90522552846153,82.905225528461510,-63.251853071795860,-1.0000000000000000
1,1,156,20.000000000000000,29.765784454950280,-63.041853071795860,173.81863644662826
1,1,157,-53.999999999999990,67.000000000000000,-62.831853071795860,-1.0000000000000000
1,1,158,-201.87735702869088,-6.9999999999999870,-62.621853071795860,-1.0000000000000000
1,1,159,294.50270464266360,267.50270464266356,-62.411853071795870,486.81205632676733
1,1,160,20.000000000000000,84.582294584819380,-62.201853071795860,24.751632579659333
1,1,161,51.684241053780674,-38.684241053780680,-61.991853071795866,-1.0000000000000000
1,1,162,-79.188141503910150,-6.9999999999999950,-63.671853071795860,106.09108965257288
1,1,163,57.833062380942820,30.833062380942813,-63.461853071795865,71.573135550480700
1,1,164,20.000000000000000,132.05443101699737,-63.251853071795864,-1.0000000000000000
1,1,165,-38.162731142669436,51.162731142669440,-63.041853071795860,114.34942103938916
1,1,166,-1.3554928663152156e+18,76.000000000000000,-62.831853071795855,-1.0000000000000000
1,1,167,91.539609460940880,64.539609460940870,-62.621853071795860,-1.0000000000000000
1,1,168,20.000000000000000,153.91733286838115,-62.411853071795860,186.18120589857770
1,1,169,-38.169821171422260,51.169821171422264,-62.201853071795870,-1.0000000000000000
1,1,170,72.017320390382070,-7.0000000000000036,-61.991853071795860,-1.0000000000000000
1,1,171,-28.050645153247185,-55.050645153247174,-63.671853071795860,182.70583787650028
1,1,172,20.000000000000000,67.417705415180620,-63.461853071795865,24.751632579659326
1,1,173,-247.52274398937388,260.52274398937390,-63.251853071795864,-1.0000000000000000
1,1,174,276.94452652814505,-7.0000000000000160,-63.041853071795860,436.53479670278523
1,1,175,112.00000000000000,84.999999999999990,-62.831853071795870,112.00000000000006
1,1,176,20.000000000000000,58.291482230256090,-62.621853071795860,-1.0000000000000000
1,1,177,-97.462019657984020,110.46201965798403,-62.411853071795870,57.538732562072370
1,1,178,-130.29499499879520,-6.9999999999999910,-62.201853071795860,-1.0000000000000000
1,1,179,444.03536659904210,417.03536659904205,-61.991853071795866,440.52695553257640
1,2,0,20.000000000000000,-279.65749925546140,999.00000000000000,254.69583236448005
1,2,1,376.54317532360470,-363.54317532360477,999.78539816339740,466.00291629940510
1,2,2,-31.381503797995947,-6.9999999999999970,1000.5707963267950,-1.0000000000000000
1,2,3,-75.812504197889140,-102.81250419788913,-3.1195288104157344,75.853937421840360
1,2,4,20.000000000000000,-86.000000000000000,999.00000000000000,20.000000000000000
1,2,5,107.13611353655817,-94.136113536558180,0.057158477992828250,-1.0000000000000000
1,2,6,22.424392499329485,-7.0000000000000010,1000.5707963267950,188.83636071679317
1,2,7,-206.72958645217534,-233.72958645217530,1001.3561944901924,-1.0000000000000000
1,2,8,20.000000000000000,-227.03220531299990,1.0218133503686775,-1.0000000000000000
1,2,9,-2260.1361602990140,2273.1361602990146,999.78539816339740,-1.0000000000000000
1,2,10,-100.12141720960058,-6.9999999999999930,1000.5707963267950,-1.0000000000000000
1,2,11,10.359578564641824,-16.640421435358170,1001.3561944901924,-1.0000000000000000
1,2,12,20.000000000000000,-114.23421554504972,999.00000000000000,173.81863644662826
1,2,13,90.000000000000000,-77.000000000000000,999.78539816339740,89.999999999999990
1,2,14,473.72716846639550,-7.0000000000000280,1000.5707963267950,330.99891178562797
1,2,15,34.305999485982454,7.3059994859824510,1.1210287736282143,201.84890140378155
1,2,16,20.000000000000000,-59.417705415180620,999.00000000000000,24.751632579659320
1,2,17,119.74899724731713,-106.74899724731715,-0.28250946456403936,-1.0000000000000000
1,2,18,-208.26292154741571,-6.9999999999999870,1000.5707963267950,-1.0000000000000000
1,2,19,-25.446547447614837,-52.446547447614830,1001.3561944901924,-1.0000000000000000
1,2,20,20.000000000000000,-11.945568983002637,0.47033877433502885,-1.0000000000000000
1,2,21,144.84370880568952,-131.84370880568954,999.78539816339740,301.46665546748040
1,2,22,9.9620560054491763e+17,-68.000000000000000,1000.5707963267950,-1.0000000000000000
1,2,23,-91.466830487418240,-118.46683048741822,1001.3561944901924,-1.0000000000000000
1,2,24,20.000000000000000,9.9173328683811660,999.00000000000000,186.18120589857770
1,2,25,45.109788657135380,-32.109788657135390,999.78539816339740,55.827045729374930
1,2,26,201.09210043388760,-7.0000000000000115,1000.5707963267950,76.546735572109510
1,2,27,-96.115401346783630,-123.11540134678361,-2.7992670842536116,80.730486503569890
1,2,28,20.000000000000000,-76.582294584819380,999.00000000000000,24.751632579659320
1,2,29,12.673961167307178,0.32603883269282274,2.0066452314871706,-1.0000000000000000
1,2,30,-398.65999896694166,-6.9999999999999750,1000.5707963267950,-1.0000000000000000
1,2,31,-32.000000000000014,-59.000000000000000,1001.3561944901924,-1.0000000000000000
1,2,32,20.000000000000000,-85.708517769743900,0.65662681977078790,-1.0000000000000000
1,2,33,2.0836273058356163,10.916372694164385,999.78539816339740,166.55948899547258
1,2,34,67.204786894115430,-7.0000000000000036,1000.5707963267950,83.171409639872460
1,2,35,1689.3616251361620,1662.3616251361618,1001.3561944901924,2306.2881789646670
1,2,36,20.000000000000000,-243.65749925546143,999.00000000000000,254.69583236448005
1,2,37,243.64558403292074,-230.64558403292077,999.78539816339740,301.53129878196796
1,2,38,49.232497890002236,-7.0000000000000020,1000.5707963267950,-1.0000000000000000
1,2,39,-46.137505877044800,-73.137505877044790,2.8361434362899947,106.19551239057652
1,2,40,20.000000000000000,-50.000000000000000,999.00000000000000,20.000000000000000
1,2,41,77.461115215713830,-64.461115215713850,0.43351188459498047,-1.0000000000000000
1,2,42,-58.189609188668710,-6.9999999999999960,1000.5707963267950,100.54923103101977
1,2,43,-73.831995161491220,-100.83199516149121,1001.3561944901924,-1.0000000000000000
1,2,44,20.000000000000000,-191.03220531299990,0.86976931590570750,-1.0000000000000000
1,2,45,-1948.8045956647331,1961.8045956647334,999.78539816339740,-1.0000000000000000
1,2,46,-50.746471736372900,-6.9999999999999964,1000.5707963267950,-1.0000000000000000
1,2,47,35.245990305596760,8.2459903055967630,1001.3561944901924,-1.0000000000000000
1,2,48,20.000000000000000,-78.234215545049720,999.00000000000000,173.81863644662826
1,2,49,53.999999999999986,-40.999999999999990,999.78539816339740,53.999999999999986
1,2,50,304.82603709262390,-7.0000000000000180,1000.5707963267950,158.30382737573500
1,2,51,99.355175775152740,72.355175775152730,1.0294007876738092,273.08969013452800
1,2,52,20.000000000000000,-23.417705415180620,999.00000000000000,24.751632579659322
1,2,53,102.73280819893300,-89.732808198933010,-0.20263990049424996,-1.0000000000000000
1,2,54,-175.99422653653932,-6.9999999999999885,1000.5707963267950,-1.0000000000000000
1,2,55,-4.6266449904754300,-31.626644990475423,1001.3561944901924,-1.0000000000000000
1,2,56,20.000000000000000,24.054431016997363,0.058325928517377355,-1.0000000000000000
1,2,57,99.092098818599780,-86.092098818599800,999.78539816339740,254.68734686045758
1,2,58,4.0828098382988422e+17,-32.000000000000000,1000.5707963267950,-1.0000000000000000
1,2,59,-45.715220500328456,-72.715220500328440,1001.3561944901924,-1.0000000000000000
1,2,60,20.000000000000000,45.917332868381166,999.00000000000000,186.18120589857770
1,2,61,24.289886199995976,-11.289886199995980,999.78539816339740,30.060716931201892
1,2,62,168.82340542301122,-7.0000000000000100,1000.5707963267950,28.201428894987690
1,2,63,-79.099212298399540,-106.09921229839952,-2.8617643621477740,106.22432434680249
1,2,64,20.000000000000000,-40.582294584819380,999.00000000000000,24.751632579659320
1,2,65,-52.375215121863064,65.375215121863080,2.1047758468678120,-1.0000000000000000
1,2,66,-229.75886759317000,-6.9999999999999850,1000.5707963267950,-1.0000000000000000
1,2,67,3.9999999999999964,-23.000000000000000,1.7340461383447385,3.9999999999999876
1,2,68,20.000000000000000,-49.708517769743910,0.31035051319005480,-1.0000000000000000
1,2,69,-22.802784435119293,35.802784435119290,999.78539816339740,139.30429988712254
1,2,70,17.829841420887767,-7.0000000000000000,1000.5707963267950,22.065884190170248
1,2,71,1378.0300605018822,1351.0300605018820,1001.3561944901924,1839.8478731066440
1,2,72,20.000000000000000,-207.65749925546143,999.00000000000000,254.69583236448005
1,2,73,110.74799274223670,-97.747992742236720,999.78539816339740,137.05968126453092
1,2,74,129.84649957800048,-7.0000000000000070,1000.5707963267950,-1.0000000000000000
1,2,75,-16.462507556200470,-43.462507556200464,2.3521556531299583,136.53708735931266
1,2,76,20.000000000000000,-14.000000000000000,999.00000000000000,20.000000000000004
1,2,77,47.786116894869490,-34.786116894869494,0.94153411027303650,-1.0000000000000000
1,2,78,-138.80361087666690,-6.9999999999999900,1000.5707963267950,12.262101345246352
1,2,79,59.065596129192926,32.065596129192926,0.92583454403451420,73.098496674416580
1,2,80,20.000000000000000,-155.03220531299990,0.63368258512783230,-1.0000000000000000
1,2,81,-1637.4730310304526,1650.4730310304528,999.78539816339740,-1.0000000000000000
1,2,82,-1.3715262631452139,-6.9999999999999990,1000.5707963267950,-1.0000000000000000
1,2,83,60.132402046551675,33.132402046551675,1001.3561944901924,-1.0000000000000000
1,2,84,20.000000000000000,-42.234215545049720,999.00000000000000,173.81863644662826
1,2,85,18.000000000000000,-5.0000000000000000,999.78539816339740,18.000000000000000
1,2,86,135.92490571885233,-7.0000000000000070,2.9801633688479434,-1.0000000000000000
1,2,87,164.40435206432300,137.40435206432298,0.97658591342340010,344.33047886527440
1,2,88,20.000000000000000,12.582294584819380,999.00000000000000,24.751632579659326
1,2,89,85.716619150548900,-72.716619150548910,-0.097316368961266500,-1.0000000000000000
1,2,90,-143.72553152566294,-6.9999999999999900,0.32755775123969100,9.4004762983292110
1,2,91,16.193257466663987,-10.806742533336010,2.2670643534699604,20.040477954134590
1,2,92,20.000000000000000,60.054431016997370,-0.37325088832248940,-1.0000000000000000
1,2,93,53.340488831510044,-40.340488831510050,999.78539816339740,207.90803825343474
1,2,94,-1.7964363288514906e+17,4.0000000000000010,3.1415926535897930,-1.0000000000000000
1,2,95,0.036389486761319034,-26.963610513238677,1001.3561944901924,-1.0000000000000000
1,2,96,20.000000000000000,81.917332868381170,999.00000000000000,186.18120589857770
1,2,97,3.4699837428565687,9.5300162571434330,999.78539816339740,4.2943881330288460
1,2,98,136.55471041213485,-7.0000000000000070,2.7397748339334718,-1.0000000000000000
1,2,99,-62.083023250015415,-89.083023250015400,-2.9424500785748258,131.71816219003510
1,2,100,20.000000000000000,-4.5822945848193815,999.00000000000000,24.751632579659322
1,2,101,-117.42439141103335,130.42439141103335,2.1604462517968566,-1.0000000000000000
1,2,102,-60.857736219398330,-6.9999999999999960,0.17359897378879796,91.144627882999030
1,2,103,40.000000000000010,13.000000000000007,1.4216901467674194,40.000000000000014
1,2,104,20.000000000000000,-13.708517769743903,-0.12857277884914467,-1.0000000000000000
1,2,105,-47.689196176074210,60.689196176074220,999.78539816339740,112.04911077877246
1,2,106,-31.545104052339894,-6.9999999999999970,2.1995531956555583,-1.0000000000000000
1,2,107,1066.6984958676020,1039.6984958676020,1001.3561944901924,1373.4075672486213
1,2,108,20.000000000000000,-171.65749925546143,999.00000000000000,254.69583236448005
1,2,109,-22.149598548447330,35.149598548447330,2.2168182724973760,-1.0000000000000000
1,2,110,210.46050126599870,-7.0000000000000120,1.7113419937142886,66.215347264330150
1,2,111,13.212490764643887,-13.787509235356110,1.8699110227813707,166.87866232804882
1,2,112,20.000000000000000,22.000000000000000,999.00000000000000,20.000000000000004
1,2,113,18.111118574025140,-5.1111185740251415,1.3839425568487702,-1.0000000000000000
1,2,114,-219.41761256466510,-6.9999999999999860,0.92509576302594030,-1.0000000000000000
1,2,115,191.96318741987707,164.96318741987704,0.89112455495810550,237.57011419185392
1,2,116,20.000000000000000,-119.03220531299990,0.27742662405398900,-1.0000000000000000
1,2,117,-1326.1414663961718,1339.1414663961720,999.78539816339740,-1.0000000000000000
1,2,118,48.003419210082470,-7.0000000000000020,0.77477096114531300,59.408149742766060
1,2,119,85.018813787506600,58.018813787506590,1001.3561944901924,-1.0000000000000000
1,2,120,20.000000000000000,-6.2342155450497220,999.00000000000000,173.81863644662826
1,2,121,-18.000000000000000,31.000000000000004,1.8171179464554930,-1.0000000000000000
1,2,122,-32.976225654919260,-6.9999999999999970,2.8983370466855600,-1.0000000000000000
1,2,123,229.45352835349337,202.45352835349334,0.94241072619115830,415.57126759602090
1,2,124,20.000000000000000,48.582294584819380,999.00000000000000,24.751632579659333
1,2,125,68.700430102164790,-55.700430102164790,0.044049172863724010,-1.0000000000000000
1,2,126,-111.45683651478652,-6.9999999999999920,0.37512289499154460,57.745782975451036
1,2,127,37.013159923803400,10.013159923803400,1.9271919912905782,45.806806752307650
1,2,128,20.000000000000000,96.054431016997370,-0.69960176232925860,-1.0000000000000000
1,2,129,7.5888788444203090,5.4111211555796930,999.78539816339740,161.12872964641198
1,2,130,-7.6756824960018240e+17,40.000000000000000,3.1415926535897930,-1.0000000000000000
1,2,131,45.787999473851116,18.787999473851110,1001.3561944901924,-1.0000000000000000
1,2,132,20.000000000000000,117.91733286838117,999.00000000000000,186.18120589857770
1,2,133,-17.349918714282843,30.349918714282847,1.4703718255247630,-1.0000000000000000
1,2,134,104.28601540125845,-7.0000000000000050,2.6677262894202656,-1.0000000000000000
1,2,135,-45.066834201631295,-72.066834201631280,-3.0489350465404046,157.21200003326769
1,2,136,20.000000000000000,31.417705415180620,999.00000000000000,24.751632579659326
1,2,137,-182.47356770020363,195.47356770020366,2.1961063280294580,-1.0000000000000000
1,2,138,108.04339515437340,-7.0000000000000050,0.27158184766034577,263.83971229289210
1,2,139,76.000000000000010,49.000000000000010,1.2510639845584959,76.000000000000030
1,2,140,20.000000000000000,22.291482230256097,-0.52504933604689010,-1.0000000000000000
1,2,141,-72.575607917029130,85.575607917029150,999.78539816339740,84.793921670422400
1,2,142,-80.920049525567550,-6.9999999999999940,1.6803811909901827,-1.0000000000000000
1,2,143,755.36693123332210,728.36693123332200,1001.3561944901924,906.96726139059920
1,2,144,20.000000000000000,-135.65749925546143,999.00000000000000,254.69583236448005
1,2,145,-155.04718983913133,168.04718983913136,2.2510717832609854,-1.0000000000000000
1,2,146,291.07450295399690,-7.0000000000000170,2.4254844169048893,154.50247695010360
1,2,147,42.887489085488220,15.887489085488216,1.5448873262233980,197.22023729678503
1,2,148,20.000000000000000,58.000000000000000,999.00000000000000,20.000000000000007
1,2,149,-11.563879746819202,24.563879746819207,1.6641470207282114,-1.0000000000000000
1,2,150,-300.03161425266325,-6.9999999999999805,0.51642258471235030,-1.0000000000000000
1,2,151,324.86077871056120,297.86077871056114,0.87013898466238700,402.04173170929135
1,2,152,20.000000000000000,-83.032205312999900,-0.16375030269204782,-1.0000000000000000
1,2,153,-1014.8099017618911,1027.8099017618910,999.78539816339740,-1.0000000000000000
1,2,154,97.378364683310150,-7.0000000000000050,1.1865913907465744,120.51367519246828
1,2,155,109.90522552846153,82.905225528461510,1001.3561944901924,-1.0000000000000000
1,2,156,20.000000000000000,29.765784454950280,999.00000000000000,173.81863644662826
1,2,157,-53.999999999999990,67.000000000000000,1.9473586185495129,-1.0000000000000000
1,2,158,-201.87735702869088,-6.9999999999999870,2.6610399029454470,-1.0000000000000000
1,2,159,294.50270464266360,267.50270464266356,0.91853899218966830,486.81205632676733
1,2,160,20.000000000000000,84.582294584819380,999.00000000000000,24.751632579659333
1,2,161,51.684241053780674,-38.684241053780680,0.23419656730174876,-1.0000000000000000
1,2,162,-79.188141503910150,-6.9999999999999950,0.43781992274469660,106.09108965257288
1,2,163,57.833062380942820,30.833062380942813,1.6661198350663717,71.573135550480700
1,2,164,20.000000000000000,132.05443101699737,-0.91196824493741160,-1.0000000000000000
1,2,165,-38.162731142669436,51.162731142669440,999.78539816339740,114.34942103938916
1,2,166,-1.3554928663152156e+18,76.000000000000000,1.5543122344752192e-15,-1.0000000000000000
1,2,167,91.539609460940880,64.539609460940870,1001.3561944901924,-1.0000000000000000
1,2,168,20.000000000000000,153.91733286838115,999.00000000000000,186.18120589857770
1,2,169,-38.169821171422260,51.169821171422264,1.6552498054421143,-1.0000000000000000
1,2,170,72.017320390382070,-7.0000000000000036,2.5676165987835673,-1.0000000000000000
1,2,171,-28.050645153247185,-55.050645153247174,3.0912589422666730,182.70583787650028
1,2,172,20.000000000000000,67.417705415180620,999.00000000000000,24.751632579659326
1,2,173,-247.52274398937388,260.52274398937390,2.2208434154220120,-1.0000000000000000
1,2,174,276.94452652814505,-7.0000000000000160,0.59424770998962500,436.53479670278523
1,2,175,112.00000000000000,84.999999999999990,1.1492066651411939,112.00000000000006
1,2,176,20.000000000000000,58.291482230256090,-0.79982882509665890,-1.0000000000000000
1,2,177,-97.462019657984020,110.46201965798403,999.78539816339740,57.538732562072370
1,2,178,-130.29499499879520,-6.9999999999999910,1.1014362039625696,-1.0000000000000000
1,2,179,444.03536659904210,417.03536659904205,1001.3561944901924,440.52695553257640
2,0,0,20.000000000000000,-279.65749925546140,999.00000000000000,254.69583236448005
2,0,1,376.54317532360470,-363.54317532360477,999.78539816339740,466.00291629940510
2,0,2,-31.381503797995947,-6.9999999999999970,1000.5707963267950,-1.0000000000000000
2,0,3,-75.812504197889140,-102.81250419788913,1001.3561944901924,75.853937421840360
2,0,4,20.000000000000000,-86.000000000000000,999.00000000000000,20.000000000000000
2,0,5,107.13611353655817,-94.136113536558180,999.78539816339740,-1.0000000000000000
2,0,6,22.424392499329485,-7.0000000000000010,-0.41999999999999993,188.83636071679317
2,0,7,-206.72958645217534,-233.72958645217530,1001.3561944901924,-1.0000000000000000
2,0,8,20.000000000000000,-227.03220531299990,999.00000000000000,-1.0000000000000000
2,0,9,-2260.1361602990140,2273.1361602990146,999.78539816339740,-1.0000000000000000
2,0,10,-100.12141720960058,-6.9999999999999930,1000.5707963267950,-1.0000000000000000
2,0,11,10.359578564641824,-16.640421435358170,1.9907963267948965,-1.0000000000000000
2,0,12,20.000000000000000,-114.23421554504972,999.00000000000000,173.81863644662826
2,0,13,90.000000000000000,-77.000000000000000,999.78539816339740,89.999999999999990
2,0,14,473.72716846639550,-7.0000000000000280,1000.5707963267950,330.99891178562797
2,0,15,34.305999485982454,7.3059994859824510,1.1507963267948966,201.84890140378155
2,0,16,20.000000000000000,-59.417705415180620,999.00000000000000,24.751632579659320
2,0,17,119.74899724731713,-106.74899724731715,999.78539816339740,-1.0000000000000000
2,0,18,-208.26292154741571,-6.9999999999999870,1000.5707963267950,-1.0000000000000000
2,0,19,-25.446547447614837,-52.446547447614830,1001.3561944901924,-1.0000000000000000
2,0,20,20.000000000000000,-11.945568983002637,-2.7215926535897930,-1.0000000000000000
2,0,21,144.84370880568952,-131.84370880568954,999.78539816339740,301.46665546748040
2,0,22,9.9620560054491763e+17,-68.000000000000000,1000.5707963267950,-1.0000000000000000
2,0,23,-91.466830487418240,-118.46683048741822,1001.3561944901924,-1.0000000000000000
2,0,24,20.000000000000000,9.9173328683811660,2.7215926535897930,186.18120589857770
2,0,25,45.109788657135380,-32.109788657135390,999.78539816339740,55.827045729374930
2,0,26,201.09210043388760,-7.0000000000000115,1000.5707963267950,76.546735572109510
2,0,27,-96.115401346783630,-123.11540134678361,1001.3561944901924,80.730486503569890
2,0,28,20.000000000000000,-76.582294584819380,999.00000000000000,24.751632579659320
2,0,29,12.673961167307178,0.32603883269282274,-1.1507963267948966,-1.0000000000000000
2,0,30,-398.65999896694166,-6.9999999999999750,1000.5707963267950,-1.0000000000000000
2,0,31,-32.000000000000014,-59.000000000000000,1001.3561944901924,-1.0000000000000000
2,0,32,20.000000000000000,-85.708517769743900,999.00000000000000,-1.0000000000000000
2,0,33,2.0836273058356163,10.916372694164385,999.78539816339740,166.55948899547258
2,0,34,67.204786894115430,-7.0000000000000036,1000.5707963267950,83.171409639872460
2,0,35,1689.3616251361620,1662.3616251361618,1001.3561944901924,2306.2881789646670
2,0,36,20.000000000000000,-243.65749925546143,999.00000000000000,254.69583236448005
2,0,37,243.64558403292074,-230.64558403292077,999.78539816339740,301.53129878196796
2,0,38,49.232497890002236,-7.0000000000000020,1000.5707963267950,-1.0000000000000000
2,0,39,-46.137505877044800,-73.137505877044790,1001.3561944901924,106.19551239057652
2,0,40,20.000000000000000,-50.000000000000000,999.00000000000000,20.000000000000000
2,0,41,77.461115215713830,-64.461115215713850,999.78539816339740,-1.0000000000000000
2,0,42,-58.189609188668710,-6.9999999999999960,1000.5707963267950,100.54923103101977
2,0,43,-73.831995161491220,-100.83199516149121,1001.3561944901924,-1.0000000000000000
2,0,44,20.000000000000000,-191.03220531299990,999.00000000000000,-1.0000000000000000
2,0,45,-1948.8045956647331,1961.8045956647334,999.78539816339740,-1.0000000000000000
2,0,46,-50.746471736372900,-6.9999999999999964,1000.5707963267950,-1.0000000000000000
2,0,47,35.245990305596760,8.2459903055967630,1.9907963267948965,-1.0000000000000000
2,0,48,20.000000000000000,-78.234215545049720,999.00000000000000,173.81863644662826
2,0,49,53.999999999999986,-40.999999999999990,999.78539816339740,53.999999999999986
2,0,50,304.82603709262390,-7.0000000000000180,1000.5707963267950,158.30382737573500
2,0,51,99.355175775152740,72.355175775152730,1001.3561944901924,273.08969013452800
2,0,52,20.000000000000000,-23.417705415180620,2.5115926535897932,24.751632579659322
2,0,53,102.73280819893300,-89.732808198933010,999.78539816339740,-1.0000000000000000
2,0,54,-175.99422653653932,-6.9999999999999885,1000.5707963267950,-1.0000000000000000
2,0,55,-4.6266449904754300,-31.626644990475423,1001.3561944901924,-1.0000000000000000
2,0,56,20.000000000000000,24.054431016997363,999.00000000000000,-1.0000000000000000
2,0,57,99.092098818599780,-86.092098818599800,999.78539816339740,254.68734686045758
2,0,58,4.0828098382988422e+17,-32.000000000000000,1000.5707963267950,-1.0000000000000000
2,0,59,-45.715220500328456,-72.715220500328440,1001.3561944901924,-1.0000000000000000
2,0,60,20.000000000000000,45.917332868381166,999.00000000000000,186.18120589857770
2,0,61,24.289886199995976,-11.289886199995980,-2.2007963267948965,30.060716931201892
2,0,62,168.82340542301122,-7.0000000000000100,1000.5707963267950,28.201428894987690
2,0,63,-79.099212298399540,-106.09921229839952,1001.3561944901924,106.22432434680249
2,0,64,20.000000000000000,-40.582294584819380,999.00000000000000,24.751632579659320
2,0,65,-52.375215121863064,65.375215121863080,999.78539816339740,-1.0000000000000000
2,0,66,-229.75886759317000,-6.9999999999999850,1000.5707963267950,-1.0000000000000000
2,0,67,3.9999999999999964,-23.000000000000000,1.5707963267948966,3.9999999999999876
2,0,68,20.000000000000000,-49.708517769743910,999.00000000000000,-1.0000000000000000
2,0,69,-22.802784435119293,35.802784435119290,999.78539816339740,139.30429988712254
2,0,70,17.829841420887767,-7.0000000000000000,-0.62999999999999990,22.065884190170248
2,0,71,1378.0300605018822,1351.0300605018820,1001.3561944901924,1839.8478731066440
2,0,72,20.000000000000000,-207.65749925546143,999.00000000000000,254.69583236448005
2,0,73,110.74799274223670,-97.747992742236720,999.78539816339740,137.05968126453092
2,0,74,129.84649957800048,-7.0000000000000070,1000.5707963267950,-1.0000000000000000
2,0,75,-16.462507556200470,-43.462507556200464,1001.3561944901924,136.53708735931266
2,0,76,20.000000000000000,-14.000000000000000,3.1415926535897930,20.000000000000004
2,0,77,47.786116894869490,-34.786116894869494,999.78539816339740,-1.0000000000000000
2,0,78,-138.80361087666690,-6.9999999999999900,1000.5707963267950,12.262101345246352
2,0,79,59.065596129192926,32.065596129192926,1001.3561944901924,73.098496674416580
2,0,80,20.000000000000000,-155.03220531299990,999.00000000000000,-1.0000000000000000
2,0,81,-1637.4730310304526,1650.4730310304528,999.78539816339740,-1.0000000000000000
2,0,82,-1.3715262631452139,-6.9999999999999990,0.62999999999999990,-1.0000000000000000
2,0,83,60.132402046551675,33.132402046551675,1001.3561944901924,-1.0000000000000000
2,0,84,20.000000000000000,-42.234215545049720,999.00000000000000,173.81863644662826
2,0,85,18.000000000000000,-5.0000000000000000,-1.5707963267948966,18.000000000000000
2,0,86,135.92490571885233,-7.0000000000000070,1000.5707963267950,-1.0000000000000000
2,0,87,164.40435206432300,137.40435206432298,1001.3561944901924,344.33047886527440
2,0,88,20.000000000000000,12.582294584819380,2.5115926535897932,24.751632579659326
2,0,89,85.716619150548900,-72.716619150548910,999.78539816339740,-1.0000000000000000
2,0,90,-143.72553152566294,-6.9999999999999900,1000.5707963267950,9.4004762983292110
2,0,91,16.193257466663987,-10.806742533336010,2.2007963267948973,20.040477954134590
2,0,92,20.000000000000000,60.054431016997370,999.00000000000000,-1.0000000000000000
2,0,93,53.340488831510044,-40.340488831510050,999.78539816339740,207.90803825343474
2,0,94,-1.7964363288514906e+17,4.0000000000000010,1000.5707963267950,-1.0000000000000000
2,0,95,0.036389486761319034,-26.963610513238677,1001.3561944901924,-1.0000000000000000
2,0,96,20.000000000000000,81.917332868381170,999.00000000000000,186.18120589857770
2,0,97,3.4699837428565687,9.5300162571434330,-2.2007963267948965,4.2943881330288460
2,0,98,136.55471041213485,-7.0000000000000070,1000.5707963267950,-1.0000000000000000
2,0,99,-62.083023250015415,-89.083023250015400,1001.3561944901924,131.71816219003510
2,0,100,20.000000000000000,-4.5822945848193815,-2.5115926535897932,24.751632579659322
2,0,101,-117.42439141103335,130.42439141103335,999.78539816339740,-1.0000000000000000
2,0,102,-60.857736219398330,-6.9999999999999960,1000.5707963267950,91.144627882999030
2,0,103,40.000000000000010,13.000000000000007,1001.3561944901924,40.000000000000014
2,0,104,20.000000000000000,-13.708517769743903,2.9315926535897930,-1.0000000000000000
2,0,105,-47.689196176074210,60.689196176074220,999.78539816339740,112.04911077877246
2,0,106,-31.545104052339894,-6.9999999999999970,1000.5707963267950,-1.0000000000000000
2,0,107,1066.6984958676020,1039.6984958676020,1001.3561944901924,1373.4075672486213
2,0,108,20.000000000000000,-171.65749925546143,999.00000000000000,254.69583236448005
2,0,109,-22.149598548447330,35.149598548447330,999.78539816339740,-1.0000000000000000
2,0,110,210.46050126599870,-7.0000000000000120,1000.5707963267950,66.215347264330150
2,0,111,13.212490764643887,-13.787509235356110,1.7807963267948956,166.87866232804882
2,0,112,20.000000000000000,22.000000000000000,999.00000000000000,20.000000000000004
2,0,113,18.111118574025140,-5.1111185740251415,-1.7807963267948965,-1.0000000000000000
2,0,114,-219.41761256466510,-6.9999999999999860,1000.5707963267950,-1.0000000000000000
2,0,115,191.96318741987707,164.96318741987704,1001.3561944901924,237.57011419185392
2,0,116,20.000000000000000,-119.03220531299990,999.00000000000000,-1.0000000000000000
2,0,117,-1326.1414663961718,1339.1414663961720,999.78539816339740,-1.0000000000000000
2,0,118,48.003419210082470,-7.0000000000000020,1000.5707963267950,59.408149742766060
2,0,119,85.018813787506600,58.018813787506590,1001.3561944901924,-1.0000000000000000
2,0,120,20.000000000000000,-6.2342155450497220,-2.9315926535897930,173.81863644662826
2,0,121,-18.000000000000000,31.000000000000004,999.78539816339740,-1.0000000000000000
2,0,122,-32.976225654919260,-6.9999999999999970,1000.5707963267950,-1.0000000000000000
2,0,123,229.45352835349337,202.45352835349334,1001.3561944901924,415.57126759602090
2,0,124,20.000000000000000,48.582294584819380,999.00000000000000,24.751632579659333
2,0,125,68.700430102164790,-55.700430102164790,999.78539816339740,-1.0000000000000000
2,0,126,-111.45683651478652,-6.9999999999999920,1000.5707963267950,57.745782975451036
2,0,127,37.013159923803400,10.013159923803400,2.2007963267948973,45.806806752307650
2,0,128,20.000000000000000,96.054431016997370,999.00000000000000,-1.0000000000000000
2,0,129,7.5888788444203090,5.4111211555796930,-1.3607963267948966,161.12872964641198
2,0,130,-7.6756824960018240e+17,40.000000000000000,1000.5707963267950,-1.0000000000000000
2,0,131,45.787999473851116,18.787999473851110,1001.3561944901924,-1.0000000000000000
2,0,132,20.000000000000000,117.91733286838117,999.00000000000000,186.18120589857770
2,0,133,-17.349918714282843,30.349918714282847,999.78539816339740,-1.0000000000000000
2,0,134,104.28601540125845,-7.0000000000000050,1000.5707963267950,-1.0000000000000000
2,0,135,-45.066834201631295,-72.066834201631280,1001.3561944901924,157.21200003326769
2,0,136,20.000000000000000,31.417705415180620,999.00000000000000,24.751632579659326
2,0,137,-182.47356770020363,195.47356770020366,999.78539816339740,-1.0000000000000000
2,0,138,108.04339515437340,-7.0000000000000050,1000.5707963267950,263.83971229289210
2,0,139,76.000000000000010,49.000000000000010,1001.3561944901924,76.000000000000030
2,0,140,20.000000000000000,22.291482230256097,999.00000000000000,-1.0000000000000000
2,0,141,-72.575607917029130,85.575607917029150,999.78539816339740,84.793921670422400
2,0,142,-80.920049525567550,-6.9999999999999940,1000.5707963267950,-1.0000000000000000
2,0,143,755.36693123332210,728.36693123332200,1001.3561944901924,906.96726139059920
2,0,144,20.000000000000000,-135.65749925546143,999.00000000000000,254.69583236448005
2,0,145,-155.04718983913133,168.04718983913136,999.78539816339740,-1.0000000000000000
2,0,146,291.07450295399690,-7.0000000000000170,1000.5707963267950,154.50247695010360
2,0,147,42.887489085488220,15.887489085488216,1001.3561944901924,197.22023729678503
2,0,148,20.000000000000000,58.000000000000000,999.00000000000000,20.000000000000007
2,0,149,-11.563879746819202,24.563879746819207,999.78539816339740,-1.0000000000000000
2,0,150,-300.03161425266325,-6.9999999999999805,1000.5707963267950,-1.0000000000000000
2,0,151,324.86077871056120,297.86077871056114,1001.3561944901924,402.04173170929135
2,0,152,20.000000000000000,-83.032205312999900,999.00000000000000,-1.0000000000000000
2,0,153,-1014.8099017618911,1027.8099017618910,999.78539816339740,-1.0000000000000000
2,0,154,97.378364683310150,-7.0000000000000050,1000.5707963267950,120.51367519246828
2,0,155,109.90522552846153,82.905225528461510,1001.3561944901924,-1.0000000000000000
2,0,156,20.000000000000000,29.765784454950280,999.00000000000000,173.81863644662826
2,0,157,-53.999999999999990,67.000000000000000,999.78539816339740,-1.0000000000000000
2,0,158,-201.87735702869088,-6.9999999999999870,1000.5707963267950,-1.0000000000000000
2,0,159,294.50270464266360,267.50270464266356,1001.3561944901924,486.81205632676733
2,0,160,20.000000000000000,84.582294584819380,999.00000000000000,24.751632579659333
2,0,161,51.684241053780674,-38.684241053780680,999.78539816339740,-1.0000000000000000
2,0,162,-79.188141503910150,-6.9999999999999950,1000.5707963267950,106.09108965257288
2,0,163,57.833062380942820,30.833062380942813,1001.3561944901924,71.573135550480700
2,0,164,20.000000000000000,132.05443101699737,999.00000000000000,-1.0000000000000000
2,0,165,-38.162731142669436,51.162731142669440,999.78539816339740,114.34942103938916
2,0,166,-1.3554928663152156e+18,76.000000000000000,1000.5707963267950,-1.0000000000000000
2,0,167,91.539609460940880,64.539609460940870,1001.3561944901924,-1.0000000000000000
2,0,168,20.000000000000000,153.91733286838115,999.00000000000000,186.18120589857770
2,0,169,-38.169821171422260,51.169821171422264,999.78539816339740,-1.0000000000000000
2,0,170,72.017320390382070,-7.0000000000000036,1000.5707963267950,-1.0000000000000000
2,0,171,-28.050645153247185,-55.050645153247174,1001.3561944901924,182.70583787650028
2,0,172,20.000000000000000,67.417705415180620,999.00000000000000,24.751632579659326
2,0,173,-247.52274398937388,260.52274398937390,999.78539816339740,-1.0000000000000000
2,0,174,276.94452652814505,-7.0000000000000160,1000.5707963267950,436.53479670278523
2,0,175,112.00000000000000,84.999999999999990,1001.3561944901924,112.00000000000006
2,0,176,20.000000000000000,58.291482230256090,999.00000000000000,-1.0000000000000000
2,0,177,-97.462019657984020,110.46201965798403,999.78539816339740,57.538732562072370
2,0,178,-130.29499499879520,-6.9999999999999910,1000.5707963267950,-1.0000000000000000
2,0,179,444.03536659904210,417.03536659904205,1001.3561944901924,440.52695553257640
2,1,0,20.000000000000000,-279.65749925546140,-63.671853071795866,254.69583236448005
2,1,1,376.54317532360470,-363.54317532360477,-63.461853071795870,466.00291629940510
2,1,2,-31.381503797995947,-6.9999999999999970,-63.251853071795860,-1.0000000000000000
2,1,3,-75.812504197889140,-102.81250419788913,-63.041853071795860,75.853937421840360
2,1,4,20.000000000000000,-86.000000000000000,-62.831853071795860,20.000000000000000
2,1,5,107.13611353655817,-94.136113536558180,-62.621853071795870,-1.0000000000000000
2,1,6,22.424392499329485,-7.0000000000000010,-0.41999999999999993,188.83636071679317
2,1,7,-206.72958645217534,-233.72958645217530,-62.201853071795860,-1.0000000000000000
2,1,8,20.000000000000000,-227.03220531299990,-61.991853071795860,-1.0000000000000000
2,1,9,-2260.1361602990140,2273.1361602990146,-63.671853071795866,-1.0000000000000000
2,1,10,-100.12141720960058,-6.9999999999999930,-63.461853071795865,-1.0000000000000000
2,1,11,10.359578564641824,-16.640421435358170,1.9907963267948965,-1.0000000000000000
2,1,12,20.000000000000000,-114.23421554504972,-63.041853071795860,173.81863644662826
2,1,13,90.000000000000000,-77.000000000000000,-62.831853071795860,89.999999999999990
2,1,14,473.72716846639550,-7.0000000000000280,-62.621853071795860,330.99891178562797
2,1,15,34.305999485982454,7.3059994859824510,1.1507963267948966,201.84890140378155
2,1,16,20.000000000000000,-59.417705415180620,-62.201853071795860,24.751632579659320
2,1,17,119.74899724731713,-106.74899724731715,-61.991853071795866,-1.0000000000000000
2,1,18,-208.26292154741571,-6.9999999999999870,-63.671853071795860,-1.0000000000000000
2,1,19,-25.446547447614837,-52.446547447614830,-63.461853071795865,-1.0000000000000000
2,1,20,20.000000000000000,-11.945568983002637,-2.7215926535897930,-1.0000000000000000
2,1,21,144.84370880568952,-131.84370880568954,-63.041853071795860,301.46665546748040
2,1,22,9.9620560054491763e+17,-68.000000000000000,-62.831853071795855,-1.0000000000000000
2,1,23,-91.466830487418240,-118.46683048741822,-62.621853071795860,-1.0000000000000000
2,1,24,20.000000000000000,9.9173328683811660,2.7215926535897930,186.18120589857770
2,1,25,45.109788657135380,-32.109788657135390,-62.201853071795870,55.827045729374930
2,1,26,201.09210043388760,-7.0000000000000115,-61.991853071795860,76.546735572109510
2,1,27,-96.115401346783630,-123.11540134678361,-63.671853071795860,80.730486503569890
2,1,28,20.000000000000000,-76.582294584819380,-63.461853071795865,24.751632579659320
2,1,29,12.673961167307178,0.32603883269282274,-1.1507963267948966,-1.0000000000000000
2,1,30,-398.65999896694166,-6.9999999999999750,-63.041853071795860,-1.0000000000000000
2,1,31,-32.000000000000014,-59.000000000000000,-62.831853071795870,-1.0000000000000000
2,1,32,20.000000000000000,-85.708517769743900,-62.621853071795860,-1.0000000000000000
2,1,33,2.0836273058356163,10.916372694164385,-62.411853071795870,166.55948899547258
2,1,34,67.204786894115430,-7.0000000000000036,-62.201853071795860,83.171409639872460
2,1,35,1689.3616251361620,1662.3616251361618,-61.991853071795866,2306.2881789646670
2,1,36,20.000000000000000,-243.65749925546143,-63.671853071795866,254.69583236448005
2,1,37,243.64558403292074,-230.64558403292077,-63.461853071795870,301.53129878196796
2,1,38,49.232497890002236,-7.0000000000000020,-63.251853071795860,-1.0000000000000000
2,1,39,-46.137505877044800,-73.137505877044790,-63.041853071795860,106.19551239057652
2,1,40,20.000000000000000,-50.000000000000000,-62.831853071795860,20.000000000000000
2,1,41,77.461115215713830,-64.461115215713850,-62.621853071795870,-1.0000000000000000
2,1,42,-58.189609188668710,-6.9999999999999960,-62.411853071795860,100.54923103101977
2,1,43,-73.831995161491220,-100.83199516149121,-62.201853071795860,-1.0000000000000000
2,1,44,20.000000000000000,-191.03220531299990,-61.991853071795860,-1.0000000000000000
2,1,45,-1948.8045956647331,1961.8045956647334,-63.671853071795866,-1.0000000000000000
2,1,46,-50.746471736372900,-6.9999999999999964,-63.461853071795865,-1.0000000000000000
2,1,47,35.245990305596760,8.2459903055967630,1.9907963267948965,-1.0000000000000000
2,1,48,20.000000000000000,-78.234215545049720,-63.041853071795860,173.81863644662826
2,1,49,53.999999999999986,-40.999999999999990,-62.831853071795860,53.999999999999986
2,1,50,304.82603709262390,-7.0000000000000180,-62.621853071795860,158.30382737573500
2,1,51,99.355175775152740,72.355175775152730,-62.411853071795870,273.08969013452800
2,1,52,20.000000000000000,-23.417705415180620,2.5115926535897932,24.751632579659322
2,1,53,102.73280819893300,-89.732808198933010,-61.991853071795866,-1.0000000000000000
2,1,54,-175.99422653653932,-6.9999999999999885,-63.671853071795860,-1.0000000000000000
2,1,55,-4.6266449904754300,-31.626644990475423,-63.461853071795865,-1.0000000000000000
2,1,56,20.000000000000000,24.054431016997363,-63.251853071795864,-1.0000000000000000
2,1,57,99.092098818599780,-86.092098818599800,-63.041853071795860,254.68734686045758
2,1,58,4.0828098382988422e+17,-32.000000000000000,-62.831853071795855,-1.0000000000000000
2,1,59,-45.715220500328456,-72.715220500328440,-62.621853071795860,-1.0000000000000000
2,1,60,20.000000000000000,45.917332868381166,-62.411853071795860,186.18120589857770
2,1,61,24.289886199995976,-11.289886199995980,-2.2007963267948965,30.060716931201892
2,1,62,168.82340542301122,-7.0000000000000100,-61.991853071795860,28.201428894987690
2,1,63,-79.099212298399540,-106.09921229839952,-63.671853071795860,106.22432434680249
2,1,64,20.000000000000000,-40.582294584819380,-63.461853071795865,24.751632579659320
2,1,65,-52.375215121863064,65.375215121863080,-63.251853071795864,-1.0000000000000000
2,1,66,-229.75886759317000,-6.9999999999999850,-63.041853071795860,-1.0000000000000000
2,1,67,3.9999999999999964,-23.000000000000000,1.5707963267948966,3.9999999999999876
2,1,68,20.000000000000000,-49.708517769743910,-62.621853071795860,-1.0000000000000000
2,1,69,-22.802784435119293,35.802784435119290,-62.411853071795870,139.30429988712254
2,1,70,17.829841420887767,-7.0000000000000000,-0.62999999999999990,22.065884190170248
2,1,71,1378.0300605018822,1351.0300605018820,-61.991853071795866,1839.8478731066440
2,1,72,20.000000000000000,-207.65749925546143,-63.671853071795866,254.69583236448005
2,1,73,110.74799274223670,-97.747992742236720,-63.461853071795870,137.05968126453092
2,1,74,129.84649957800048,-7.0000000000000070,-63.251853071795860,-1.0000000000000000
2,1,75,-16.462507556200470,-43.462507556200464,-63.041853071795860,136.53708735931266
2,1,76,20.000000000000000,-14.000000000000000,3.1415926535897930,20.000000000000004
2,1,77,47.786116894869490,-34.786116894869494,-62.621853071795870,-1.0000000000000000
2,1,78,-138.80361087666690,-6.9999999999999900,-62.411853071795860,12.262101345246352
2,1,79,59.065596129192926,32.065596129192926,-62.201853071795860,73.098496674416580
2,1,80,20.000000000000000,-155.03220531299990,-61.991853071795860,-1.0000000000000000
2,1,81,-1637.4730310304526,1650.4730310304528,-63.671853071795866,-1.0000000000000000
2,1,82,-1.3715262631452139,-6.9999999999999990,0.62999999999999990,-1.0000000000000000
2,1,83,60.132402046551675,33.132402046551675,-63.251853071795860,-1.0000000000000000
2,1,84,20.000000000000000,-42.234215545049720,-63.041853071795860,173.81863644662826
2,1,85,18.000000000000000,-5.0000000000000000,-1.5707963267948966,18.000000000000000
2,1,86,135.92490571885233,-7.0000000000000070,-62.621853071795860,-1.0000000000000000
2,1,87,164.40435206432300,137.40435206432298,-62.411853071795870,344.33047886527440
2,1,88,20.000000000000000,12.582294584819380,2.5115926535897932,24.751632579659326
2,1,89,85.716619150548900,-72.716619150548910,-61.991853071795866,-1.0000000000000000
2,1,90,-143.72553152566294,-6.9999999999999900,-63.671853071795860,9.4004762983292110
2,1,91,16.193257466663987,-10.806742533336010,2.2007963267948973,20.040477954134590
2,1,92,20.000000000000000,60.054431016997370,-63.251853071795864,-1.0000000000000000
2,1,93,53.340488831510044,-40.340488831510050,-63.041853071795860,207.90803825343474
2,1,94,-1.7964363288514906e+17,4.0000000000000010,-62.831853071795855,-1.0000000000000000
2,1,95,0.036389486761319034,-26.963610513238677,-62.621853071795860,-1.0000000000000000
2,1,96,20.000000000000000,81.917332868381170,-62.411853071795860,186.18120589857770
2,1,97,3.4699837428565687,9.5300162571434330,-2.2007963267948965,4.2943881330288460
2,1,98,136.55471041213485,-7.0000000000000070,-61.991853071795860,-1.0000000000000000
2,1,99,-62.083023250015415,-89.083023250015400,-63.671853071795860,131.71816219003510
2,1,100,20.000000000000000,-4.5822945848193815,-2.5115926535897932,24.751632579659322
2,1,101,-117.42439141103335,130.42439141103335,-63.251853071795864,-1.0000000000000000
2,1,102,-60.857736219398330,-6.9999999999999960,-63.041853071795860,91.144627882999030
2,1,103,40.000000000000010,13.000000000000007,-62.831853071795870,40.000000000000014
2,1,104,20.000000000000000,-13.708517769743903,2.9315926535897930,-1.0000000000000000
2,1,105,-47.689196176074210,60.689196176074220,-62.411853071795870,112.04911077877246
2,1,106,-31.545104052339894,-6.9999999999999970,-62.201853071795860,-1.0000000000000000
2,1,107,1066.6984958676020,1039.6984958676020,-61.991853071795866,1373.4075672486213
2,1,108,20.000000000000000,-171.65749925546143,-63.671853071795866,254.69583236448005
2,1,109,-22.149598548447330,35.149598548447330,-63.461853071795870,-1.0000000000000000
2,1,110,210.46050126599870,-7.0000000000000120,-63.251853071795860,66.215347264330150
2,1,111,13.212490764643887,-13.787509235356110,1.7807963267948956,166.87866232804882
2,1,112,20.000000000000000,22.000000000000000,-62.831853071795860,20.000000000000004
2,1,113,18.111118574025140,-5.1111185740251415,-1.7807963267948965,-1.0000000000000000
2,1,114,-219.41761256466510,-6.9999999999999860,-62.411853071795860,-1.0000000000000000
2,1,115,191.96318741987707,164.96318741987704,-62.201853071795860,237.57011419185392
2,1,116,20.000000000000000,-119.03220531299990,-61.991853071795860,-1.0000000000000000
2,1,117,-1326.1414663961718,1339.1414663961720,-63.671853071795866,-1.0000000000000000
2,1,118,48.003419210082470,-7.0000000000000020,-63.461853071795865,59.408149742766060
2,1,119,85.018813787506600,58.018813787506590,-63.251853071795860,-1.0000000000000000
2,1,120,20.000000000000000,-6.2342155450497220,-2.9315926535897930,173.81863644662826
2,1,121,-18.000000000000000,31.000000000000004,-62.831853071795860,-1.0000000000000000
2,1,122,-32.976225654919260,-6.9999999999999970,-62.621853071795860,-1.0000000000000000
2,1,123,229.45352835349337,202.45352835349334,-62.411853071795870,415.57126759602090
2,1,124,20.000000000000000,48.582294584819380,-62.201853071795860,24.751632579659333
2,1,125,68.700430102164790,-55.700430102164790,-61.991853071795866,-1.0000000000000000
2,1,126,-111.45683651478652,-6.9999999999999920,-63.671853071795860,57.745782975451036
2,1,127,37.013159923803400,10.013159923803400,2.2007963267948973,45.806806752307650
2,1,128,20.000000000000000,96.054431016997370,-63.251853071795864,-1.0000000000000000
2,1,129,7.5888788444203090,5.4111211555796930,-1.3607963267948966,161.12872964641198
2,1,130,-7.6756824960018240e+17,40.000000000000000,-62.831853071795855,-1.0000000000000000
2,1,131,45.787999473851116,18.787999473851110,-62.621853071795860,-1.0000000000000000
2,1,132,20.000000000000000,117.91733286838117,-62.411853071795860,186.18120589857770
2,1,133,-17.349918714282843,30.349918714282847,-62.201853071795870,-1.0000000000000000
2,1,134,104.28601540125845,-7.0000000000000050,-61.991853071795860,-1.0000000000000000
2,1,135,-45.066834201631295,-72.066834201631280,-63.671853071795860,157.21200003326769
2,1,136,20.000000000000000,31.417705415180620,-63.461853071795865,24.751632579659326
2,1,137,-182.47356770020363,195.47356770020366,-63.251853071795864,-1.0000000000000000
2,1,138,108.04339515437340,-7.0000000000000050,-63.041853071795860,263.83971229289210
2,1,139,76.000000000000010,49.000000000000010,-62.831853071795870,76.000000000000030
2,1,140,20.000000000000000,22.291482230256097,-62.621853071795860,-1.0000000000000000
2,1,141,-72.575607917029130,85.575607917029150,-62.411853071795870,84.793921670422400
2,1,142,-80.920049525567550,-6.9999999999999940,-62.201853071795860,-1.0000000000000000
2,1,143,755.36693123332210,728.36693123332200,-61.991853071795866,906.96726139059920
2,1,144,20.000000000000000,-135.65749925546143,-63.671853071795866,254.69583236448005
2,1,145,-155.04718983913133,168.04718983913136,-63.461853071795870,-1.0000000000000000
2,1,146,291.07450295399690,-7.0000000000000170,-63.251853071795860,154.50247695010360
2,1,147,42.887489085488220,15.887489085488216,-63.041853071795860,197.22023729678503
2,1,148,20.000000000000000,58.000000000000000,-62.831853071795860,20.000000000000007
2,1,149,-11.563879746819202,24.563879746819207,-62.621853071795870,-1.0000000000000000
2,1,150,-300.03161425266325,-6.9999999999999805,-62.411853071795860,-1.0000000000000000
2,1,151,324.86077871056120,297.86077871056114,-62.201853071795860,402.04173170929135
2,1,152,20.000000000000000,-83.032205312999900,-61.991853071795860,-1.0000000000000000
2,1,153,-1014.8099017618911,1027.8099017618910,-63.671853071795866,-1.0000000000000000
2,1,154,97.378364683310150,-7.0000000000000050,-63.461853071795865,120.51367519246828
2,1,155,109.90522552846153,82.905225528461510,-63.251853071795860,-1.0000000000000000
2,1,156,20.000000000000000,29.765784454950280,-63.041853071795860,173.81863644662826
2,1,157,-53.999999999999990,67.000000000000000,-62.831853071795860,-1.0000000000000000
2,1,158,-201.87735702869088,-6.9999999999999870,-62.621853071795860,-1.0000000000000000
2,1,159,294.50270464266360,267.50270464266356,-62.411853071795870,486.81205632676733
2,1,160,20.000000000000000,84.582294584819380,-62.201853071795860,24.751632579659333
2,1,161,51.684241053780674,-38.684241053780680,-61.991853071795866,-1.0000000000000000
2,1,162,-79.188141503910150,-6.9999999999999950,-63.671853071795860,106.09108965257288
2,1,163,57.833062380942820,30.833062380942813,-63.461853071795865,71.573135550480700
2,1,164,20.000000000000000,132.05443101699737,-63.251853071795864,-1.0000000000000000
2,1,165,-38.162731142669436,51.162731142669440,-63.041853071795860,114.34942103938916
2,1,166,-1.3554928663152156e+18,76.000000000000000,-62.831853071795855,-1.0000000000000000
2,1,167,91.539609460940880,64.539609460940870,-62.621853071795860,-1.0000000000000000
2,1,168,20.000000000000000,153.91733286838115,-62.411853071795860,186.18120589857770
2,1,169,-38.169821171422260,51.169821171422264,-62.201853071795870,-1.0000000000000000
2,1,170,72.017320390382070,-7.0000000000000036,-61.991853071795860,-1.0000000000000000
2,1,171,-28.050645153247185,-55.050645153247174,-63.671853071795860,182.70583787650028
2,1,172,20.000000000000000,67.417705415180620,-63.461853071795865,24.751632579659326
2,1,173,-247.52274398937388,260.52274398937390,-63.251853071795864,-1.0000000000000000
2,1,174,276.94452652814505,-7.0000000000000160,-63.041853071795860,436.53479670278523
2,1,175,112.00000000000000,84.999999999999990,-62.831853071795870,112.00000000000006
2,1,176,20.000000000000000,58.291482230256090,-62.621853071795860,-1.0000000000000000
2,1,177,-97.462019657984020,110.46201965798403,-62.411853071795870,57.538732562072370
2,1,178,-130.29499499879520,-6.9999999999999910,-62.201853071795860,-1.0000000000000000
2,1,179,444.03536659904210,417.03536659904205,-61.991853071795866,440.52695553257640
2,2,0,20.000000000000000,-279.65749925546140,-2.3015926535897933,254.69583236448005
2,2,1,376.54317532360470,-363.54317532360477,-0.94079632679489670,466.00291629940510
2,2,2,-31.381503797995947,-6.9999999999999970,0.41999999999999993,-1.0000000000000000
2,2,3,-75.812504197889140,-102.81250419788913,1.7807963267948956,75.853937421840360
2,2,4,20.000000000000000,-86.000000000000000,3.1415926535897930,20.000000000000000
2,2,5,107.13611353655817,-94.136113536558180,-1.7807963267948965,-1.0000000000000000
2,2,6,22.424392499329485,-7.0000000000000010,-0.41999999999999993,188.83636071679317
2,2,7,-206.72958645217534,-233.72958645217530,0.94079632679489670,-1.0000000000000000
2,2,8,20.000000000000000,-227.03220531299990,2.3015926535897933,-1.0000000000000000
2,2,9,-2260.1361602990140,2273.1361602990146,-0.73079632679489670,-1.0000000000000000
2,2,10,-100.12141720960058,-6.9999999999999930,0.62999999999999990,-1.0000000000000000
2,2,11,10.359578564641824,-16.640421435358170,1.9907963267948965,-1.0000000000000000
2,2,12,20.000000000000000,-114.23421554504972,-2.9315926535897930,173.81863644662826
2,2,13,90.000000000000000,-77.000000000000000,-1.5707963267948966,89.999999999999990
2,2,14,473.72716846639550,-7.0000000000000280,-0.20999999999999996,330.99891178562797
2,2,15,34.305999485982454,7.3059994859824510,1.1507963267948966,201.84890140378155
2,2,16,20.000000000000000,-59.417705415180620,2.5115926535897932,24.751632579659320
2,2,17,119.74899724731713,-106.74899724731715,-2.4107963267948964,-1.0000000000000000
2,2,18,-208.26292154741571,-6.9999999999999870,0.83999999999999990,-1.0000000000000000
2,2,19,-25.446547447614837,-52.446547447614830,2.2007963267948973,-1.0000000000000000
2,2,20,20.000000000000000,-11.945568983002637,-2.7215926535897930,-1.0000000000000000
2,2,21,144.84370880568952,-131.84370880568954,-1.3607963267948966,301.46665546748040
2,2,22,9.9620560054491763e+17,-68.000000000000000,0.0000000000000000,-1.0000000000000000
2,2,23,-91.466830487418240,-118.46683048741822,1.3607963267948966,-1.0000000000000000
2,2,24,20.000000000000000,9.9173328683811660,2.7215926535897930,186.18120589857770
2,2,25,45.109788657135380,-32.109788657135390,-2.2007963267948965,55.827045729374930
2,2,26,201.09210043388760,-7.0000000000000115,-0.83999999999999990,76.546735572109510
2,2,27,-96.115401346783630,-123.11540134678361,2.4107963267948964,80.730486503569890
2,2,28,20.000000000000000,-76.582294584819380,-2.5115926535897932,24.751632579659320
2,2,29,12.673961167307178,0.32603883269282274,-1.1507963267948966,-1.0000000000000000
2,2,30,-398.65999896694166,-6.9999999999999750,0.20999999999999996,-1.0000000000000000
2,2,31,-32.000000000000014,-59.000000000000000,1.5707963267948966,-1.0000000000000000
2,2,32,20.000000000000000,-85.708517769743900,2.9315926535897930,-1.0000000000000000
2,2,33,2.0836273058356163,10.916372694164385,-1.9907963267948965,166.55948899547258
2,2,34,67.204786894115430,-7.0000000000000036,-0.62999999999999990,83.171409639872460
2,2,35,1689.3616251361620,1662.3616251361618,0.73079632679489670,2306.2881789646670
2,2,36,20.000000000000000,-243.65749925546143,-2.3015926535897933,254.69583236448005
2,2,37,243.64558403292074,-230.64558403292077,-0.94079632679489670,301.53129878196796
2,2,38,49.232497890002236,-7.0000000000000020,0.41999999999999993,-1.0000000000000000
2,2,39,-46.137505877044800,-73.137505877044790,1.7807963267948956,106.19551239057652
2,2,40,20.000000000000000,-50.000000000000000,3.1415926535897930,20.000000000000000
2,2,41,77.461115215713830,-64.461115215713850,-1.7807963267948965,-1.0000000000000000
2,2,42,-58.189609188668710,-6.9999999999999960,-0.41999999999999993,100.54923103101977
2,2,43,-73.831995161491220,-100.83199516149121,0.94079632679489670,-1.0000000000000000
2,2,44,20.000000000000000,-191.03220531299990,2.3015926535897933,-1.0000000000000000
2,2,45,-1948.8045956647331,1961.8045956647334,-0.73079632679489670,-1.0000000000000000
2,2,46,-50.746471736372900,-6.9999999999999964,0.62999999999999990,-1.0000000000000000
2,2,47,35.245990305596760,8.2459903055967630,1.9907963267948965,-1.0000000000000000
2,2,48,20.000000000000000,-78.234215545049720,-2.9315926535897930,173.81863644662826
2,2,49,53.999999999999986,-40.999999999999990,-1.5707963267948966,53.999999999999986
2,2,50,304.82603709262390,-7.0000000000000180,-0.20999999999999996,158.30382737573500
2,2,51,99.355175775152740,72.355175775152730,1.1507963267948966,273.08969013452800
2,2,52,20.000000000000000,-23.417705415180620,2.5115926535897932,24.751632579659322
2,2,53,102.73280819893300,-89.732808198933010,-2.4107963267948964,-1.0000000000000000
2,2,54,-175.99422653653932,-6.9999999999999885,0.83999999999999990,-1.0000000000000000
2,2,55,-4.6266449904754300,-31.626644990475423,2.2007963267948973,-1.0000000000000000
2,2,56,20.000000000000000,24.054431016997363,-2.7215926535897930,-1.0000000000000000
2,2,57,99.092098818599780,-86.092098818599800,-1.3607963267948966,254.68734686045758
2,2,58,4.0828098382988422e+17,-32.000000000000000,0.0000000000000000,-1.0000000000000000
2,2,59,-45.715220500328456,-72.715220500328440,1.3607963267948966,-1.0000000000000000
2,2,60,20.000000000000000,45.917332868381166,2.7215926535897930,186.18120589857770
2,2,61,24.289886199995976,-11.289886199995980,-2.2007963267948965,30.060716931201892
2,2,62,168.82340542301122,-7.0000000000000100,-0.83999999999999990,28.201428894987690
2,2,63,-79.099212298399540,-106.09921229839952,2.4107963267948964,106.22432434680249
2,2,64,20.000000000000000,-40.582294584819380,-2.5115926535897932,24.751632579659320
2,2,65,-52.375215121863064,65.375215121863080,-1.1507963267948966,-1.0000000000000000
2,2,66,-229.75886759317000,-6.9999999999999850,0.20999999999999996,-1.0000000000000000
2,2,67,3.9999999999999964,-23.000000000000000,1.5707963267948966,3.9999999999999876
2,2,68,20.000000000000000,-49.708517769743910,2.9315926535897930,-1.0000000000000000
2,2,69,-22.802784435119293,35.802784435119290,-1.9907963267948965,139.30429988712254
2,2,70,17.829841420887767,-7.0000000000000000,-0.62999999999999990,22.065884190170248
2,2,71,1378.0300605018822,1351.0300605018820,0.73079632679489670,1839.8478731066440
2,2,72,20.000000000000000,-207.65749925546143,-2.3015926535897933,254.69583236448005
2,2,73,110.74799274223670,-97.747992742236720,-0.94079632679489670,137.05968126453092
2,2,74,129.84649957800048,-7.0000000000000070,0.41999999999999993,-1.0000000000000000
2,2,75,-16.462507556200470,-43.462507556200464,1.7807963267948956,136.53708735931266
2,2,76,20.000000000000000,-14.000000000000000,3.1415926535897930,20.000000000000004
2,2,77,47.786116894869490,-34.786116894869494,-1.7807963267948965,-1.0000000000000000
2,2,78,-138.80361087666690,-6.9999999999999900,-0.41999999999999993,12.262101345246352
2,2,79,59.065596129192926,32.065596129192926,0.94079632679489670,73.098496674416580
2,2,80,20.000000000000000,-155.03220531299990,2.3015926535897933,-1.0000000000000000
2,2,81,-1637.4730310304526,1650.4730310304528,-0.73079632679489670,-1.0000000000000000
2,2,82,-1.3715262631452139,-6.9999999999999990,0.62999999999999990,-1.0000000000000000
2,2,83,60.132402046551675,33.132402046551675,1.9907963267948965,-1.0000000000000000
2,2,84,20.000000000000000,-42.234215545049720,-2.9315926535897930,173.81863644662826
2,2,85,18.000000000000000,-5.0000000000000000,-1.5707963267948966,18.000000000000000
2,2,86,135.92490571885233,-7.0000000000000070,-0.20999999999999996,-1.0000000000000000
2,2,87,164.40435206432300,137.40435206432298,1.1507963267948966,344.33047886527440
2,2,88,20.000000000000000,12.582294584819380,2.5115926535897932,24.751632579659326
2,2,89,85.716619150548900,-72.716619150548910,-2.4107963267948964,-1.0000000000000000
2,2,90,-143.72553152566294,-6.9999999999999900,0.83999999999999990,9.4004762983292110
2,2,91,16.193257466663987,-10.806742533336010,2.2007963267948973,20.040477954134590
2,2,92,20.000000000000000,60.054431016997370,-2.7215926535897930,-1.0000000000000000
2,2,93,53.340488831510044,-40.340488831510050,-1.3607963267948966,207.90803825343474
2,2,94,-1.7964363288514906e+17,4.0000000000000010,0.0000000000000000,-1.0000000000000000
2,2,95,0.036389486761319034,-26.963610513238677,1.3607963267948966,-1.0000000000000000
2,2,96,20.000000000000000,81.917332868381170,2.7215926535897930,186.18120589857770
2,2,97,3.4699837428565687,9.5300162571434330,-2.2007963267948965,4.2943881330288460
2,2,98,136.55471041213485,-7.0000000000000070,-0.83999999999999990,-1.0000000000000000
2,2,99,-62.083023250015415,-89.083023250015400,2.4107963267948964,131.71816219003510
2,2,100,20.000000000000000,-4.5822945848193815,-2.5115926535897932,24.751632579659322
2,2,101,-117.42439141103335,130.42439141103335,-1.1507963267948966,-1.0000000000000000
2,2,102,-60.857736219398330,-6.9999999999999960,0.20999999999999996,91.144627882999030
2,2,103,40.000000000000010,13.000000000000007,1.5707963267948966,40.000000000000014
2,2,104,20.000000000000000,-13.708517769743903,2.9315926535897930,-1.0000000000000000
2,2,105,-47.689196176074210,60.689196176074220,-1.9907963267948965,112.04911077877246
2,2,106,-31.545104052339894,-6.9999999999999970,-0.62999999999999990,-1.0000000000000000
2,2,107,1066.6984958676020,1039.6984958676020,0.73079632679489670,1373.4075672486213
2,2,108,20.000000000000000,-171.65749925546143,-2.3015926535897933,254.69583236448005
2,2,109,-22.149598548447330,35.149598548447330,-0.94079632679489670,-1.0000000000000000
2,2,110,210.46050126599870,-7.0000000000000120,0.41999999999999993,66.215347264330150
2,2,111,13.212490764643887,-13.787509235356110,1.7807963267948956,166.87866232804882
2,2,112,20.000000000000000,22.000000000000000,3.1415926535897930,20.000000000000004
2,2,113,18.111118574025140,-5.1111185740251415,-1.7807963267948965,-1.0000000000000000
2,2,114,-219.41761256466510,-6.9999999999999860,-0.41999999999999993,-1.0000000000000000
2,2,115,191.96318741987707,164.96318741987704,0.94079632679489670,237.57011419185392
2,2,116,20.000000000000000,-119.03220531299990,2.3015926535897933,-1.0000000000000000
2,2,117,-1326.1414663961718,1339.1414663961720,-0.73079632679489670,-1.0000000000000000
2,2,118,48.003419210082470,-7.0000000000000020,0.62999999999999990,59.408149742766060
2,2,119,85.018813787506600,58.018813787506590,1.9907963267948965,-1.0000000000000000
2,2,120,20.000000000000000,-6.2342155450497220,-2.9315926535897930,173.81863644662826
2,2,121,-18.000000000000000,31.000000000000004,-1.5707963267948966,-1.0000000000000000
2,2,122,-32.976225654919260,-6.9999999999999970,-0.20999999999999996,-1.0000000000000000
2,2,123,229.45352835349337,202.45352835349334,1.1507963267948966,415.57126759602090
2,2,124,20.000000000000000,48.582294584819380,2.5115926535897932,24.751632579659333
2,2,125,68.700430102164790,-55.700430102164790,-2.4107963267948964,-1.0000000000000000
2,2,126,-111.45683651478652,-6.9999999999999920,0.83999999999999990,57.745782975451036
2,2,127,37.013159923803400,10.013159923803400,2.2007963267948973,45.806806752307650
2,2,128,20.000000000000000,96.054431016997370,-2.7215926535897930,-1.0000000000000000
2,2,129,7.5888788444203090,5.4111211555796930,-1.3607963267948966,161.12872964641198
2,2,130,-7.6756824960018240e+17,40.000000000000000,0.0000000000000000,-1.0000000000000000
2,2,131,45.787999473851116,18.787999473851110,1.3607963267948966,-1.0000000000000000
2,2,132,20.000000000000000,117.91733286838117,2.7215926535897930,186.18120589857770
2,2,133,-17.349918714282843,30.349918714282847,-2.2007963267948965,-1.0000000000000000
2,2,134,104.28601540125845,-7.0000000000000050,-0.83999999999999990,-1.0000000000000000
2,2,135,-45.066834201631295,-72.066834201631280,2.4107963267948964,157.21200003326769
2,2,136,20.000000000000000,31.417705415180620,-2.5115926535897932,24.751632579659326
2,2,137,-182.47356770020363,195.47356770020366,-1.1507963267948966,-1.0000000000000000
2,2,138,108.04339515437340,-7.0000000000000050,0.20999999999999996,263.83971229289210
2,2,139,76.000000000000010,49.000000000000010,1.5707963267948966,76.000000000000030
2,2,140,20.000000000000000,22.291482230256097,2.9315926535897930,-1.0000000000000000
2,2,141,-72.575607917029130,85.575607917029150,-1.9907963267948965,84.793921670422400
2,2,142,-80.920049525567550,-6.9999999999999940,-0.62999999999999990,-1.0000000000000000
2,2,143,755.36693123332210,728.36693123332200,0.73079632679489670,906.96726139059920
2,2,144,20.000000000000000,-135.65749925546143,-2.3015926535897933,254.69583236448005
2,2,145,-155.04718983913133,168.04718983913136,-0.94079632679489670,-1.0000000000000000
2,2,146,291.07450295399690,-7.0000000000000170,0.41999999999999993,154.50247695010360
2,2,147,42.887489085488220,15.887489085488216,1.7807963267948956,197.22023729678503
2,2,148,20.000000000000000,58.000000000000000,3.1415926535897930,20.000000000000007
2,2,149,-11.563879746819202,24.563879746819207,-1.7807963267948965,-1.0000000000000000
2,2,150,-300.03161425266325,-6.9999999999999805,-0.41999999999999993,-1.0000000000000000
2,2,151,324.86077871056120,297.86077871056114,0.94079632679489670,402.04173170929135
2,2,152,20.000000000000000,-83.032205312999900,2.3015926535897933,-1.0000000000000000
2,2,153,-1014.8099017618911,1027.8099017618910,-0.73079632679489670,-1.0000000000000000
2,2,154,97.378364683310150,-7.0000000000000050,0.62999999999999990,120.51367519246828
2,2,155,109.90522552846153,82.905225528461510,1.9907963267948965,-1.0000000000000000
2,2,156,20.000000000000000,29.765784454950280,-2.9315926535897930,173.81863644662826
2,2,157,-53.999999999999990,67.000000000000000,-1.5707963267948966,-1.0000000000000000
2,2,158,-201.87735702869088,-6.9999999999999870,-0.20999999999999996,-1.0000000000000000
2,2,159,294.50270464266360,267.50270464266356,1.1507963267948966,486.81205632676733
2,2,160,20.000000000000000,84.582294584819380,2.5115926535897932,24.751632579659333
2,2,161,51.684241053780674,-38.684241053780680,-2.4107963267948964,-1.0000000000000000
2,2,162,-79.188141503910150,-6.9999999999999950,0.83999999999999990,106.09108965257288
2,2,163,57.833062380942820,30.833062380942813,2.2007963267948973,71.573135550480700
2,2,164,20.000000000000000,132.05443101699737,-2.7215926535897930,-1.0000000000000000
2,2,165,-38.162731142669436,51.162731142669440,-1.3607963267948966,114.34942103938916
2,2,166,-1.3554928663152156e+18,76.000000000000000,0.0000000000000000,-1.0000000000000000
2,2,167,91.539609460940880,64.539609460940870,1.3607963267948966,-1.0000000000000000
2,2,168,20.000000000000000,153.91733286838115,2.7215926535897930,186.18120589857770
2,2,169,-38.169821171422260,51.169821171422264,-2.2007963267948965,-1.0000000000000000
2,2,170,72.017320390382070,-7.0000000000000036,-0.83999999999999990,-1.0000000000000000
2,2,171,-28.050645153247185,-55.050645153247174,2.4107963267948964,182.70583787650028
2,2,172,20.000000000000000,67.417705415180620,-2.5115926535897932,24.751632579659326
2,2,173,-247.52274398937388,260.52274398937390,-1.1507963267948966,-1.0000000000000000
2,2,174,276.94452652814505,-7.0000000000000160,0.20999999999999996,436.53479670278523
2,2,175,112.00000000000000,84.999999999999990,1.5707963267948966,112.00000000000006
2,2,176,20.000000000000000,58.291482230256090,2.9315926535897930,-1.0000000000000000
2,2,177,-97.462019657984020,110.46201965798403,-1.9907963267948965,57.538732562072370
2,2,178,-130.29499499879520,-6.9999999999999910,-0.62999999999999990,-1.0000000000000000
2,2,179,444.03536659904210,417.03536659904205,0.73079632679489670,440.52695553257640
3,0,0,20.000000000000000,-279.65749925546140,999.00000000000000,254.69583236448005
3,0,1,376.54317532360470,-363.54317532360477,999.78539816339740,466.00291629940510
3,0,2,-31.381503797995947,-6.9999999999999970,1000.5707963267950,-1.0000000000000000
3,0,3,-75.812504197889140,-102.81250419788913,1001.3561944901924,75.853937421840360
3,0,4,20.000000000000000,-86.000000000000000,999.00000000000000,20.000000000000000
3,0,5,107.13611353655817,-94.136113536558180,999.78539816339740,-1.0000000000000000
3,0,6,22.424392499329485,-7.0000000000000010,-62.411853071795860,188.83636071679317
3,0,7,-206.72958645217534,-233.72958645217530,1001.3561944901924,-1.0000000000000000
3,0,8,20.000000000000000,-227.03220531299990,999.00000000000000,-1.0000000000000000
3,0,9,-2260.1361602990140,2273.1361602990146,999.78539816339740,-1.0000000000000000
3,0,10,-100.12141720960058,-6.9999999999999930,1000.5707963267950,-1.0000000000000000
3,0,11,10.359578564641824,-16.640421435358170,-63.251853071795860,-1.0000000000000000
3,0,12,20.000000000000000,-114.23421554504972,999.00000000000000,173.81863644662826
3,0,13,90.000000000000000,-77.000000000000000,999.78539816339740,89.999999999999990
3,0,14,473.72716846639550,-7.0000000000000280,1000.5707963267950,330.99891178562797
3,0,15,34.305999485982454,7.3059994859824510,-62.411853071795870,201.84890140378155
3,0,16,20.000000000000000,-59.417705415180620,999.00000000000000,24.751632579659320
3,0,17,119.74899724731713,-106.74899724731715,999.78539816339740,-1.0000000000000000
3,0,18,-208.26292154741571,-6.9999999999999870,1000.5707963267950,-1.0000000000000000
3,0,19,-25.446547447614837,-52.446547447614830,1001.3561944901924,-1.0000000000000000
3,0,20,20.000000000000000,-11.945568983002637,-63.251853071795864,-1.0000000000000000
3,0,21,144.84370880568952,-131.84370880568954,999.78539816339740,301.46665546748040
3,0,22,9.9620560054491763e+17,-68.000000000000000,1000.5707963267950,-1.0000000000000000
3,0,23,-91.466830487418240,-118.46683048741822,1001.3561944901924,-1.0000000000000000
3,0,24,20.000000000000000,9.9173328683811660,-62.411853071795860,186.18120589857770
3,0,25,45.109788657135380,-32.109788657135390,999.78539816339740,55.827045729374930
3,0,26,201.09210043388760,-7.0000000000000115,1000.5707963267950,76.546735572109510
3,0,27,-96.115401346783630,-123.11540134678361,1001.3561944901924,80.730486503569890
3,0,28,20.000000000000000,-76.582294584819380,999.00000000000000,24.751632579659320
3,0,29,12.673961167307178,0.32603883269282274,-63.251853071795864,-1.0000000000000000
3,0,30,-398.65999896694166,-6.9999999999999750,1000.5707963267950,-1.0000000000000000
3,0,31,-32.000000000000014,-59.000000000000000,1001.3561944901924,-1.0000000000000000
3,0,32,20.000000000000000,-85.708517769743900,999.00000000000000,-1.0000000000000000
3,0,33,2.0836273058356163,10.916372694164385,999.78539816339740,166.55948899547258
3,0,34,67.204786894115430,-7.0000000000000036,1000.5707963267950,83.171409639872460
3,0,35,1689.3616251361620,1662.3616251361618,1001.3561944901924,2306.2881789646670
3,0,36,20.000000000000000,-243.65749925546143,999.00000000000000,254.69583236448005
3,0,37,243.64558403292074,-230.64558403292077,999.78539816339740,301.53129878196796
3,0,38,49.232497890002236,-7.0000000000000020,1000.5707963267950,-1.0000000000000000
3,0,39,-46.137505877044800,-73.137505877044790,1001.3561944901924,106.19551239057652
3,0,40,20.000000000000000,-50.000000000000000,999.00000000000000,20.000000000000000
3,0,41,77.461115215713830,-64.461115215713850,999.78539816339740,-1.0000000000000000
3,0,42,-58.189609188668710,-6.9999999999999960,1000.5707963267950,100.54923103101977
3,0,43,-73.831995161491220,-100.83199516149121,1001.3561944901924,-1.0000000000000000
3,0,44,20.000000000000000,-191.03220531299990,999.00000000000000,-1.0000000000000000
3,0,45,-1948.8045956647331,1961.8045956647334,999.78539816339740,-1.0000000000000000
3,0,46,-50.746471736372900,-6.9999999999999964,1000.5707963267950,-1.0000000000000000
3,0,47,35.245990305596760,8.2459903055967630,-63.251853071795860,-1.0000000000000000
3,0,48,20.000000000000000,-78.234215545049720,999.00000000000000,173.81863644662826
3,0,49,53.999999999999986,-40.999999999999990,999.78539816339740,53.999999999999986
3,0,50,304.82603709262390,-7.0000000000000180,1000.5707963267950,158.30382737573500
3,0,51,99.355175775152740,72.355175775152730,1001.3561944901924,273.08969013452800
3,0,52,20.000000000000000,-23.417705415180620,-62.201853071795860,24.751632579659322
3,0,53,102.73280819893300,-89.732808198933010,999.78539816339740,-1.0000000000000000
3,0,54,-175.99422653653932,-6.9999999999999885,1000.5707963267950,-1.0000000000000000
3,0,55,-4.6266449904754300,-31.626644990475423,1001.3561944901924,-1.0000000000000000
3,0,56,20.000000000000000,24.054431016997363,999.00000000000000,-1.0000000000000000
3,0,57,99.092098818599780,-86.092098818599800,999.78539816339740,254.68734686045758
3,0,58,4.0828098382988422e+17,-32.000000000000000,1000.5707963267950,-1.0000000000000000
3,0,59,-45.715220500328456,-72.715220500328440,1001.3561944901924,-1.0000000000000000
3,0,60,20.000000000000000,45.917332868381166,999.00000000000000,186.18120589857770
3,0,61,24.289886199995976,-11.289886199995980,-62.201853071795870,30.060716931201892
3,0,62,168.82340542301122,-7.0000000000000100,1000.5707963267950,28.201428894987690
3,0,63,-79.099212298399540,-106.09921229839952,1001.3561944901924,106.22432434680249
3,0,64,20.000000000000000,-40.582294584819380,999.00000000000000,24.751632579659320
3,0,65,-52.375215121863064,65.375215121863080,999.78539816339740,-1.0000000000000000
3,0,66,-229.75886759317000,-6.9999999999999850,1000.5707963267950,-1.0000000000000000
3,0,67,3.9999999999999964,-23.000000000000000,-62.831853071795870,3.9999999999999876
3,0,68,20.000000000000000,-49.708517769743910,999.00000000000000,-1.0000000000000000
3,0,69,-22.802784435119293,35.802784435119290,999.78539816339740,139.30429988712254
3,0,70,17.829841420887767,-7.0000000000000000,-62.201853071795860,22.065884190170248
3,0,71,1378.0300605018822,1351.0300605018820,1001.3561944901924,1839.8478731066440
3,0,72,20.000000000000000,-207.65749925546143,999.00000000000000,254.69583236448005
3,0,73,110.74799274223670,-97.747992742236720,999.78539816339740,137.05968126453092
3,0,74,129.84649957800048,-7.0000000000000070,1000.5707963267950,-1.0000000000000000
3,0,75,-16.462507556200470,-43.462507556200464,1001.3561944901924,136.53708735931266
3,0,76,20.000000000000000,-14.000000000000000,-62.831853071795860,20.000000000000004
3,0,77,47.786116894869490,-34.786116894869494,999.78539816339740,-1.0000000000000000
3,0,78,-138.80361087666690,-6.9999999999999900,1000.5707963267950,12.262101345246352
3,0,79,59.065596129192926,32.065596129192926,1001.3561944901924,73.098496674416580
3,0,80,20.000000000000000,-155.03220531299990,999.00000000000000,-1.0000000000000000
3,0,81,-1637.4730310304526,1650.4730310304528,999.78539816339740,-1.0000000000000000
3,0,82,-1.3715262631452139,-6.9999999999999990,-63.461853071795865,-1.0000000000000000
3,0,83,60.132402046551675,33.132402046551675,1001.3561944901924,-1.0000000000000000
3,0,84,20.000000000000000,-42.234215545049720,999.00000000000000,173.81863644662826
3,0,85,18.000000000000000,-5.0000000000000000,-62.831853071795860,18.000000000000000
3,0,86,135.92490571885233,-7.0000000000000070,1000.5707963267950,-1.0000000000000000
3,0,87,164.40435206432300,137.40435206432298,1001.3561944901924,344.33047886527440
3,0,88,20.000000000000000,12.582294584819380,-62.201853071795860,24.751632579659326
3,0,89,85.716619150548900,-72.716619150548910,999.78539816339740,-1.0000000000000000
3,0,90,-143.72553152566294,-6.9999999999999900,1000.5707963267950,9.4004762983292110
3,0,91,16.193257466663987,-10.806742533336010,-63.461853071795865,20.040477954134590
3,0,92,20.000000000000000,60.054431016997370,999.00000000000000,-1.0000000000000000
3,0,93,53.340488831510044,-40.340488831510050,999.78539816339740,207.90803825343474
3,0,94,-1.7964363288514906e+17,4.0000000000000010,1000.5707963267950,-1.0000000000000000
3,0,95,0.036389486761319034,-26.963610513238677,1001.3561944901924,-1.0000000000000000
3,0,96,20.000000000000000,81.917332868381170,999.00000000000000,186.18120589857770
3,0,97,3.4699837428565687,9.5300162571434330,-62.201853071795870,4.2943881330288460
3,0,98,136.55471041213485,-7.0000000000000070,1000.5707963267950,-1.0000000000000000
3,0,99,-62.083023250015415,-89.083023250015400,1001.3561944901924,131.71816219003510
3,0,100,20.000000000000000,-4.5822945848193815,-63.461853071795865,24.751632579659322
3,0,101,-117.42439141103335,130.42439141103335,999.78539816339740,-1.0000000000000000
3,0,102,-60.857736219398330,-6.9999999999999960,1000.5707963267950,91.144627882999030
3,0,103,40.000000000000010,13.000000000000007,1001.3561944901924,40.000000000000014
3,0,104,20.000000000000000,-13.708517769743903,-62.621853071795860,-1.0000000000000000
3,0,105,-47.689196176074210,60.689196176074220,999.78539816339740,112.04911077877246
3,0,106,-31.545104052339894,-6.9999999999999970,1000.5707963267950,-1.0000000000000000
3,0,107,1066.6984958676020,1039.6984958676020,1001.3561944901924,1373.4075672486213
3,0,108,20.000000000000000,-171.65749925546143,999.00000000000000,254.69583236448005
3,0,109,-22.149598548447330,35.149598548447330,999.78539816339740,-1.0000000000000000
3,0,110,210.46050126599870,-7.0000000000000120,1000.5707963267950,66.215347264330150
3,0,111,13.212490764643887,-13.787509235356110,-63.041853071795860,166.87866232804882
3,0,112,20.000000000000000,22.000000000000000,999.00000000000000,20.000000000000004
3,0,113,18.111118574025140,-5.1111185740251415,-62.621853071795870,-1.0000000000000000
3,0,114,-219.41761256466510,-6.9999999999999860,1000.5707963267950,-1.0000000000000000
3,0,115,191.96318741987707,164.96318741987704,1001.3561944901924,237.57011419185392
3,0,116,20.000000000000000,-119.03220531299990,999.00000000000000,-1.0000000000000000
3,0,117,-1326.1414663961718,1339.1414663961720,999.78539816339740,-1.0000000000000000
3,0,118,48.003419210082470,-7.0000000000000020,1000.5707963267950,59.408149742766060
3,0,119,85.018813787506600,58.018813787506590,1001.3561944901924,-1.0000000000000000
3,0,120,20.000000000000000,-6.2342155450497220,-63.041853071795860,173.81863644662826
3,0,121,-18.000000000000000,31.000000000000004,999.78539816339740,-1.0000000000000000
3,0,122,-32.976225654919260,-6.9999999999999970,1000.5707963267950,-1.0000000000000000
3,0,123,229.45352835349337,202.45352835349334,1001.3561944901924,415.57126759602090
3,0,124,20.000000000000000,48.582294584819380,999.00000000000000,24.751632579659333
3,0,125,68.700430102164790,-55.700430102164790,999.78539816339740,-1.0000000000000000
3,0,126,-111.45683651478652,-6.9999999999999920,1000.5707963267950,57.745782975451036
3,0,127,37.013159923803400,10.013159923803400,-63.461853071795865,45.806806752307650
3,0,128,20.000000000000000,96.054431016997370,999.00000000000000,-1.0000000000000000
3,0,129,7.5888788444203090,5.4111211555796930,-63.041853071795860,161.12872964641198
3,0,130,-7.6756824960018240e+17,40.000000000000000,1000.5707963267950,-1.0000000000000000
3,0,131,45.787999473851116,18.787999473851110,1001.3561944901924,-1.0000000000000000
3,0,132,20.000000000000000,117.91733286838117,999.00000000000000,186.18120589857770
3,0,133,-17.349918714282843,30.349918714282847,999.78539816339740,-1.0000000000000000
3,0,134,104.28601540125845,-7.0000000000000050,1000.5707963267950,-1.0000000000000000
3,0,135,-45.066834201631295,-72.066834201631280,1001.3561944901924,157.21200003326769
3,0,136,20.000000000000000,31.417705415180620,999.00000000000000,24.751632579659326
3,0,137,-182.47356770020363,195.47356770020366,999.78539816339740,-1.0000000000000000
3,0,138,108.04339515437340,-7.0000000000000050,1000.5707963267950,263.83971229289210
3,0,139,76.000000000000010,49.000000000000010,1001.3561944901924,76.000000000000030
3,0,140,20.000000000000000,22.291482230256097,999.00000000000000,-1.0000000000000000
3,0,141,-72.575607917029130,85.575607917029150,999.78539816339740,84.793921670422400
3,0,142,-80.920049525567550,-6.9999999999999940,1000.5707963267950,-1.0000000000000000
3,0,143,755.36693123332210,728.36693123332200,1001.3561944901924,906.96726139059920
3,0,144,20.000000000000000,-135.65749925546143,999.00000000000000,254.69583236448005
3,0,145,-155.04718983913133,168.04718983913136,999.78539816339740,-1.0000000000000000
3,0,146,291.07450295399690,-7.0000000000000170,1000.5707963267950,154.50247695010360
3,0,147,42.887489085488220,15.887489085488216,1001.3561944901924,197.22023729678503
3,0,148,20.000000000000000,58.000000000000000,999.00000000000000,20.000000000000007
3,0,149,-11.563879746819202,24.563879746819207,999.78539816339740,-1.0000000000000000
3,0,150,-300.03161425266325,-6.9999999999999805,1000.5707963267950,-1.0000000000000000
3,0,151,324.86077871056120,297.86077871056114,1001.3561944901924,402.04173170929135
3,0,152,20.000000000000000,-83.032205312999900,999.00000000000000,-1.0000000000000000
3,0,153,-1014.8099017618911,1027.8099017618910,999.78539816339740,-1.0000000000000000
3,0,154,97.378364683310150,-7.0000000000000050,1000.5707963267950,120.51367519246828
3,0,155,109.90522552846153,82.905225528461510,1001.3561944901924,-1.0000000000000000
3,0,156,20.000000000000000,29.765784454950280,999.00000000000000,173.81863644662826
3,0,157,-53.999999999999990,67.000000000000000,999.78539816339740,-1.0000000000000000
3,0,158,-201.87735702869088,-6.9999999999999870,1000.5707963267950,-1.0000000000000000
3,0,159,294.50270464266360,267.50270464266356,1001.3561944901924,486.81205632676733
3,0,160,20.000000000000000,84.582294584819380,999.00000000000000,24.751632579659333
3,0,161,51.684241053780674,-38.684241053780680,999.78539816339740,-1.0000000000000000
3,0,162,-79.188141503910150,-6.9999999999999950,1000.5707963267950,106.09108965257288
3,0,163,57.833062380942820,30.833062380942813,1001.3561944901924,71.573135550480700
3,0,164,20.000000000000000,132.05443101699737,999.00000000000000,-1.0000000000000000
3,0,165,-38.162731142669436,51.162731142669440,999.78539816339740,114.34942103938916
3,0,166,-1.3554928663152156e+18,76.000000000000000,1000.5707963267950,-1.0000000000000000
3,0,167,91.539609460940880,64.539609460940870,1001.3561944901924,-1.0000000000000000
3,0,168,20.000000000000000,153.91733286838115,999.00000000000000,186.18120589857770
3,0,169,-38.169821171422260,51.169821171422264,999.78539816339740,-1.0000000000000000
3,0,170,72.017320390382070,-7.0000000000000036,1000.5707963267950,-1.0000000000000000
3,0,171,-28.050645153247185,-55.050645153247174,1001.3561944901924,182.70583787650028
3,0,172,20.000000000000000,67.417705415180620,999.00000000000000,24.751632579659326
3,0,173,-247.52274398937388,260.52274398937390,999.78539816339740,-1.0000000000000000
3,0,174,276.94452652814505,-7.0000000000000160,1000.5707963267950,436.53479670278523
3,0,175,112.00000000000000,84.999999999999990,1001.3561944901924,112.00000000000006
3,0,176,20.000000000000000,58.291482230256090,999.00000000000000,-1.0000000000000000
3,0,177,-97.462019657984020,110.46201965798403,999.78539816339740,57.538732562072370
3,0,178,-130.29499499879520,-6.9999999999999910,1000.5707963267950,-1.0000000000000000
3,0,179,444.03536659904210,417.03536659904205,1001.3561944901924,440.52695553257640
3,1,0,20.000000000000000,-279.65749925546140,-63.671853071795866,254.69583236448005
3,1,1,376.54317532360470,-363.54317532360477,-63.461853071795870,466.00291629940510
3,1,2,-31.381503797995947,-6.9999999999999970,-63.251853071795860,-1.0000000000000000
3,1,3,-75.812504197889140,-102.81250419788913,-63.041853071795860,75.853937421840360
3,1,4,20.000000000000000,-86.000000000000000,-62.831853071795860,20.000000000000000
3,1,5,107.13611353655817,-94.136113536558180,-62.621853071795870,-1.0000000000000000
3,1,6,22.424392499329485,-7.0000000000000010,-62.411853071795860,188.83636071679317
3,1,7,-206.72958645217534,-233.72958645217530,-62.201853071795860,-1.0000000000000000
3,1,8,20.000000000000000,-227.03220531299990,-61.991853071795860,-1.0000000000000000
3,1,9,-2260.1361602990140,2273.1361602990146,-63.671853071795866,-1.0000000000000000
3,1,10,-100.12141720960058,-6.9999999999999930,-63.461853071795865,-1.0000000000000000
3,1,11,10.359578564641824,-16.640421435358170,-63.251853071795860,-1.0000000000000000
3,1,12,20.000000000000000,-114.23421554504972,-63.041853071795860,173.81863644662826
3,1,13,90.000000000000000,-77.000000000000000,-62.831853071795860,89.999999999999990
3,1,14,473.72716846639550,-7.0000000000000280,-62.621853071795860,330.99891178562797
3,1,15,34.305999485982454,7.3059994859824510,-62.411853071795870,201.84890140378155
3,1,16,20.000000000000000,-59.417705415180620,-62.201853071795860,24.751632579659320
3,1,17,119.74899724731713,-106.74899724731715,-61.991853071795866,-1.0000000000000000
3,1,18,-208.26292154741571,-6.9999999999999870,-63.671853071795860,-1.0000000000000000
3,1,19,-25.446547447614837,-52.446547447614830,-63.461853071795865,-1.0000000000000000
3,1,20,20.000000000000000,-11.945568983002637,-63.251853071795864,-1.0000000000000000
3,1,21,144.84370880568952,-131.84370880568954,-63.041853071795860,301.46665546748040
3,1,22,9.9620560054491763e+17,-68.000000000000000,-62.831853071795855,-1.0000000000000000
3,1,23,-91.466830487418240,-118.46683048741822,-62.621853071795860,-1.0000000000000000
3,1,24,20.000000000000000,9.9173328683811660,-62.411853071795860,186.18120589857770
3,1,25,45.109788657135380,-32.109788657135390,-62.201853071795870,55.827045729374930
3,1,26,201.09210043388760,-7.0000000000000115,-61.991853071795860,76.546735572109510
3,1,27,-96.115401346783630,-123.11540134678361,-63.671853071795860,80.730486503569890
3,1,28,20.000000000000000,-76.582294584819380,-63.461853071795865,24.751632579659320
3,1,29,12.673961167307178,0.32603883269282274,-63.251853071795864,-1.0000000000000000
3,1,30,-398.65999896694166,-6.9999999999999750,-63.041853071795860,-1.0000000000000000
3,1,31,-32.000000000000014,-59.000000000000000,-62.831853071795870,-1.0000000000000000
3,1,32,20.000000000000000,-85.708517769743900,-62.621853071795860,-1.0000000000000000
3,1,33,2.0836273058356163,10.916372694164385,-62.411853071795870,166.55948899547258
3,1,34,67.204786894115430,-7.0000000000000036,-62.201853071795860,83.171409639872460
3,1,35,1689.3616251361620,1662.3616251361618,-61.991853071795866,2306.2881789646670
3,1,36,20.000000000000000,-243.65749925546143,-63.671853071795866,254.69583236448005
3,1,37,243.64558403292074,-230.64558403292077,-63.461853071795870,301.53129878196796
3,1,38,49.232497890002236,-7.0000000000000020,-63.251853071795860,-1.0000000000000000
3,1,39,-46.137505877044800,-73.137505877044790,-63.041853071795860,106.19551239057652
3,1,40,20.000000000000000,-50.000000000000000,-62.831853071795860,20.000000000000000
3,1,41,77.461115215713830,-64.461115215713850,-62.621853071795870,-1.0000000000000000
3,1,42,-58.189609188668710,-6.9999999999999960,-62.411853071795860,100.54923103101977
3,1,43,-73.831995161491220,-100.83199516149121,-62.201853071795860,-1.0000000000000000
3,1,44,20.000000000000000,-191.03220531299990,-61.991853071795860,-1.0000000000000000
3,1,45,-1948.8045956647331,1961.8045956647334,-63.671853071795866,-1.0000000000000000
3,1,46,-50.746471736372900,-6.9999999999999964,-63.461853071795865,-1.0000000000000000
3,1,47,35.245990305596760,8.2459903055967630,-63.251853071795860,-1.0000000000000000
3,1,48,20.000000000000000,-78.234215545049720,-63.041853071795860,173.81863644662826
3,1,49,53.999999999999986,-40.999999999999990,-62.831853071795860,53.999999999999986
3,1,50,304.82603709262390,-7.0000000000000180,-62.621853071795860,158.30382737573500
3,1,51,99.355175775152740,72.355175775152730,-62.411853071795870,273.08969013452800
3,1,52,20.000000000000000,-23.417705415180620,-62.201853071795860,24.751632579659322
3,1,53,102.73280819893300,-89.732808198933010,-61.991853071795866,-1.0000000000000000
3,1,54,-175.99422653653932,-6.9999999999999885,-63.671853071795860,-1.0000000000000000
3,1,55,-4.6266449904754300,-31.626644990475423,-63.461853071795865,-1.0000000000000000
3,1,56,20.000000000000000,24.054431016997363,-63.251853071795864,-1.0000000000000000
3,1,57,99.092098818599780,-86.092098818599800,-63.041853071795860,254.68734686045758
3,1,58,4.0828098382988422e+17,-32.000000000000000,-62.831853071795855,-1.0000000000000000
3,1,59,-45.715220500328456,-72.715220500328440,-62.621853071795860,-1.0000000000000000
3,1,60,20.000000000000000,45.917332868381166,-62.411853071795860,186.18120589857770
3,1,61,24.289886199995976,-11.289886199995980,-62.201853071795870,30.060716931201892
3,1,62,168.82340542301122,-7.0000000000000100,-61.991853071795860,28.201428894987690
3,1,63,-79.099212298399540,-106.09921229839952,-63.671853071795860,106.22432434680249
3,1,64,20.000000000000000,-40.582294584819380,-63.461853071795865,24.751632579659320
3,1,65,-52.375215121863064,65.375215121863080,-63.251853071795864,-1.0000000000000000
3,1,66,-229.75886759317000,-6.9999999999999850,-63.041853071795860,-1.0000000000000000
3,1,67,3.9999999999999964,-23.000000000000000,-62.831853071795870,3.9999999999999876
3,1,68,20.000000000000000,-49.708517769743910,-62.621853071795860,-1.0000000000000000
3,1,69,-22.802784435119293,35.802784435119290,-62.411853071795870,139.30429988712254
3,1,70,17.829841420887767,-7.0000000000000000,-62.201853071795860,22.065884190170248
3,1,71,1378.0300605018822,1351.0300605018820,-61.991853071795866,1839.8478731066440
3,1,72,20.000000000000000,-207.65749925546143,-63.671853071795866,254.69583236448005
3,1,73,110.74799274223670,-97.747992742236720,-63.461853071795870,137.05968126453092
3,1,74,129.84649957800048,-7.0000000000000070,-63.251853071795860,-1.0000000000000000
3,1,75,-16.462507556200470,-43.462507556200464,-63.041853071795860,136.53708735931266
3,1,76,20.000000000000000,-14.000000000000000,-62.831853071795860,20.000000000000004
3,1,77,47.786116894869490,-34.786116894869494,-62.621853071795870,-1.0000000000000000
3,1,78,-138.80361087666690,-6.9999999999999900,-62.411853071795860,12.262101345246352
3,1,79,59.065596129192926,32.065596129192926,-62.201853071795860,73.098496674416580
3,1,80,20.000000000000000,-155.03220531299990,-61.991853071795860,-1.0000000000000000
3,1,81,-1637.4730310304526,1650.4730310304528,-63.671853071795866,-1.0000000000000000
3,1,82,-1.3715262631452139,-6.9999999999999990,-63.461853071795865,-1.0000000000000000
3,1,83,60.132402046551675,33.132402046551675,-63.251853071795860,-1.0000000000000000
3,1,84,20.000000000000000,-42.234215545049720,-63.041853071795860,173.81863644662826
3,1,85,18.000000000000000,-5.0000000000000000,-62.831853071795860,18.000000000000000
3,1,86,135.92490571885233,-7.0000000000000070,-62.621853071795860,-1.0000000000000000
3,1,87,164.40435206432300,137.40435206432298,-62.411853071795870,344.33047886527440
3,1,88,20.000000000000000,12.582294584819380,-62.201853071795860,24.751632579659326
3,1,89,85.716619150548900,-72.716619150548910,-61.991853071795866,-1.0000000000000000
3,1,90,-143.72553152566294,-6.9999999999999900,-63.671853071795860,9.4004762983292110
3,1,91,16.193257466663987,-10.806742533336010,-63.461853071795865,20.040477954134590
3,1,92,20.000000000000000,60.054431016997370,-63.251853071795864,-1.0000000000000000
3,1,93,53.340488831510044,-40.340488831510050,-63.041853071795860,207.90803825343474
3,1,94,-1.7964363288514906e+17,4.0000000000000010,-62.831853071795855,-1.0000000000000000
3,1,95,0.036389486761319034,-26.963610513238677,-62.621853071795860,-1.0000000000000000
3,1,96,20.000000000000000,81.917332868381170,-62.411853071795860,186.18120589857770
3,1,97,3.4699837428565687,9.5300162571434330,-62.201853071795870,4.2943881330288460
3,1,98,136.55471041213485,-7.0000000000000070,-61.991853071795860,-1.0000000000000000
3,1,99,-62.083023250015415,-89.083023250015400,-63.671853071795860,131.71816219003510
3,1,100,20.000000000000000,-4.5822945848193815,-63.461853071795865,24.751632579659322
3,1,101,-117.42439141103335,130.42439141103335,-63.251853071795864,-1.0000000000000000
3,1,102,-60.857736219398330,-6.9999999999999960,-63.041853071795860,91.144627882999030
3,1,103,40.000000000000010,13.000000000000007,-62.831853071795870,40.000000000000014
3,1,104,20.000000000000000,-13.708517769743903,-62.621853071795860,-1.0000000000000000
3,1,105,-47.689196176074210,60.689196176074220,-62.411853071795870,112.04911077877246
3,1,106,-31.545104052339894,-6.9999999999999970,-62.201853071795860,-1.0000000000000000
3,1,107,1066.6984958676020,1039.6984958676020,-61.991853071795866,1373.4075672486213
3,1,108,20.000000000000000,-171.65749925546143,-63.671853071795866,254.69583236448005
3,1,109,-22.149598548447330,35.149598548447330,-63.461853071795870,-1.0000000000000000
3,1,110,210.46050126599870,-7.0000000000000120,-63.251853071795860,66.215347264330150
3,1,111,13.212490764643887,-13.787509235356110,-63.041853071795860,166.87866232804882
3,1,112,20.000000000000000,22.000000000000000,-62.831853071795860,20.000000000000004
3,1,113,18.111118574025140,-5.1111185740251415,-62.621853071795870,-1.0000000000000000
3,1,114,-219.41761256466510,-6.9999999999999860,-62.411853071795860,-1.0000000000000000
3,1,115,191.96318741987707,164.96318741987704,-62.201853071795860,237.57011419185392
3,1,116,20.000000000000000,-119.03220531299990,-61.991853071795860,-1.0000000000000000
3,1,117,-1326.1414663961718,1339.1414663961720,-63.671853071795866,-1.0000000000000000
3,1,118,48.003419210082470,-7.0000000000000020,-63.461853071795865,59.408149742766060
3,1,119,85.018813787506600,58.018813787506590,-63.251853071795860,-1.0000000000000000
3,1,120,20.000000000000000,-6.2342155450497220,-63.041853071795860,173.81863644662826
3,1,121,-18.000000000000000,31.000000000000004,-62.831853071795860,-1.0000000000000000
3,1,122,-32.976225654919260,-6.9999999999999970,-62.621853071795860,-1.0000000000000000
3,1,123,229.45352835349337,202.45352835349334,-62.411853071795870,415.57126759602090
3,1,124,20.000000000000000,48.582294584819380,-62.201853071795860,24.751632579659333
3,1,125,68.700430102164790,-55.700430102164790,-61.991853071795866,-1.0000000000000000
3,1,126,-111.45683651478652,-6.9999999999999920,-63.671853071795860,57.745782975451036
3,1,127,37.013159923803400,10.013159923803400,-63.461853071795865,45.806806752307650
3,1,128,20.000000000000000,96.054431016997370,-63.251853071795864,-1.0000000000000000
3,1,129,7.5888788444203090,5.4111211555796930,-63.041853071795860,161.12872964641198
3,1,130,-7.6756824960018240e+17,40.000000000000000,-62.831853071795855,-1.0000000000000000
3,1,131,45.787999473851116,18.787999473851110,-62.621853071795860,-1.0000000000000000
3,1,132,20.000000000000000,117.91733286838117,-62.411853071795860,186.18120589857770
3,1,133,-17.349918714282843,30.349918714282847,-62.201853071795870,-1.0000000000000000
3,1,134,104.28601540125845,-7.0000000000000050,-61.991853071795860,-1.0000000000000000
3,1,135,-45.066834201631295,-72.066834201631280,-63.671853071795860,157.21200003326769
3,1,136,20.000000000000000,31.417705415180620,-63.461853071795865,24.751632579659326
3,1,137,-182.47356770020363,195.47356770020366,-63.251853071795864,-1.0000000000000000
3,1,138,108.04339515437340,-7.0000000000000050,-63.041853071795860,263.83971229289210
3,1,139,76.000000000000010,49.000000000000010,-62.831853071795870,76.000000000000030
3,1,140,20.000000000000000,22.291482230256097,-62.621853071795860,-1.0000000000000000
3,1,141,-72.575607917029130,85.575607917029150,-62.411853071795870,84.793921670422400
3,1,142,-80.920049525567550,-6.9999999999999940,-62.201853071795860,-1.0000000000000000
3,1,143,755.36693123332210,728.36693123332200,-61.991853071795866,906.96726139059920
3,1,144,20.000000000000000,-135.65749925546143,-63.671853071795866,254.69583236448005
3,1,145,-155.04718983913133,168.04718983913136,-63.461853071795870,-1.0000000000000000
3,1,146,291.07450295399690,-7.0000000000000170,-63.251853071795860,154.50247695010360
3,1,147,42.887489085488220,15.887489085488216,-63.041853071795860,197.22023729678503
3,1,148,20.000000000000000,58.000000000000000,-62.831853071795860,20.000000000000007
3,1,149,-11.563879746819202,24.563879746819207,-62.621853071795870,-1.0000000000000000
3,1,150,-300.03161425266325,-6.9999999999999805,-62.411853071795860,-1.0000000000000000
3,1,151,324.86077871056120,297.86077871056114,-62.201853071795860,402.04173170929135
3,1,152,20.000000000000000,-83.032205312999900,-61.991853071795860,-1.0000000000000000
3,1,153,-1014.8099017618911,1027.8099017618910,-63.671853071795866,-1.0000000000000000
3,1,154,97.378364683310150,-7.0000000000000050,-63.461853071795865,120.51367519246828
3,1,155,109.90522552846153,82.905225528461510,-63.251853071795860,-1.0000000000000000
3,1,156,20.000000000000000,29.765784454950280,-63.041853071795860,173.81863644662826
3,1,157,-53.999999999999990,67.000000000000000,-62.831853071795860,-1.0000000000000000
3,1,158,-201.87735702869088,-6.9999999999999870,-62.621853071795860,-1.0000000000000000
3,1,159,294.50270464266360,267.50270464266356,-62.411853071795870,486.81205632676733
3,1,160,20.000000000000000,84.582294584819380,-62.201853071795860,24.751632579659333
3,1,161,51.684241053780674,-38.684241053780680,-61.991853071795866,-1.0000000000000000
3,1,162,-79.188141503910150,-6.9999999999999950,-63.671853071795860,106.09108965257288
3,1,163,57.833062380942820,30.833062380942813,-63.461853071795865,71.573135550480700
3,1,164,20.000000000000000,132.05443101699737,-63.251853071795864,-1.0000000000000000
3,1,165,-38.162731142669436,51.162731142669440,-63.041853071795860,114.34942103938916
3,1,166,-1.3554928663152156e+18,76.000000000000000,-62.831853071795855,-1.0000000000000000
3,1,167,91.539609460940880,64.539609460940870,-62.621853071795860,-1.0000000000000000
3,1,168,20.000000000000000,153.91733286838115,-62.411853071795860,186.18120589857770
3,1,169,-38.169821171422260,51.169821171422264,-62.201853071795870,-1.0000000000000000
3,1,170,72.017320390382070,-7.0000000000000036,-61.991853071795860,-1.0000000000000000
3,1,171,-28.050645153247185,-55.050645153247174,-63.671853071795860,182.70583787650028
3,1,172,20.000000000000000,67.417705415180620,-63.461853071795865,24.751632579659326
3,1,173,-247.52274398937388,260.52274398937390,-63.251853071795864,-1.0000000000000000
3,1,174,276.94452652814505,-7.0000000000000160,-63.041853071795860,436.53479670278523
3,1,175,112.00000000000000,84.999999999999990,-62.831853071795870,112.00000000000006
3,1,176,20.000000000000000,58.291482230256090,-62.621853071795860,-1.0000000000000000
3,1,177,-97.462019657984020,110.46201965798403,-62.411853071795870,57.538732562072370
3,1,178,-130.29499499879520,-6.9999999999999910,-62.201853071795860,-1.0000000000000000
3,1,179,444.03536659904210,417.03536659904205,-61.991853071795866,440.52695553257640
3,2,0,20.000000000000000,-279.65749925546140,-63.671853071795866,254.69583236448005
3,2,1,376.54317532360470,-363.54317532360477,-63.461853071795870,466.00291629940510
3,2,2,-31.381503797995947,-6.9999999999999970,-63.251853071795860,-1.0000000000000000
3,2,3,-75.812504197889140,-102.81250419788913,-63.041853071795860,75.853937421840360
3,2,4,20.000000000000000,-86.000000000000000,-62.831853071795860,20.000000000000000
3,2,5,107.13611353655817,-94.136113536558180,-62.621853071795870,-1.0000000000000000
3,2,6,22.424392499329485,-7.0000000000000010,-62.411853071795860,188.83636071679317
3,2,7,-206.72958645217534,-233.72958645217530,-62.201853071795860,-1.0000000000000000
3,2,8,20.000000000000000,-227.03220531299990,-61.991853071795860,-1.0000000000000000
3,2,9,-2260.1361602990140,2273.1361602990146,-63.671853071795866,-1.0000000000000000
3,2,10,-100.12141720960058,-6.9999999999999930,-63.461853071795865,-1.0000000000000000
3,2,11,10.359578564641824,-16.640421435358170,-63.251853071795860,-1.0000000000000000
3,2,12,20.000000000000000,-114.23421554504972,-63.041853071795860,173.81863644662826
3,2,13,90.000000000000000,-77.000000000000000,-62.831853071795860,89.999999999999990
3,2,14,473.72716846639550,-7.0000000000000280,-62.621853071795860,330.99891178562797
3,2,15,34.305999485982454,7.3059994859824510,-62.411853071795870,201.84890140378155
3,2,16,20.000000000000000,-59.417705415180620,-62.201853071795860,24.751632579659320
3,2,17,119.74899724731713,-106.74899724731715,-61.991853071795866,-1.0000000000000000
3,2,18,-208.26292154741571,-6.9999999999999870,-63.671853071795860,-1.0000000000000000
3,2,19,-25.446547447614837,-52.446547447614830,-63.461853071795865,-1.0000000000000000
3,2,20,20.000000000000000,-11.945568983002637,-63.251853071795864,-1.0000000000000000
3,2,21,144.84370880568952,-131.84370880568954,-63.041853071795860,301.46665546748040
3,2,22,9.9620560054491763e+17,-68.000000000000000,-62.831853071795855,-1.0000000000000000
3,2,23,-91.466830487418240,-118.46683048741822,-62.621853071795860,-1.0000000000000000
3,2,24,20.000000000000000,9.9173328683811660,-62.411853071795860,186.18120589857770
3,2,25,45.109788657135380,-32.109788657135390,-62.201853071795870,55.827045729374930
3,2,26,201.09210043388760,-7.0000000000000115,-61.991853071795860,76.546735572109510
3,2,27,-96.115401346783630,-123.11540134678361,-63.671853071795860,80.730486503569890
3,2,28,20.000000000000000,-76.582294584819380,-63.461853071795865,24.751632579659320
3,2,29,12.673961167307178,0.32603883269282274,-63.251853071795864,-1.0000000000000000
3,2,30,-398.65999896694166,-6.9999999999999750,-63.041853071795860,-1.0000000000000000
3,2,31,-32.000000000000014,-59.000000000000000,-62.831853071795870,-1.0000000000000000
3,2,32,20.000000000000000,-85.708517769743900,-62.621853071795860,-1.0000000000000000
3,2,33,2.0836273058356163,10.916372694164385,-62.411853071795870,166.55948899547258
3,2,34,67.204786894115430,-7.0000000000000036,-62.201853071795860,83.171409639872460
3,2,35,1689.3616251361620,1662.3616251361618,-61.991853071795866,2306.2881789646670
3,2,36,20.000000000000000,-243.65749925546143,-63.671853071795866,254.69583236448005
3,2,37,243.64558403292074,-230.64558403292077,-63.461853071795870,301.53129878196796
3,2,38,49.232497890002236,-7.0000000000000020,-63.251853071795860,-1.0000000000000000
3,2,39,-46.137505877044800,-73.137505877044790,-63.041853071795860,106.19551239057652
3,2,40,20.000000000000000,-50.000000000000000,-62.831853071795860,20.000000000000000
3,2,41,77.461115215713830,-64.461115215713850,-62.621853071795870,-1.0000000000000000
3,2,42,-58.189609188668710,-6.9999999999999960,-62.411853071795860,100.54923103101977
3,2,43,-73.831995161491220,-100.83199516149121,-62.201853071795860,-1.0000000000000000
3,2,44,20.000000000000000,-191.03220531299990,-61.991853071795860,-1.0000000000000000
3,2,45,-1948.8045956647331,1961.8045956647334,-63.671853071795866,-1.0000000000000000
3,2,46,-50.746471736372900,-6.9999999999999964,-63.461853071795865,-1.0000000000000000
3,2,47,35.245990305596760,8.2459903055967630,-63.251853071795860,-1.0000000000000000
3,2,48,20.000000000000000,-78.234215545049720,-63.041853071795860,173.81863644662826
3,2,49,53.999999999999986,-40.999999999999990,-62.831853071795860,53.999999999999986
3,2,50,304.82603709262390,-7.0000000000000180,-62.621853071795860,158.30382737573500
3,2,51,99.355175775152740,72.355175775152730,-62.411853071795870,273.08969013452800
3,2,52,20.000000000000000,-23.417705415180620,-62.201853071795860,24.751632579659322
3,2,53,102.73280819893300,-89.732808198933010,-61.991853071795866,-1.0000000000000000
3,2,54,-175.99422653653932,-6.9999999999999885,-63.671853071795860,-1.0000000000000000
3,2,55,-4.6266449904754300,-31.626644990475423,-63.461853071795865,-1.0000000000000000
3,2,56,20.000000000000000,24.054431016997363,-63.251853071795864,-1.0000000000000000
3,2,57,99.092098818599780,-86.092098818599800,-63.041853071795860,254.68734686045758
3,2,58,4.0828098382988422e+17,-32.000000000000000,-62.831853071795855,-1.0000000000000000
3,2,59,-45.715220500328456,-72.715220500328440,-62.621853071795860,-1.0000000000000000
3,2,60,20.000000000000000,45.917332868381166,-62.411853071795860,186.18120589857770
3,2,61,24.289886199995976,-11.289886199995980,-62.201853071795870,30.060716931201892
3,2,62,168.82340542301122,-7.0000000000000100,-61.991853071795860,28.201428894987690
3,2,63,-79.099212298399540,-106.09921229839952,-63.671853071795860,106.22432434680249
3,2,64,20.000000000000000,-40.582294584819380,-63.461853071795865,24.751632579659320
3,2,65,-52.375215121863064,65.375215121863080,-63.251853071795864,-1.0000000000000000
3,2,66,-229.75886759317000,-6.9999999999999850,-63.041853071795860,-1.0000000000000000
3,2,67,3.9999999999999964,-23.000000000000000,-62.831853071795870,3.9999999999999876
3,2,68,20.000000000000000,-49.708517769743910,-62.621853071795860,-1.0000000000000000
3,2,69,-22.802784435119293,35.802784435119290,-62.411853071795870,139.30429988712254
3,2,70,17.829841420887767,-7.0000000000000000,-62.201853071795860,22.065884190170248
3,2,71,1378.0300605018822,1351.0300605018820,-61.991853071795866,1839.8478731066440
3,2,72,20.000000000000000,-207.65749925546143,-63.671853071795866,254.69583236448005
3,2,73,110.74799274223670,-97.747992742236720,-63.461853071795870,137.05968126453092
3,2,74,129.84649957800048,-7.0000000000000070,-63.251853071795860,-1.0000000000000000
3,2,75,-16.462507556200470,-43.462507556200464,-63.041853071795860,136.53708735931266
3,2,76,20.000000000000000,-14.000000000000000,-62.831853071795860,20.000000000000004
3,2,77,47.786116894869490,-34.786116894869494,-62.621853071795870,-1.0000000000000000
3,2,78,-138.80361087666690,-6.9999999999999900,-62.411853071795860,12.262101345246352
3,2,79,59.065596129192926,32.065596129192926,-62.201853071795860,73.098496674416580
3,2,80,20.000000000000000,-155.03220531299990,-61.991853071795860,-1.0000000000000000
3,2,81,-1637.4730310304526,1650.4730310304528,-63.671853071795866,-1.0000000000000000
3,2,82,-1.3715262631452139,-6.9999999999999990,-63.461853071795865,-1.0000000000000000
3,2,83,60.132402046551675,33.132402046551675,-63.251853071795860,-1.0000000000000000
3,2,84,20.000000000000000,-42.234215545049720,-63.041853071795860,173.81863644662826
3,2,85,18.000000000000000,-5.0000000000000000,-62.831853071795860,18.000000000000000
3,2,86,135.92490571885233,-7.0000000000000070,-62.621853071795860,-1.0000000000000000
3,2,87,164.40435206432300,137.40435206432298,-62.411853071795870,344.33047886527440
3,2,88,20.000000000000000,12.582294584819380,-62.201853071795860,24.751632579659326
3,2,89,85.716619150548900,-72.716619150548910,-61.991853071795866,-1.0000000000000000
3,2,90,-143.72553152566294,-6.9999999999999900,-63.671853071795860,9.4004762983292110
3,2,91,16.193257466663987,-10.806742533336010,-63.461853071795865,20.040477954134590
3,2,92,20.000000000000000,60.054431016997370,-63.251853071795864,-1.0000000000000000
3,2,93,53.340488831510044,-40.340488831510050,-63.041853071795860,207.90803825343474
3,2,94,-1.7964363288514906e+17,4.0000000000000010,-62.831853071795855,-1.0000000000000000
3,2,95,0.036389486761319034,-26.963610513238677,-62.621853071795860,-1.0000000000000000
3,2,96,20.000000000000000,81.917332868381170,-62.411853071795860,186.18120589857770
3,2,97,3.4699837428565687,9.5300162571434330,-62.201853071795870,4.2943881330288460
3,2,98,136.55471041213485,-7.0000000000000070,-61.991853071795860,-1.0000000000000000
3,2,99,-62.083023250015415,-89.083023250015400,-63.671853071795860,131.71816219003510
3,2,100,20.000000000000000,-4.5822945848193815,-63.461853071795865,24.751632579659322
3,2,101,-117.42439141103335,130.42439141103335,-63.251853071795864,-1.0000000000000000
3,2,102,-60.857736219398330,-6.9999999999999960,-63.041853071795860,91.144627882999030
3,2,103,40.000000000000010,13.000000000000007,-62.831853071795870,40.000000000000014
3,2,104,20.000000000000000,-13.708517769743903,-62.621853071795860,-1.0000000000000000
3,2,105,-47.689196176074210,60.689196176074220,-62.411853071795870,112.04911077877246
3,2,106,-31.545104052339894,-6.9999999999999970,-62.201853071795860,-1.0000000000000000
3,2,107,1066.6984958676020,1039.6984958676020,-61.991853071795866,1373.4075672486213
3,2,108,20.000000000000000,-171.65749925546143,-63.671853071795866,254.69583236448005
3,2,109,-22.149598548447330,35.149598548447330,-63.461853071795870,-1.0000000000000000
3,2,110,210.46050126599870,-7.0000000000000120,-63.251853071795860,66.215347264330150
3,2,111,13.212490764643887,-13.787509235356110,-63.041853071795860,166.87866232804882
3,2,112,20.000000000000000,22.000000000000000,-62.831853071795860,20.000000000000004
3,2,113,18.111118574025140,-5.1111185740251415,-62.621853071795870,-1.0000000000000000
3,2,114,-219.41761256466510,-6.9999999999999860,-62.411853071795860,-1.0000000000000000
3,2,115,191.96318741987707,164.96318741987704,-62.201853071795860,237.57011419185392
3,2,116,20.000000000000000,-119.03220531299990,-61.991853071795860,-1.0000000000000000
3,2,117,-1326.1414663961718,1339.1414663961720,-63.671853071795866,-1.0000000000000000
3,2,118,48.003419210082470,-7.0000000000000020,-63.461853071795865,59.408149742766060
3,2,119,85.018813787506600,58.018813787506590,-63.251853071795860,-1.0000000000000000
3,2,120,20.000000000000000,-6.2342155450497220,-63.041853071795860,173.81863644662826
3,2,121,-18.000000000000000,31.000000000000004,-62.831853071795860,-1.0000000000000000
3,2,122,-32.976225654919260,-6.9999999999999970,-62.621853071795860,-1.0000000000000000
3,2,123,229.45352835349337,202.45352835349334,-62.411853071795870,415.57126759602090
3,2,124,20.000000000000000,48.582294584819380,-62.201853071795860,24.751632579659333
3,2,125,68.700430102164790,-55.700430102164790,-61.991853071795866,-1.0000000000000000
3,2,126,-111.45683651478652,-6.9999999999999920,-63.671853071795860,57.745782975451036
3,2,127,37.013159923803400,10.013159923803400,-63.461853071795865,45.806806752307650
3,2,128,20.000000000000000,96.054431016997370,-63.251853071795864,-1.0000000000000000
3,2,129,7.5888788444203090,5.4111211555796930,-63.041853071795860,161.12872964641198
3,2,130,-7.6756824960018240e+17,40.000000000000000,-62.831853071795855,-1.0000000000000000
3,2,131,45.787999473851116,18.787999473851110,-62.621853071795860,-1.0000000000000000
3,2,132,20.000000000000000,117.91733286838117,-62.411853071795860,186.18120589857770
3,2,133,-17.349918714282843,30.349918714282847,-62.201853071795870,-1.0000000000000000
3,2,134,104.28601540125845,-7.0000000000000050,-61.991853071795860,-1.0000000000000000
3,2,135,-45.066834201631295,-72.066834201631280,-63.671853071795860,157.21200003326769
3,2,136,20.000000000000000,31.417705415180620,-63.461853071795865,24.751632579659326
3,2,137,-182.47356770020363,195.47356770020366,-63.251853071795864,-1.0000000000000000
3,2,138,108.04339515437340,-7.0000000000000050,-63.041853071795860,263.83971229289210
3,2,139,76.000000000000010,49.000000000000010,-62.831853071795870,76.000000000000030
3,2,140,20.000000000000000,22.291482230256097,-62.621853071795860,-1.0000000000000000
3,2,141,-72.575607917029130,85.575607917029150,-62.411853071795870,84.793921670422400
3,2,142,-80.920049525567550,-6.9999999999999940,-62.201853071795860,-1.0000000000000000
3,2,143,755.36693123332210,728.36693123332200,-61.991853071795866,906.96726139059920
3,2,144,20.000000000000000,-135.65749925546143,-63.671853071795866,254.69583236448005
3,2,145,-155.04718983913133,168.04718983913136,-63.461853071795870,-1.0000000000000000
3,2,146,291.07450295399690,-7.0000000000000170,-63.251853071795860,154.50247695010360
3,2,147,42.887489085488220,15.887489085488216,-63.041853071795860,197.22023729678503
3,2,148,20.000000000000000,58.000000000000000,-62.831853071795860,20.000000000000007
3,2,149,-11.563879746819202,24.563879746819207,-62.621853071795870,-1.0000000000000000
3,2,150,-300.03161425266325,-6.9999999999999805,-62.411853071795860,-1.0000000000000000
3,2,151,324.86077871056120,297.86077871056114,-62.201853071795860,402.04173170929135
3,2,152,20.000000000000000,-83.032205312999900,-61.991853071795860,-1.0000000000000000
3,2,153,-1014.8099017618911,1027.8099017618910,-63.671853071795866,-1.0000000000000000
3,2,154,97.378364683310150,-7.0000000000000050,-63.461853071795865,120.51367519246828
3,2,155,109.90522552846153,82.905225528461510,-63.251853071795860,-1.0000000000000000
3,2,156,20.000000000000000,29.765784454950280,-63.041853071795860,173.81863644662826
3,2,157,-53.999999999999990,67.000000000000000,-62.831853071795860,-1.0000000000000000
3,2,158,-201.87735702869088,-6.9999999999999870,-62.621853071795860,-1.0000000000000000
3,2,159,294.50270464266360,267.50270464266356,-62.411853071795870,486.81205632676733
3,2,160,20.000000000000000,84.582294584819380,-62.201853071795860,24.751632579659333
3,2,161,51.684241053780674,-38.684241053780680,-61.991853071795866,-1.0000000000000000
3,2,162,-79.188141503910150,-6.9999999999999950,-63.671853071795860,106.09108965257288
3,2,163,57.833062380942820,30.833062380942813,-63.461853071795865,71.573135550480700
3,2,164,20.000000000000000,132.05443101699737,-63.251853071795864,-1.0000000000000000
3,2,165,-38.162731142669436,51.162731142669440,-63.041853071795860,114.34942103938916
3,2,166,-1.3554928663152156e+18,76.000000000000000,-62.831853071795855,-1.0000000000000000
3,2,167,91.539609460940880,64.539609460940870,-62.621853071795860,-1.0000000000000000
3,2,168,20.000000000000000,153.91733286838115,-62.411853071795860,186.18120589857770
3,2,169,-38.169821171422260,51.169821171422264,-62.201853071795870,-1.0000000000000000
3,2,170,72.017320390382070,-7.0000000000000036,-61.991853071795860,-1.0000000000000000
3,2,171,-28.050645153247185,-55.050645153247174,-63.671853071795860,182.70583787650028
3,2,172,20.000000000000000,67.417705415180620,-63.461853071795865,24.751632579659326
3,2,173,-247.52274398937388,260.52274398937390,-63.251853071795864,-1.0000000000000000
3,2,174,276.94452652814505,-7.0000000000000160,-63.041853071795860,436.53479670278523
3,2,175,112.00000000000000,84.999999999999990,-62.831853071795870,112.00000000000006
3,2,176,20.000000000000000,58.291482230256090,-62.621853071795860,-1.0000000000000000
3,2,177,-97.462019657984020,110.46201965798403,-62.411853071795870,57.538732562072370
3,2,178,-130.29499499879520,-6.9999999999999910,-62.201853071795860,-1.0000000000000000
3,2,179,444.03536659904210,417.03536659904205,-61.991853071795866,440.52695553257640
4,0,0,20.000000000000000,-279.65749925546140,999.00000000000000,254.69583236448005
4,0,1,376.54317532360470,-363.54317532360477,999.78539816339740,466.00291629940510
4,0,2,-31.381503797995947,-6.9999999999999970,1000.5707963267950,-1.0000000000000000
4,0,3,-75.812504197889140,-102.81250419788913,1001.3561944901924,75.853937421840360
4,0,4,20.000000000000000,-86.000000000000000,999.00000000000000,20.000000000000000
4,0,5,107.13611353655817,-94.136113536558180,999.78539816339740,-1.0000000000000000
4,0,6,22.424392499329485,-7.0000000000000010,1000.5707963267950,188.83636071679317
4,0,7,-206.72958645217534,-233.72958645217530,1001.3561944901924,-1.0000000000000000
4,0,8,20.000000000000000,-227.03220531299990,999.00000000000000,-1.0000000000000000
4,0,9,-2260.1361602990140,2273.1361602990146,999.78539816339740,-1.0000000000000000
4,0,10,-100.12141720960058,-6.9999999999999930,1000.5707963267950,-1.0000000000000000
4,0,11,10.359578564641824,-16.640421435358170,1001.3561944901924,-1.0000000000000000
4,0,12,20.000000000000000,-114.23421554504972,999.00000000000000,173.81863644662826
4,0,13,90.000000000000000,-77.000000000000000,999.78539816339740,89.999999999999990
4,0,14,473.72716846639550,-7.0000000000000280,1000.5707963267950,330.99891178562797
4,0,15,34.305999485982454,7.3059994859824510,1001.3561944901924,201.84890140378155
4,0,16,20.000000000000000,-59.417705415180620,999.00000000000000,24.751632579659320
4,0,17,119.74899724731713,-106.74899724731715,999.78539816339740,-1.0000000000000000
4,0,18,-208.26292154741571,-6.9999999999999870,1000.5707963267950,-1.0000000000000000
4,0,19,-25.446547447614837,-52.446547447614830,1001.3561944901924,-1.0000000000000000
4,0,20,20.000000000000000,-11.945568983002637,999.00000000000000,-1.0000000000000000
4,0,21,144.84370880568952,-131.84370880568954,999.78539816339740,301.46665546748040
4,0,22,9.9620560054491763e+17,-68.000000000000000,1000.5707963267950,-1.0000000000000000
4,0,23,-91.466830487418240,-118.46683048741822,1001.3561944901924,-1.0000000000000000
4,0,24,20.000000000000000,9.9173328683811660,999.00000000000000,186.18120589857770
4,0,25,45.109788657135380,-32.109788657135390,999.78539816339740,55.827045729374930
4,0,26,201.09210043388760,-7.0000000000000115,1000.5707963267950,76.546735572109510
4,0,27,-96.115401346783630,-123.11540134678361,1001.3561944901924,80.730486503569890
4,0,28,20.000000000000000,-76.582294584819380,999.00000000000000,24.751632579659320
4,0,29,12.673961167307178,0.32603883269282274,999.78539816339740,-1.0000000000000000
4,0,30,-398.65999896694166,-6.9999999999999750,1000.5707963267950,-1.0000000000000000
4,0,31,-32.000000000000014,-59.000000000000000,1001.3561944901924,-1.0000000000000000
4,0,32,20.000000000000000,-85.708517769743900,999.00000000000000,-1.0000000000000000
4,0,33,2.0836273058356163,10.916372694164385,999.78539816339740,166.55948899547258
4,0,34,67.204786894115430,-7.0000000000000036,1000.5707963267950,83.171409639872460
4,0,35,1689.3616251361620,1662.3616251361618,1001.3561944901924,2306.2881789646670
4,0,36,20.000000000000000,-243.65749925546143,999.00000000000000,254.69583236448005
4,0,37,243.64558403292074,-230.64558403292077,999.78539816339740,301.53129878196796
4,0,38,49.232497890002236,-7.0000000000000020,1000.5707963267950,-1.0000000000000000
4,0,39,-46.137505877044800,-73.137505877044790,1001.3561944901924,106.19551239057652
4,0,40,20.000000000000000,-50.000000000000000,999.00000000000000,20.000000000000000
4,0,41,77.461115215713830,-64.461115215713850,999.78539816339740,-1.0000000000000000
4,0,42,-58.189609188668710,-6.9999999999999960,1000.5707963267950,100.54923103101977
4,0,43,-73.831995161491220,-100.83199516149121,1001.3561944901924,-1.0000000000000000
4,0,44,20.000000000000000,-191.03220531299990,999.00000000000000,-1.0000000000000000
4,0,45,-1948.8045956647331,1961.8045956647334,999.78539816339740,-1.0000000000000000
4,0,46,-50.746471736372900,-6.9999999999999964,1000.5707963267950,-1.0000000000000000
4,0,47,35.245990305596760,8.2459903055967630,1001.3561944901924,-1.0000000000000000
4,0,48,20.000000000000000,-78.234215545049720,999.00000000000000,173.81863644662826
4,0,49,53.999999999999986,-40.999999999999990,999.78539816339740,53.999999999999986
4,0,50,304.82603709262390,-7.0000000000000180,1000.5707963267950,158.30382737573500
4,0,51,99.355175775152740,72.355175775152730,1001.3561944901924,273.08969013452800
4,0,52,20.000000000000000,-23.417705415180620,999.00000000000000,24.751632579659322
4,0,53,102.73280819893300,-89.732808198933010,999.78539816339740,-1.0000000000000000
4,0,54,-175.99422653653932,-6.9999999999999885,1000.5707963267950,-1.0000000000000000
4,0,55,-4.6266449904754300,-31.626644990475423,1001.3561944901924,-1.0000000000000000
4,0,56,20.000000000000000,24.054431016997363,999.00000000000000,-1.0000000000000000
4,0,57,99.092098818599780,-86.092098818599800,999.78539816339740,254.68734686045758
4,0,58,4.0828098382988422e+17,-32.000000000000000,1000.5707963267950,-1.0000000000000000
4,0,59,-45.715220500328456,-72.715220500328440,1001.3561944901924,-1.0000000000000000
4,0,60,20.000000000000000,45.917332868381166,999.00000000000000,186.18120589857770
4,0,61,24.289886199995976,-11.289886199995980,999.78539816339740,30.060716931201892
4,0,62,168.82340542301122,-7.0000000000000100,1000.5707963267950,28.201428894987690
4,0,63,-79.099212298399540,-106.09921229839952,1001.3561944901924,106.22432434680249
4,0,64,20.000000000000000,-40.582294584819380,999.00000000000000,24.751632579659320
4,0,65,-52.375215121863064,65.375215121863080,999.78539816339740,-1.0000000000000000
4,0,66,-229.75886759317000,-6.9999999999999850,1000.5707963267950,-1.0000000000000000
4,0,67,3.9999999999999964,-23.000000000000000,1001.3561944901924,3.9999999999999876
4,0,68,20.000000000000000,-49.708517769743910,999.00000000000000,-1.0000000000000000
4,0,69,-22.802784435119293,35.802784435119290,999.78539816339740,139.30429988712254
4,0,70,17.829841420887767,-7.0000000000000000,1000.5707963267950,22.065884190170248
4,0,71,1378.0300605018822,1351.0300605018820,1001.3561944901924,1839.8478731066440
4,0,72,20.000000000000000,-207.65749925546143,999.00000000000000,254.69583236448005
4,0,73,110.74799274223670,-97.747992742236720,999.78539816339740,137.05968126453092
4,0,74,129.84649957800048,-7.0000000000000070,1000.5707963267950,-1.0000000000000000
4,0,75,-16.462507556200470,-43.462507556200464,1001.3561944901924,136.53708735931266
4,0,76,20.000000000000000,-14.000000000000000,999.00000000000000,20.000000000000004
4,0,77,47.786116894869490,-34.786116894869494,999.78539816339740,-1.0000000000000000
4,0,78,-138.80361087666690,-6.9999999999999900,1000.5707963267950,12.262101345246352
4,0,79,59.065596129192926,32.065596129192926,1001.3561944901924,73.098496674416580
4,0,80,20.000000000000000,-155.03220531299990,999.00000000000000,-1.0000000000000000
4,0,81,-1637.4730310304526,1650.4730310304528,999.78539816339740,-1.0000000000000000
4,0,82,-1.3715262631452139,-6.9999999999999990,1000.5707963267950,-1.0000000000000000
4,0,83,60.132402046551675,33.132402046551675,1001.3561944901924,-1.0000000000000000
4,0,84,20.000000000000000,-42.234215545049720,999.00000000000000,173.81863644662826
4,0,85,18.000000000000000,-5.0000000000000000,999.78539816339740,18.000000000000000
4,0,86,135.92490571885233,-7.0000000000000070,1000.5707963267950,-1.0000000000000000
4,0,87,164.40435206432300,137.40435206432298,1001.3561944901924,344.33047886527440
4,0,88,20.000000000000000,12.582294584819380,999.00000000000000,24.751632579659326
4,0,89,85.716619150548900,-72.716619150548910,999.78539816339740,-1.0000000000000000
4,0,90,-143.72553152566294,-6.9999999999999900,1000.5707963267950,9.4004762983292110
4,0,91,16.193257466663987,-10.806742533336010,1001.3561944901924,20.040477954134590
4,0,92,20.000000000000000,60.054431016997370,999.00000000000000,-1.0000000000000000
4,0,93,53.340488831510044,-40.340488831510050,999.78539816339740,207.90803825343474
4,0,94,-1.7964363288514906e+17,4.0000000000000010,1000.5707963267950,-1.0000000000000000
4,0,95,0.036389486761319034,-26.963610513238677,1001.3561944901924,-1.0000000000000000
4,0,96,20.000000000000000,81.917332868381170,999.00000000000000,186.18120589857770
4,0,97,3.4699837428565687,9.5300162571434330,999.78539816339740,4.2943881330288460
4,0,98,136.55471041213485,-7.0000000000000070,1000.5707963267950,-1.0000000000000000
4,0,99,-62.083023250015415,-89.083023250015400,1001.3561944901924,131.71816219003510
4,0,100,20.000000000000000,-4.5822945848193815,999.00000000000000,24.751632579659322
4,0,101,-117.42439141103335,130.42439141103335,999.78539816339740,-1.0000000000000000
4,0,102,-60.857736219398330,-6.9999999999999960,1000.5707963267950,91.144627882999030
4,0,103,40.000000000000010,13.000000000000007,1001.3561944901924,40.000000000000014
4,0,104,20.000000000000000,-13.708517769743903,999.00000000000000,-1.0000000000000000
4,0,105,-47.689196176074210,60.689196176074220,999.78539816339740,112.04911077877246
4,0,106,-31.545104052339894,-6.9999999999999970,1000.5707963267950,-1.0000000000000000
4,0,107,1066.6984958676020,1039.6984958676020,1001.3561944901924,1373.4075672486213
4,0,108,20.000000000000000,-171.65749925546143,999.00000000000000,254.69583236448005
4,0,109,-22.149598548447330,35.149598548447330,999.78539816339740,-1.0000000000000000
4,0,110,210.46050126599870,-7.0000000000000120,1000.5707963267950,66.215347264330150
4,0,111,13.212490764643887,-13.787509235356110,1001.3561944901924,166.87866232804882
4,0,112,20.000000000000000,22.000000000000000,999.00000000000000,20.000000000000004
4,0,113,18.111118574025140,-5.1111185740251415,999.78539816339740,-1.0000000000000000
4,0,114,-219.41761256466510,-6.9999999999999860,1000.5707963267950,-1.0000000000000000
4,0,115,191.96318741987707,164.96318741987704,1001.3561944901924,237.57011419185392
4,0,116,20.000000000000000,-119.03220531299990,999.00000000000000,-1.0000000000000000
4,0,117,-1326.1414663961718,1339.1414663961720,999.78539816339740,-1.0000000000000000
4,0,118,48.003419210082470,-7.0000000000000020,1000.5707963267950,59.408149742766060
4,0,119,85.018813787506600,58.018813787506590,1001.3561944901924,-1.0000000000000000
4,0,120,20.000000000000000,-6.2342155450497220,999.00000000000000,173.81863644662826
4,0,121,-18.000000000000000,31.000000000000004,999.78539816339740,-1.0000000000000000
4,0,122,-32.976225654919260,-6.9999999999999970,1000.5707963267950,-1.0000000000000000
4,0,123,229.45352835349337,202.45352835349334,1001.3561944901924,415.57126759602090
4,0,124,20.000000000000000,48.582294584819380,999.00000000000000,24.751632579659333
4,0,125,68.700430102164790,-55.700430102164790,999.78539816339740,-1.0000000000000000
4,0,126,-111.45683651478652,-6.9999999999999920,1000.5707963267950,57.745782975451036
4,0,127,37.013159923803400,10.013159923803400,1001.3561944901924,45.806806752307650
4,0,128,20.000000000000000,96.054431016997370,999.00000000000000,-1.0000000000000000
4,0,129,7.5888788444203090,5.4111211555796930,999.78539816339740,161.12872964641198
4,0,130,-7.6756824960018240e+17,40.000000000000000,1000.5707963267950,-1.0000000000000000
4,0,131,45.787999473851116,18.787999473851110,1001.3561944901924,-1.0000000000000000
4,0,132,20.000000000000000,117.91733286838117,999.00000000000000,186.18120589857770
4,0,133,-17.349918714282843,30.349918714282847,999.78539816339740,-1.0000000000000000
4,0,134,104.28601540125845,-7.0000000000000050,1000.5707963267950,-1.0000000000000000
4,0,135,-45.066834201631295,-72.066834201631280,1001.3561944901924,157.21200003326769
4,0,136,20.000000000000000,31.417705415180620,999.00000000000000,24.751632579659326
4,0,137,-182.47356770020363,195.47356770020366,999.78539816339740,-1.0000000000000000
4,0,138,108.04339515437340,-7.0000000000000050,1000.5707963267950,263.83971229289210
4,0,139,76.000000000000010,49.000000000000010,1001.3561944901924,76.000000000000030
4,0,140,20.000000000000000,22.291482230256097,999.00000000000000,-1.0000000000000000
4,0,141,-72.575607917029130,85.575607917029150,999.78539816339740,84.793921670422400
4,0,142,-80.920049525567550,-6.9999999999999940,1000.5707963267950,-1.0000000000000000
4,0,143,755.36693123332210,728.36693123332200,1001.3561944901924,906.96726139059920
4,0,144,20.000000000000000,-135.65749925546143,999.00000000000000,254.69583236448005
4,0,145,-155.04718983913133,168.04718983913136,999.78539816339740,-1.0000000000000000
4,0,146,291.07450295399690,-7.0000000000000170,1000.5707963267950,154.50247695010360
4,0,147,42.887489085488220,15.887489085488216,1001.3561944901924,197.22023729678503
4,0,148,20.000000000000000,58.000000000000000,999.00000000000000,20.000000000000007
4,0,149,-11.563879746819202,24.563879746819207,999.78539816339740,-1.0000000000000000
4,0,150,-300.03161425266325,-6.9999999999999805,1000.5707963267950,-1.0000000000000000
4,0,151,324.86077871056120,297.86077871056114,1001.3561944901924,402.04173170929135
4,0,152,20.000000000000000,-83.032205312999900,999.00000000000000,-1.0000000000000000
4,0,153,-1014.8099017618911,1027.8099017618910,999.78539816339740,-1.0000000000000000
4,0,154,97.378364683310150,-7.0000000000000050,1000.5707963267950,120.51367519246828
4,0,155,109.90522552846153,82.905225528461510,1001.3561944901924,-1.0000000000000000
4,0,156,20.000000000000000,29.765784454950280,999.00000000000000,173.81863644662826
4,0,157,-53.999999999999990,67.000000000000000,999.78539816339740,-1.0000000000000000
4,0,158,-201.87735702869088,-6.9999999999999870,1000.5707963267950,-1.0000000000000000
4,0,159,294.50270464266360,267.50270464266356,1001.3561944901924,486.81205632676733
4,0,160,20.000000000000000,84.582294584819380,999.00000000000000,24.751632579659333
4,0,161,51.684241053780674,-38.684241053780680,999.78539816339740,-1.0000000000000000
4,0,162,-79.188141503910150,-6.9999999999999950,1000.5707963267950,106.09108965257288
4,0,163,57.833062380942820,30.833062380942813,1001.3561944901924,71.573135550480700
4,0,164,20.000000000000000,132.05443101699737,999.00000000000000,-1.0000000000000000
4,0,165,-38.162731142669436,51.162731142669440,999.78539816339740,114.34942103938916
4,0,166,-1.3554928663152156e+18,76.000000000000000,1000.5707963267950,-1.0000000000000000
4,0,167,91.539609460940880,64.539609460940870,1001.3561944901924,-1.0000000000000000
4,0,168,20.000000000000000,153.91733286838115,999.00000000000000,186.18120589857770
4,0,169,-38.169821171422260,51.169821171422264,999.78539816339740,-1.0000000000000000
4,0,170,72.017320390382070,-7.0000000000000036,1000.5707963267950,-1.0000000000000000
4,0,171,-28.050645153247185,-55.050645153247174,1001.3561944901924,182.70583787650028
4,0,172,20.000000000000000,67.417705415180620,999.00000000000000,24.751632579659326
4,0,173,-247.52274398937388,260.52274398937390,999.78539816339740,-1.0000000000000000
4,0,174,276.94452652814505,-7.0000000000000160,1000.5707963267950,436.53479670278523
4,0,175,112.00000000000000,84.999999999999990,1001.3561944901924,112.00000000000006
4,0,176,20.000000000000000,58.291482230256090,999.00000000000000,-1.0000000000000000
4,0,177,-97.462019657984020,110.46201965798403,999.78539816339740,57.538732562072370
4,0,178,-130.29499499879520,-6.9999999999999910,1000.5707963267950,-1.0000000000000000
4,0,179,444.03536659904210,417.03536659904205,1001.3561944901924,440.52695553257640
4,1,0,20.000000000000000,-279.65749925546140,-63.671853071795866,254.69583236448005
4,1,1,376.54317532360470,-363.54317532360477,-63.461853071795870,466.00291629940510
4,1,2,-31.381503797995947,-6.9999999999999970,-63.251853071795860,-1.0000000000000000
4,1,3,-75.812504197889140,-102.81250419788913,-63.041853071795860,75.853937421840360
4,1,4,20.000000000000000,-86.000000000000000,-62.831853071795860,20.000000000000000
4,1,5,107.13611353655817,-94.136113536558180,-62.621853071795870,-1.0000000000000000
4,1,6,22.424392499329485,-7.0000000000000010,1000.5707963267950,188.83636071679317
4,1,7,-206.72958645217534,-233.72958645217530,-62.201853071795860,-1.0000000000000000
4,1,8,20.000000000000000,-227.03220531299990,-61.991853071795860,-1.0000000000000000
4,1,9,-2260.1361602990140,2273.1361602990146,-63.671853071795866,-1.0000000000000000
4,1,10,-100.12141720960058,-6.9999999999999930,-63.461853071795865,-1.0000000000000000
4,1,11,10.359578564641824,-16.640421435358170,1001.3561944901924,-1.0000000000000000
4,1,12,20.000000000000000,-114.23421554504972,-63.041853071795860,173.81863644662826
4,1,13,90.000000000000000,-77.000000000000000,-62.831853071795860,89.999999999999990
4,1,14,473.72716846639550,-7.0000000000000280,-62.621853071795860,330.99891178562797
4,1,15,34.305999485982454,7.3059994859824510,1001.3561944901924,201.84890140378155
4,1,16,20.000000000000000,-59.417705415180620,-62.201853071795860,24.751632579659320
4,1,17,119.74899724731713,-106.74899724731715,-61.991853071795866,-1.0000000000000000
4,1,18,-208.26292154741571,-6.9999999999999870,-63.671853071795860,-1.0000000000000000
4,1,19,-25.446547447614837,-52.446547447614830,-63.461853071795865,-1.0000000000000000
4,1,20,20.000000000000000,-11.945568983002637,999.00000000000000,-1.0000000000000000
4,1,21,144.84370880568952,-131.84370880568954,-63.041853071795860,301.46665546748040
4,1,22,9.9620560054491763e+17,-68.000000000000000,-62.831853071795855,-1.0000000000000000
4,1,23,-91.466830487418240,-118.46683048741822,-62.621853071795860,-1.0000000000000000
4,1,24,20.000000000000000,9.9173328683811660,999.00000000000000,186.18120589857770
4,1,25,45.109788657135380,-32.109788657135390,-62.201853071795870,55.827045729374930
4,1,26,201.09210043388760,-7.0000000000000115,-61.991853071795860,76.546735572109510
4,1,27,-96.115401346783630,-123.11540134678361,-63.671853071795860,80.730486503569890
4,1,28,20.000000000000000,-76.582294584819380,-63.461853071795865,24.751632579659320
4,1,29,12.673961167307178,0.32603883269282274,999.78539816339740,-1.0000000000000000
4,1,30,-398.65999896694166,-6.9999999999999750,-63.041853071795860,-1.0000000000000000
4,1,31,-32.000000000000014,-59.000000000000000,-62.831853071795870,-1.0000000000000000
4,1,32,20.000000000000000,-85.708517769743900,-62.621853071795860,-1.0000000000000000
4,1,33,2.0836273058356163,10.916372694164385,-62.411853071795870,166.55948899547258
4,1,34,67.204786894115430,-7.0000000000000036,-62.201853071795860,83.171409639872460
4,1,35,1689.3616251361620,1662.3616251361618,-61.991853071795866,2306.2881789646670
4,1,36,20.000000000000000,-243.65749925546143,-63.671853071795866,254.69583236448005
4,1,37,243.64558403292074,-230.64558403292077,-63.461853071795870,301.53129878196796
4,1,38,49.232497890002236,-7.0000000000000020,-63.251853071795860,-1.0000000000000000
4,1,39,-46.137505877044800,-73.137505877044790,-63.041853071795860,106.19551239057652
4,1,40,20.000000000000000,-50.000000000000000,-62.831853071795860,20.000000000000000
4,1,41,77.461115215713830,-64.461115215713850,-62.621853071795870,-1.0000000000000000
4,1,42,-58.189609188668710,-6.9999999999999960,-62.411853071795860,100.54923103101977
4,1,43,-73.831995161491220,-100.83199516149121,-62.201853071795860,-1.0000000000000000
4,1,44,20.000000000000000,-191.03220531299990,-61.991853071795860,-1.0000000000000000
4,1,45,-1948.8045956647331,1961.8045956647334,-63.671853071795866,-1.0000000000000000
4,1,46,-50.746471736372900,-6.9999999999999964,-63.461853071795865,-1.0000000000000000
4,1,47,35.245990305596760,8.2459903055967630,1001.3561944901924,-1.0000000000000000
4,1,48,20.000000000000000,-78.234215545049720,-63.041853071795860,173.81863644662826
4,1,49,53.999999999999986,-40.999999999999990,-62.831853071795860,53.999999999999986
4,1,50,304.82603709262390,-7.0000000000000180,-62.621853071795860,158.30382737573500
4,1,51,99.355175775152740,72.355175775152730,-62.411853071795870,273.08969013452800
4,1,52,20.000000000000000,-23.417705415180620,999.00000000000000,24.751632579659322
4,1,53,102.73280819893300,-89.732808198933010,-61.991853071795866,-1.0000000000000000
4,1,54,-175.99422653653932,-6.9999999999999885,-63.671853071795860,-1.0000000000000000
4,1,55,-4.6266449904754300,-31.626644990475423,-63.461853071795865,-1.0000000000000000
4,1,56,20.000000000000000,24.054431016997363,-63.251853071795864,-1.0000000000000000
4,1,57,99.092098818599780,-86.092098818599800,-63.041853071795860,254.68734686045758
4,1,58,4.0828098382988422e+17,-32.000000000000000,-62.831853071795855,-1.0000000000000000
4,1,59,-45.715220500328456,-72.715220500328440,-62.621853071795860,-1.0000000000000000
4,1,60,20.000000000000000,45.917332868381166,-62.411853071795860,186.18120589857770
4,1,61,24.289886199995976,-11.289886199995980,999.78539816339740,30.060716931201892
4,1,62,168.82340542301122,-7.0000000000000100,-61.991853071795860,28.201428894987690
4,1,63,-79.099212298399540,-106.09921229839952,-63.671853071795860,106.22432434680249
4,1,64,20.000000000000000,-40.582294584819380,-63.461853071795865,24.751632579659320
4,1,65,-52.375215121863064,65.375215121863080,-63.251853071795864,-1.0000000000000000
4,1,66,-229.75886759317000,-6.9999999999999850,-63.041853071795860,-1.0000000000000000
4,1,67,3.9999999999999964,-23.000000000000000,1001.3561944901924,3.9999999999999876
4,1,68,20.000000000000000,-49.708517769743910,-62.621853071795860,-1.0000000000000000
4,1,69,-22.802784435119293,35.802784435119290,-62.411853071795870,139.30429988712254
4,1,70,17.829841420887767,-7.0000000000000000,1000.5707963267950,22.065884190170248
4,1,71,1378.0300605018822,1351.0300605018820,-61.991853071795866,1839.8478731066440
4,1,72,20.000000000000000,-207.65749925546143,-63.671853071795866,254.69583236448005
4,1,73,110.74799274223670,-97.747992742236720,-63.461853071795870,137.05968126453092
4,1,74,129.84649957800048,-7.0000000000000070,-63.251853071795860,-1.0000000000000000
4,1,75,-16.462507556200470,-43.462507556200464,-63.041853071795860,136.53708735931266
4,1,76,20.000000000000000,-14.000000000000000,999.00000000000000,20.000000000000004
4,1,77,47.786116894869490,-34.786116894869494,-62.621853071795870,-1.0000000000000000
4,1,78,-138.80361087666690,-6.9999999999999900,-62.411853071795860,12.262101345246352
4,1,79,59.065596129192926,32.065596129192926,-62.201853071795860,73.098496674416580
4,1,80,20.000000000000000,-155.03220531299990,-61.991853071795860,-1.0000000000000000
4,1,81,-1637.4730310304526,1650.4730310304528,-63.671853071795866,-1.0000000000000000
4,1,82,-1.3715262631452139,-6.9999999999999990,1000.5707963267950,-1.0000000000000000
4,1,83,60.132402046551675,33.132402046551675,-63.251853071795860,-1.0000000000000000
4,1,84,20.000000000000000,-42.234215545049720,-63.041853071795860,173.81863644662826
4,1,85,18.000000000000000,-5.0000000000000000,999.78539816339740,18.000000000000000
4,1,86,135.92490571885233,-7.0000000000000070,-62.621853071795860,-1.0000000000000000
4,1,87,164.40435206432300,137.40435206432298,-62.411853071795870,344.33047886527440
4,1,88,20.000000000000000,12.582294584819380,999.00000000000000,24.751632579659326
4,1,89,85.716619150548900,-72.716619150548910,-61.991853071795866,-1.0000000000000000
4,1,90,-143.72553152566294,-6.9999999999999900,-63.671853071795860,9.4004762983292110
4,1,91,16.193257466663987,-10.806742533336010,1001.3561944901924,20.040477954134590
4,1,92,20.000000000000000,60.054431016997370,-63.251853071795864,-1.0000000000000000
4,1,93,53.340488831510044,-40.340488831510050,-63.041853071795860,207.90803825343474
4,1,94,-1.7964363288514906e+17,4.0000000000000010,-62.831853071795855,-1.0000000000000000
4,1,95,0.036389486761319034,-26.963610513238677,-62.621853071795860,-1.0000000000000000
4,1,96,20.000000000000000,81.917332868381170,-62.411853071795860,186.18120589857770
4,1,97,3.4699837428565687,9.5300162571434330,999.78539816339740,4.2943881330288460
4,1,98,136.55471041213485,-7.0000000000000070,-61.991853071795860,-1.0000000000000000
4,1,99,-62.083023250015415,-89.083023250015400,-63.671853071795860,131.71816219003510
4,1,100,20.000000000000000,-4.5822945848193815,999.00000000000000,24.751632579659322
4,1,101,-117.42439141103335,130.42439141103335,-63.251853071795864,-1.0000000000000000
4,1,102,-60.857736219398330,-6.9999999999999960,-63.041853071795860,91.144627882999030
4,1,103,40.000000000000010,13.000000000000007,-62.831853071795870,40.000000000000014
4,1,104,20.000000000000000,-13.708517769743903,999.00000000000000,-1.0000000000000000
4,1,105,-47.689196176074210,60.689196176074220,-62.411853071795870,112.04911077877246
4,1,106,-31.545104052339894,-6.9999999999999970,-62.201853071795860,-1.0000000000000000
4,1,107,1066.6984958676020,1039.6984958676020,-61.991853071795866,1373.4075672486213
4,1,108,20.000000000000000,-171.65749925546143,-63.671853071795866,254.69583236448005
4,1,109,-22.149598548447330,35.149598548447330,-63.461853071795870,-1.0000000000000000
4,1,110,210.46050126599870,-7.0000000000000120,-63.251853071795860,66.215347264330150
4,1,111,13.212490764643887,-13.787509235356110,1001.3561944901924,166.87866232804882
4,1,112,20.000000000000000,22.000000000000000,-62.831853071795860,20.000000000000004
4,1,113,18.111118574025140,-5.1111185740251415,999.78539816339740,-1.0000000000000000
4,1,114,-219.41761256466510,-6.9999999999999860,-62.411853071795860,-1.0000000000000000
4,1,115,191.96318741987707,164.96318741987704,-62.201853071795860,237.57011419185392
4,1,116,20.000000000000000,-119.03220531299990,-61.991853071795860,-1.0000000000000000
4,1,117,-1326.1414663961718,1339.1414663961720,-63.671853071795866,-1.0000000000000000
4,1,118,48.003419210082470,-7.0000000000000020,-63.461853071795865,59.408149742766060
4,1,119,85.018813787506600,58.018813787506590,-63.251853071795860,-1.0000000000000000
4,1,120,20.000000000000000,-6.2342155450497220,999.00000000000000,173.81863644662826
4,1,121,-18.000000000000000,31.000000000000004,-62.831853071795860,-1.0000000000000000
4,1,122,-32.976225654919260,-6.9999999999999970,-62.621853071795860,-1.0000000000000000
4,1,123,229.45352835349337,202.45352835349334,-62.411853071795870,415.57126759602090
4,1,124,20.000000000000000,48.582294584819380,-62.201853071795860,24.751632579659333
4,1,125,68.700430102164790,-55.700430102164790,-61.991853071795866,-1.0000000000000000
4,1,126,-111.45683651478652,-6.9999999999999920,-63.671853071795860,57.745782975451036
4,1,127,37.013159923803400,10.013159923803400,1001.3561944901924,45.806806752307650
4,1,128,20.000000000000000,96.054431016997370,-63.251853071795864,-1.0000000000000000
4,1,129,7.5888788444203090,5.4111211555796930,999.78539816339740,161.12872964641198
4,1,130,-7.6756824960018240e+17,40.000000000000000,-62.831853071795855,-1.0000000000000000
4,1,131,45.787999473851116,18.787999473851110,-62.621853071795860,-1.0000000000000000
4,1,132,20.000000000000000,117.91733286838117,-62.411853071795860,186.18120589857770
4,1,133,-17.349918714282843,30.349918714282847,-62.201853071795870,-1.0000000000000000
4,1,134,104.28601540125845,-7.0000000000000050,-61.991853071795860,-1.0000000000000000
4,1,135,-45.066834201631295,-72.066834201631280,-63.671853071795860,157.21200003326769
4,1,136,20.000000000000000,31.417705415180620,-63.461853071795865,24.751632579659326
4,1,137,-182.47356770020363,195.47356770020366,-63.251853071795864,-1.0000000000000000
4,1,138,108.04339515437340,-7.0000000000000050,-63.041853071795860,263.83971229289210
4,1,139,76.000000000000010,49.000000000000010,-62.831853071795870,76.000000000000030
4,1,140,20.000000000000000,22.291482230256097,-62.621853071795860,-1.0000000000000000
4,1,141,-72.575607917029130,85.575607917029150,-62.411853071795870,84.793921670422400
4,1,142,-80.920049525567550,-6.9999999999999940,-62.201853071795860,-1.0000000000000000
4,1,143,755.36693123332210,728.36693123332200,-61.991853071795866,906.96726139059920
4,1,144,20.000000000000000,-135.65749925546143,-63.671853071795866,254.69583236448005
4,1,145,-155.04718983913133,168.04718983913136,-63.461853071795870,-1.0000000000000000
4,1,146,291.07450295399690,-7.0000000000000170,-63.251853071795860,154.50247695010360
4,1,147,42.887489085488220,15.887489085488216,-63.041853071795860,197.22023729678503
4,1,148,20.000000000000000,58.000000000000000,-62.831853071795860,20.000000000000007
4,1,149,-11.563879746819202,24.563879746819207,-62.621853071795870,-1.0000000000000000
4,1,150,-300.03161425266325,-6.9999999999999805,-62.411853071795860,-1.0000000000000000
4,1,151,324.86077871056120,297.86077871056114,-62.201853071795860,402.04173170929135
4,1,152,20.000000000000000,-83.032205312999900,-61.991853071795860,-1.0000000000000000
4,1,153,-1014.8099017618911,1027.8099017618910,-63.671853071795866,-1.0000000000000000
4,1,154,97.378364683310150,-7.0000000000000050,-63.461853071795865,120.51367519246828
4,1,155,109.90522552846153,82.905225528461510,-63.251853071795860,-1.0000000000000000
4,1,156,20.000000000000000,29.765784454950280,-63.041853071795860,173.81863644662826
4,1,157,-53.999999999999990,67.000000000000000,-62.831853071795860,-1.0000000000000000
4,1,158,-201.87735702869088,-6.9999999999999870,-62.621853071795860,-1.0000000000000000
4,1,159,294.50270464266360,267.50270464266356,-62.411853071795870,486.81205632676733
4,1,160,20.000000000000000,84.582294584819380,-62.201853071795860,24.751632579659333
4,1,161,51.684241053780674,-38.684241053780680,-61.991853071795866,-1.0000000000000000
4,1,162,-79.188141503910150,-6.9999999999999950,-63.671853071795860,106.09108965257288
4,1,163,57.833062380942820,30.833062380942813,-63.461853071795865,71.573135550480700
4,1,164,20.000000000000000,132.05443101699737,-63.251853071795864,-1.0000000000000000
4,1,165,-38.162731142669436,51.162731142669440,-63.041853071795860,114.34942103938916
4,1,166,-1.3554928663152156e+18,76.000000000000000,-62.831853071795855,-1.0000000000000000
4,1,167,91.539609460940880,64.539609460940870,-62.621853071795860,-1.0000000000000000
4,1,168,20.000000000000000,153.91733286838115,-62.411853071795860,186.18120589857770
4,1,169,-38.169821171422260,51.169821171422264,-62.201853071795870,-1.0000000000000000
4,1,170,72.017320390382070,-7.0000000000000036,-61.991853071795860,-1.0000000000000000
4,1,171,-28.050645153247185,-55.050645153247174,-63.671853071795860,182.70583787650028
4,1,172,20.000000000000000,67.417705415180620,-63.461853071795865,24.751632579659326
4,1,173,-247.52274398937388,260.52274398937390,-63.251853071795864,-1.0000000000000000
4,1,174,276.94452652814505,-7.0000000000000160,-63.041853071795860,436.53479670278523
4,1,175,112.00000000000000,84.999999999999990,-62.831853071795870,112.00000000000006
4,1,176,20.000000000000000,58.291482230256090,-62.621853071795860,-1.0000000000000000
4,1,177,-97.462019657984020,110.46201965798403,-62.411853071795870,57.538732562072370
4,1,178,-130.29499499879520,-6.9999999999999910,-62.201853071795860,-1.0000000000000000
4,1,179,444.03536659904210,417.03536659904205,-61.991853071795866,440.52695553257640
4,2,0,20.000000000000000,-279.65749925546140,999.00000000000000,254.69583236448005
4,2,1,376.54317532360470,-363.54317532360477,999.78539816339740,466.00291629940510
4,2,2,-31.381503797995947,-6.9999999999999970,1000.5707963267950,-1.0000000000000000
4,2,3,-75.812504197889140,-102.81250419788913,1001.3561944901924,75.853937421840360
4,2,4,20.000000000000000,-86.000000000000000,999.00000000000000,20.000000000000000
4,2,5,107.13611353655817,-94.136113536558180,999.78539816339740,-1.0000000000000000
4,2,6,22.424392499329485,-7.0000000000000010,1000.5707963267950,188.83636071679317
4,2,7,-206.72958645217534,-233.72958645217530,1001.3561944901924,-1.0000000000000000
4,2,8,20.000000000000000,-227.03220531299990,999.00000000000000,-1.0000000000000000
4,2,9,-2260.1361602990140,2273.1361602990146,999.78539816339740,-1.0000000000000000
4,2,10,-100.12141720960058,-6.9999999999999930,1000.5707963267950,-1.0000000000000000
4,2,11,10.359578564641824,-16.640421435358170,1001.3561944901924,-1.0000000000000000
4,2,12,20.000000000000000,-114.23421554504972,999.00000000000000,173.81863644662826
4,2,13,90.000000000000000,-77.000000000000000,999.78539816339740,89.999999999999990
4,2,14,473.72716846639550,-7.0000000000000280,1000.5707963267950,330.99891178562797
4,2,15,34.305999485982454,7.3059994859824510,1001.3561944901924,201.84890140378155
4,2,16,20.000000000000000,-59.417705415180620,999.00000000000000,24.751632579659320
4,2,17,119.74899724731713,-106.74899724731715,999.78539816339740,-1.0000000000000000
4,2,18,-208.26292154741571,-6.9999999999999870,1000.5707963267950,-1.0000000000000000
4,2,19,-25.446547447614837,-52.446547447614830,1001.3561944901924,-1.0000000000000000
4,2,20,20.000000000000000,-11.945568983002637,999.00000000000000,-1.0000000000000000
4,2,21,144.84370880568952,-131.84370880568954,999.78539816339740,301.46665546748040
4,2,22,9.9620560054491763e+17,-68.000000000000000,1000.5707963267950,-1.0000000000000000
4,2,23,-91.466830487418240,-118.46683048741822,1001.3561944901924,-1.0000000000000000
4,2,24,20.000000000000000,9.9173328683811660,999.00000000000000,186.18120589857770
4,2,25,45.109788657135380,-32.109788657135390,999.78539816339740,55.827045729374930
4,2,26,201.09210043388760,-7.0000000000000115,1000.5707963267950,76.546735572109510
4,2,27,-96.115401346783630,-123.11540134678361,1001.3561944901924,80.730486503569890
4,2,28,20.000000000000000,-76.582294584819380,999.00000000000000,24.751632579659320
4,2,29,12.673961167307178,0.32603883269282274,999.78539816339740,-1.0000000000000000
4,2,30,-398.65999896694166,-6.9999999999999750,1000.5707963267950,-1.0000000000000000
4,2,31,-32.000000000000014,-59.000000000000000,1001.3561944901924,-1.0000000000000000
4,2,32,20.000000000000000,-85.708517769743900,999.00000000000000,-1.0000000000000000
4,2,33,2.0836273058356163,10.916372694164385,999.78539816339740,166.55948899547258
4,2,34,67.204786894115430,-7.0000000000000036,1000.5707963267950,83.171409639872460
4,2,35,1689.3616251361620,1662.3616251361618,1001.3561944901924,2306.2881789646670
4,2,36,20.000000000000000,-243.65749925546143,999.00000000000000,254.69583236448005
4,2,37,243.64558403292074,-230.64558403292077,999.78539816339740,301.53129878196796
4,2,38,49.232497890002236,-7.0000000000000020,1000.5707963267950,-1.0000000000000000
4,2,39,-46.137505877044800,-73.137505877044790,1001.3561944901924,106.19551239057652
4,2,40,20.000000000000000,-50.000000000000000,999.00000000000000,20.000000000000000
4,2,41,77.461115215713830,-64.461115215713850,999.78539816339740,-1.0000000000000000
4,2,42,-58.189609188668710,-6.9999999999999960,1000.5707963267950,100.54923103101977
4,2,43,-73.831995161491220,-100.83199516149121,1001.3561944901924,-1.0000000000000000
4,2,44,20.000000000000000,-191.03220531299990,999.00000000000000,-1.0000000000000000
4,2,45,-1948.8045956647331,1961.8045956647334,999.78539816339740,-1.0000000000000000
4,2,46,-50.746471736372900,-6.9999999999999964,1000.5707963267950,-1.0000000000000000
4,2,47,35.245990305596760,8.2459903055967630,1001.3561944901924,-1.0000000000000000
4,2,48,20.000000000000000,-78.234215545049720,999.00000000000000,173.81863644662826
4,2,49,53.999999999999986,-40.999999999999990,999.78539816339740,53.999999999999986
4,2,50,304.82603709262390,-7.0000000000000180,1000.5707963267950,158.30382737573500
4,2,51,99.355175775152740,72.355175775152730,1001.3561944901924,273.08969013452800
4,2,52,20.000000000000000,-23.417705415180620,999.00000000000000,24.751632579659322
4,2,53,102.73280819893300,-89.732808198933010,999.78539816339740,-1.0000000000000000
4,2,54,-175.99422653653932,-6.9999999999999885,1000.5707963267950,-1.0000000000000000
4,2,55,-4.6266449904754300,-31.626644990475423,1001.3561944901924,-1.0000000000000000
4,2,56,20.000000000000000,24.054431016997363,999.00000000000000,-1.0000000000000000
4,2,57,99.092098818599780,-86.092098818599800,999.78539816339740,254.68734686045758
4,2,58,4.0828098382988422e+17,-32.000000000000000,1000.5707963267950,-1.0000000000000000
4,2,59,-45.715220500328456,-72.715220500328440,1001.3561944901924,-1.0000000000000000
4,2,60,20.000000000000000,45.917332868381166,999.00000000000000,186.18120589857770
4,2,61,24.289886199995976,-11.289886199995980,999.78539816339740,30.060716931201892
4,2,62,168.82340542301122,-7.0000000000000100,1000.5707963267950,28.201428894987690
4,2,63,-79.099212298399540,-106.09921229839952,1001.3561944901924,106.22432434680249
4,2,64,20.000000000000000,-40.582294584819380,999.00000000000000,24.751632579659320
4,2,65,-52.375215121863064,65.375215121863080,999.78539816339740,-1.0000000000000000
4,2,66,-229.75886759317000,-6.9999999999999850,1000.5707963267950,-1.0000000000000000
4,2,67,3.9999999999999964,-23.000000000000000,1001.3561944901924,3.9999999999999876
4,2,68,20.000000000000000,-49.708517769743910,999.00000000000000,-1.0000000000000000
4,2,69,-22.802784435119293,35.802784435119290,999.78539816339740,139.30429988712254
4,2,70,17.829841420887767,-7.0000000000000000,1000.5707963267950,22.065884190170248
4,2,71,1378.0300605018822,1351.0300605018820,1001.3561944901924,1839.8478731066440
4,2,72,20.000000000000000,-207.65749925546143,999.00000000000000,254.69583236448005
4,2,73,110.74799274223670,-97.747992742236720,999.78539816339740,137.05968126453092
4,2,74,129.84649957800048,-7.0000000000000070,1000.5707963267950,-1.0000000000000000
4,2,75,-16.462507556200470,-43.462507556200464,1001.3561944901924,136.53708735931266
4,2,76,20.000000000000000,-14.000000000000000,999.00000000000000,20.000000000000004
4,2,77,47.786116894869490,-34.786116894869494,999.78539816339740,-1.0000000000000000
4,2,78,-138.80361087666690,-6.9999999999999900,1000.5707963267950,12.262101345246352
4,2,79,59.065596129192926,32.065596129192926,1001.3561944901924,73.098496674416580
4,2,80,20.000000000000000,-155.03220531299990,999.00000000000000,-1.0000000000000000
4,2,81,-1637.4730310304526,1650.4730310304528,999.78539816339740,-1.0000000000000000
4,2,82,-1.3715262631452139,-6.9999999999999990,1000.5707963267950,-1.0000000000000000
4,2,83,60.132402046551675,33.132402046551675,1001.3561944901924,-1.0000000000000000
4,2,84,20.000000000000000,-42.234215545049720,999.00000000000000,173.81863644662826
4,2,85,18.000000000000000,-5.0000000000000000,999.78539816339740,18.000000000000000
4,2,86,135.92490571885233,-7.0000000000000070,1000.5707963267950,-1.0000000000000000
4,2,87,164.40435206432300,137.40435206432298,1001.3561944901924,344.33047886527440
4,2,88,20.000000000000000,12.582294584819380,999.00000000000000,24.751632579659326
4,2,89,85.716619150548900,-72.716619150548910,999.78539816339740,-1.0000000000000000
4,2,90,-143.72553152566294,-6.9999999999999900,1000.5707963267950,9.4004762983292110
4,2,91,16.193257466663987,-10.806742533336010,1001.3561944901924,20.040477954134590
4,2,92,20.000000000000000,60.054431016997370,999.00000000000000,-1.0000000000000000
4,2,93,53.340488831510044,-40.340488831510050,999.78539816339740,207.90803825343474
4,2,94,-1.7964363288514906e+17,4.0000000000000010,1000.5707963267950,-1.0000000000000000
4,2,95,0.036389486761319034,-26.963610513238677,1001.3561944901924,-1.0000000000000000
4,2,96,20.000000000000000,81.917332868381170,999.00000000000000,186.18120589857770
4,2,97,3.4699837428565687,9.5300162571434330,999.78539816339740,4.2943881330288460
4,2,98,136.55471041213485,-7.0000000000000070,1000.5707963267950,-1.0000000000000000
4,2,99,-62.083023250015415,-89.083023250015400,1001.3561944901924,131.71816219003510
4,2,100,20.000000000000000,-4.5822945848193815,999.00000000000000,24.751632579659322
4,2,101,-117.42439141103335,130.42439141103335,999.78539816339740,-1.0000000000000000
4,2,102,-60.857736219398330,-6.9999999999999960,1000.5707963267950,91.144627882999030
4,2,103,40.000000000000010,13.000000000000007,1001.3561944901924,40.000000000000014
4,2,104,20.000000000000000,-13.708517769743903,999.00000000000000,-1.0000000000000000
4,2,105,-47.689196176074210,60.689196176074220,999.78539816339740,112.04911077877246
4,2,106,-31.545104052339894,-6.9999999999999970,1000.5707963267950,-1.0000000000000000
4,2,107,1066.6984958676020,1039.6984958676020,1001.3561944901924,1373.4075672486213
4,2,108,20.000000000000000,-171.65749925546143,999.00000000000000,254.69583236448005
4,2,109,-22.149598548447330,35.149598548447330,999.78539816339740,-1.0000000000000000
4,2,110,210.46050126599870,-7.0000000000000120,1000.5707963267950,66.215347264330150
4,2,111,13.212490764643887,-13.787509235356110,1001.3561944901924,166.87866232804882
4,2,112,20.000000000000000,22.000000000000000,999.00000000000000,20.000000000000004
4,2,113,18.111118574025140,-5.1111185740251415,999.78539816339740,-1.0000000000000000
4,2,114,-219.41761256466510,-6.9999999999999860,1000.5707963267950,-1.0000000000000000
4,2,115,191.96318741987707,164.96318741987704,1001.3561944901924,237.57011419185392
4,2,116,20.000000000000000,-119.03220531299990,999.00000000000000,-1.0000000000000000
4,2,117,-1326.1414663961718,1339.1414663961720,999.78539816339740,-1.0000000000000000
4,2,118,48.003419210082470,-7.0000000000000020,1000.5707963267950,59.408149742766060
4,2,119,85.018813787506600,58.018813787506590,1001.3561944901924,-1.0000000000000000
4,2,120,20.000000000000000,-6.2342155450497220,999.00000000000000,173.81863644662826
4,2,121,-18.000000000000000,31.000000000000004,999.78539816339740,-1.0000000000000000
4,2,122,-32.976225654919260,-6.9999999999999970,1000.5707963267950,-1.0000000000000000
4,2,123,229.45352835349337,202.45352835349334,1001.3561944901924,415.57126759602090
4,2,124,20.000000000000000,48.582294584819380,999.00000000000000,24.751632579659333
4,2,125,68.700430102164790,-55.700430102164790,999.78539816339740,-1.0000000000000000
4,2,126,-111.45683651478652,-6.9999999999999920,1000.5707963267950,57.745782975451036
4,2,127,37.013159923803400,10.013159923803400,1001.3561944901924,45.806806752307650
4,2,128,20.000000000000000,96.054431016997370,999.00000000000000,-1.0000000000000000
4,2,129,7.5888788444203090,5.4111211555796930,999.78539816339740,161.12872964641198
4,2,130,-7.6756824960018240e+17,40.000000000000000,1000.5707963267950,-1.0000000000000000
4,2,131,45.787999473851116,18.787999473851110,1001.3561944901924,-1.0000000000000000
4,2,132,20.000000000000000,117.91733286838117,999.00000000000000,186.18120589857770
4,2,133,-17.349918714282843,30.349918714282847,999.78539816339740,-1.0000000000000000
4,2,134,104.28601540125845,-7.0000000000000050,1000.5707963267950,-1.0000000000000000
4,2,135,-45.066834201631295,-72.066834201631280,1001.3561944901924,157.21200003326769
4,2,136,20.000000000000000,31.417705415180620,999.00000000000000,24.751632579659326
4,2,137,-182.47356770020363,195.47356770020366,999.78539816339740,-1.0000000000000000
4,2,138,108.04339515437340,-7.0000000000000050,1000.5707963267950,263.83971229289210
4,2,139,76.000000000000010,49.000000000000010,1001.3561944901924,76.000000000000030
4,2,140,20.000000000000000,22.291482230256097,999.00000000000000,-1.0000000000000000
4,2,141,-72.575607917029130,85.575607917029150,999.78539816339740,84.793921670422400
4,2,142,-80.920049525567550,-6.9999999999999940,1000.5707963267950,-1.0000000000000000
4,2,143,755.36693123332210,728.36693123332200,1001.3561944901924,906.96726139059920
4,2,144,20.000000000000000,-135.65749925546143,999.00000000000000,254.69583236448005
4,2,145,-155.04718983913133,168.04718983913136,999.78539816339740,-1.0000000000000000
4,2,146,291.07450295399690,-7.0000000000000170,1000.5707963267950,154.50247695010360
4,2,147,42.887489085488220,15.887489085488216,1001.3561944901924,197.22023729678503
4,2,148,20.000000000000000,58.000000000000000,999.00000000000000,20.000000000000007
4,2,149,-11.563879746819202,24.563879746819207,999.78539816339740,-1.0000000000000000
4,2,150,-300.03161425266325,-6.9999999999999805,1000.5707963267950,-1.0000000000000000
4,2,151,324.86077871056120,297.86077871056114,1001.3561944901924,402.04173170929135
4,2,152,20.000000000000000,-83.032205312999900,999.00000000000000,-1.0000000000000000
4,2,153,-1014.8099017618911,1027.8099017618910,999.78539816339740,-1.0000000000000000
4,2,154,97.378364683310150,-7.0000000000000050,1000.5707963267950,120.51367519246828
4,2,155,109.90522552846153,82.905225528461510,1001.3561944901924,-1.0000000000000000
4,2,156,20.000000000000000,29.765784454950280,999.00000000000000,173.81863644662826
4,2,157,-53.999999999999990,67.000000000000000,999.78539816339740,-1.0000000000000000
4,2,158,-201.87735702869088,-6.9999999999999870,1000.5707963267950,-1.0000000000000000
4,2,159,294.50270464266360,267.50270464266356,1001.3561944901924,486.81205632676733
4,2,160,20.000000000000000,84.582294584819380,999.00000000000000,24.751632579659333
4,2,161,51.684241053780674,-38.684241053780680,999.78539816339740,-1.0000000000000000
4,2,162,-79.188141503910150,-6.9999999999999950,1000.5707963267950,106.09108965257288
4,2,163,57.833062380942820,30.833062380942813,1001.3561944901924,71.573135550480700
4,2,164,20.000000000000000,132.05443101699737,999.00000000000000,-1.0000000000000000
4,2,165,-38.162731142669436,51.162731142669440,999.78539816339740,114.34942103938916
4,2,166,-1.3554928663152156e+18,76.000000000000000,1000.5707963267950,-1.0000000000000000
4,2,167,91.539609460940880,64.539609460940870,1001.3561944901924,-1.0000000000000000
4,2,168,20.000000000000000,153.91733286838115,999.00000000000000,186.18120589857770
4,2,169,-38.169821171422260,51.169821171422264,999.78539816339740,-1.0000000000000000
4,2,170,72.017320390382070,-7.0000000000000036,1000.5707963267950,-1.0000000000000000
4,2,171,-28.050645153247185,-55.050645153247174,1001.3561944901924,182.70583787650028
4,2,172,20.000000000000000,67.417705415180620,999.00000000000000,24.751632579659326
4,2,173,-247.52274398937388,260.52274398937390,999.78539816339740,-1.0000000000000000
4,2,174,276.94452652814505,-7.0000000000000160,1000.5707963267950,436.53479670278523
4,2,175,112.00000000000000,84.999999999999990,1001.3561944901924,112.00000000000006
4,2,176,20.000000000000000,58.291482230256090,999.00000000000000,-1.0000000000000000
4,2,177,-97.462019657984020,110.46201965798403,999.78539816339740,57.538732562072370
4,2,178,-130.29499499879520,-6.9999999999999910,1000.5707963267950,-1.0000000000000000
4,2,179,444.03536659904210,417.03536659904205,1001.3561944901924,440.52695553257640
