I,1,0,1.0000000000000000
I,1,1,1.0000000000000000
I,1,2,1.0000000000000000
I,1,3,1.0000000000000000
I,1,4,1.0000000000000000
I,1,5,1.0000000000000000
I,1,6,1.0000000000000000
I,1,7,1.0000000000000000
I,1,8,1.0000000000000000
I,1,9,1.0000000000000000
I,1,10,1.0000000000000000
I,1,11,1.0000000000000000
I,1,12,1.0000000000000000
I,1,13,1.0000000000000000
I,1,14,1.0000000000000000
I,1,15,1.0000000000000000
I,1,16,1.0000000000000000
I,1,17,1.0000000000000000
I,1,18,1.0000000000000000
I,1,19,1.0000000000000000
I,1,20,1.0000000000000000
I,1,21,1.0000000000000000
I,1,22,1.0000000000000000
I,1,23,1.0000000000000000
I,1,24,1.0000000000000000
I,1,25,1.0000000000000000
I,1,26,1.0000000000000000
I,1,27,1.0000000000000000
I,1,28,1.0000000000000000
I,1,29,1.0000000000000000
I,1,30,1.0000000000000000
I,1,31,1.0000000000000000
I,1,32,1.0000000000000000
I,1,33,1.0000000000000000
I,1,34,1.0000000000000000
I,1,35,1.0000000000000000
I,1,36,1.0000000000000000
I,1,37,1.0000000000000000
I,1,38,1.0000000000000000
I,1,39,1.0000000000000000
I,1,40,1.0000000000000000
I,1,41,1.0000000000000000
I,1,42,1.0000000000000000
I,1,43,1.0000000000000000
I,1,44,1.0000000000000000
I,1,45,1.0000000000000000
I,1,46,1.0000000000000000
I,1,47,1.0000000000000000
I,1,48,1.0000000000000000
I,1,49,1.0000000000000000
I,1,50,1.0000000000000000
I,1,51,1.0000000000000000
I,1,52,1.0000000000000000
I,1,53,1.0000000000000000
I,1,54,1.0000000000000000
I,1,55,1.0000000000000000
I,1,56,1.0000000000000000
I,1,57,1.0000000000000000
I,1,58,1.0000000000000000
I,1,59,1.0000000000000000
I,1,60,1.0000000000000000
I,1,61,1.0000000000000000
I,1,62,1.0000000000000000
I,1,63,1.0000000000000000
I,1,64,1.0000000000000000
I,1,65,1.0000000000000000
I,1,66,1.0000000000000000
I,1,67,1.0000000000000000
I,1,68,1.0000000000000000
I,1,69,1.0000000000000000
I,1,70,1.0000000000000000
I,1,71,1.0000000000000000
I,1,72,1.0000000000000000
I,1,73,1.0000000000000000
I,1,74,1.0000000000000000
I,1,75,1.0000000000000000
I,1,76,1.0000000000000000
I,1,77,1.0000000000000000
I,1,78,1.0000000000000000
I,1,79,1.0000000000000000
I,1,80,1.0000000000000000
I,1,81,1.0000000000000000
I,1,82,1.0000000000000000
I,1,83,1.0000000000000000
I,1,84,1.0000000000000000
I,1,85,1.0000000000000000
I,1,86,1.0000000000000000
I,1,87,1.0000000000000000
I,1,88,1.0000000000000000
I,1,89,1.0000000000000000
I,1,90,1.0000000000000000
I,1,91,1.0000000000000000
I,1,92,1.0000000000000000
I,1,93,1.0000000000000000
I,1,94,1.0000000000000000
I,1,95,1.0000000000000000
I,1,96,1.0000000000000000
I,1,97,1.0000000000000000
I,1,98,1.0000000000000000
I,1,99,1.0000000000000000
I,1,100,1.0000000000000000
I,1,101,1.0000000000000000
I,1,102,1.0000000000000000
I,1,103,1.0000000000000000
I,1,104,1.0000000000000000
I,1,105,1.0000000000000000
I,1,106,1.0000000000000000
I,1,107,1.0000000000000000
I,1,108,1.0000000000000000
I,1,109,1.0000000000000000
I,1,110,1.0000000000000000
I,1,111,1.0000000000000000
I,1,112,1.0000000000000000
I,1,113,1.0000000000000000
I,1,114,1.0000000000000000
I,1,115,1.0000000000000000
I,1,116,1.0000000000000000
I,1,117,1.0000000000000000
I,1,118,1.0000000000000000
I,1,119,1.0000000000000000
I,1,120,1.0000000000000000
I,1,121,1.0000000000000000
I,1,122,1.0000000000000000
I,1,123,1.0000000000000000
I,1,124,1.0000000000000000
I,1,125,1.0000000000000000
I,1,126,1.0000000000000000
I,1,127,1.0000000000000000
I,1,128,1.0000000000000000
I,1,129,1.0000000000000000
I,1,130,1.0000000000000000
I,1,131,1.0000000000000000
I,1,132,1.0000000000000000
I,1,133,1.0000000000000000
I,1,134,1.0000000000000000
I,1,135,1.0000000000000000
I,1,136,1.0000000000000000
I,1,137,1.0000000000000000
I,1,138,1.0000000000000000
I,1,139,1.0000000000000000
I,1,140,1.0000000000000000
I,1,141,1.0000000000000000
I,1,142,1.0000000000000000
I,1,143,1.0000000000000000
I,1,144,1.0000000000000000
I,1,145,1.0000000000000000
I,1,146,1.0000000000000000
I,1,147,1.0000000000000000
I,1,148,1.0000000000000000
I,1,149,1.0000000000000000
I,1,150,1.0000000000000000
I,1,151,1.0000000000000000
I,1,152,1.0000000000000000
I,1,153,1.0000000000000000
I,1,154,1.0000000000000000
I,1,155,1.0000000000000000
I,1,156,1.0000000000000000
I,1,157,1.0000000000000000
I,1,158,1.0000000000000000
I,1,159,1.0000000000000000
I,1,160,1.0000000000000000
I,1,161,1.0000000000000000
I,1,162,1.0000000000000000
I,1,163,1.0000000000000000
I,1,164,1.0000000000000000
I,1,165,1.0000000000000000
I,1,166,1.0000000000000000
I,1,167,1.0000000000000000
I,1,168,1.0000000000000000
I,1,169,1.0000000000000000
I,1,170,1.0000000000000000
I,1,171,1.0000000000000000
I,1,172,1.0000000000000000
I,1,173,1.0000000000000000
I,1,174,1.0000000000000000
I,1,175,1.0000000000000000
I,1,176,1.0000000000000000
I,1,177,1.0000000000000000
I,1,178,1.0000000000000000
I,1,179,1.0000000000000000
I,1,180,1.0000000000000000
I,1,181,1.0000000000000000
I,1,182,1.0000000000000000
I,1,183,1.0000000000000000
I,1,184,1.0000000000000000
I,1,185,1.0000000000000000
I,1,186,1.0000000000000000
I,1,187,1.0000000000000000
I,1,188,1.0000000000000000
I,1,189,1.0000000000000000
I,1,190,1.0000000000000000
I,1,191,1.0000000000000000
I,1,192,1.0000000000000000
I,1,193,1.0000000000000000
I,1,194,1.0000000000000000
I,1,195,1.0000000000000000
I,1,196,1.0000000000000000
I,1,197,1.0000000000000000
I,1,198,1.0000000000000000
I,1,199,1.0000000000000000
I,1,200,1.0000000000000000
I,1,201,1.0000000000000000
I,1,202,1.0000000000000000
I,1,203,1.0000000000000000
I,1,204,1.0000000000000000
I,1,205,1.0000000000000000
I,1,206,1.0000000000000000
I,1,207,1.0000000000000000
I,1,208,1.0000000000000000
I,1,209,1.0000000000000000
I,1,210,1.0000000000000000
I,1,211,1.0000000000000000
I,1,212,1.0000000000000000
I,1,213,1.0000000000000000
I,1,214,1.0000000000000000
I,1,215,1.0000000000000000
I,1,216,1.0000000000000000
I,1,217,1.0000000000000000
I,1,218,1.0000000000000000
I,1,219,1.0000000000000000
I,1,220,1.0000000000000000
I,1,221,1.0000000000000000
I,1,222,1.0000000000000000
I,1,223,1.0000000000000000
I,1,224,1.0000000000000000
I,1,225,1.0000000000000000
I,1,226,1.0000000000000000
I,1,227,1.0000000000000000
I,1,228,1.0000000000000000
I,1,229,1.0000000000000000
I,1,230,1.0000000000000000
I,1,231,1.0000000000000000
I,1,232,1.0000000000000000
I,1,233,1.0000000000000000
I,1,234,1.0000000000000000
I,1,235,1.0000000000000000
I,1,236,1.0000000000000000
I,1,237,1.0000000000000000
I,1,238,1.0000000000000000
I,1,239,1.0000000000000000
I,1,240,1.0000000000000000
I,1,241,1.0000000000000000
I,1,242,1.0000000000000000
I,1,243,1.0000000000000000
I,1,244,1.0000000000000000
I,1,245,1.0000000000000000
I,1,246,1.0000000000000000
I,1,247,1.0000000000000000
I,1,248,1.0000000000000000
I,1,249,1.0000000000000000
I,1,250,1.0000000000000000
I,1,251,1.0000000000000000
I,1,252,1.0000000000000000
I,1,253,1.0000000000000000
I,1,254,1.0000000000000000
I,1,255,1.0000000000000000
I,1,256,1.0000000000000000
I,1,257,1.0000000000000000
I,1,258,1.0000000000000000
I,1,259,1.0000000000000000
I,1,260,1.0000000000000000
I,1,261,1.0000000000000000
I,1,262,1.0000000000000000
I,1,263,1.0000000000000000
I,1,264,1.0000000000000000
I,1,265,1.0000000000000000
I,1,266,1.0000000000000000
I,1,267,1.0000000000000000
I,1,268,1.0000000000000000
I,1,269,1.0000000000000000
I,1,270,1.0000000000000000
I,1,271,1.0000000000000000
I,1,272,1.0000000000000000
I,1,273,1.0000000000000000
I,1,274,1.0000000000000000
I,1,275,1.0000000000000000
I,1,276,1.0000000000000000
I,1,277,1.0000000000000000
I,1,278,1.0000000000000000
I,1,279,1.0000000000000000
I,1,280,1.0000000000000000
I,1,281,1.0000000000000000
I,1,282,1.0000000000000000
I,1,283,1.0000000000000000
I,1,284,1.0000000000000000
I,1,285,1.0000000000000000
I,1,286,1.0000000000000000
I,1,287,1.0000000000000000
I,1,288,1.0000000000000000
I,1,289,1.0000000000000000
I,1,290,1.0000000000000000
I,1,291,1.0000000000000000
I,1,292,1.0000000000000000
I,1,293,1.0000000000000000
I,1,294,1.0000000000000000
I,1,295,1.0000000000000000
I,1,296,1.0000000000000000
I,1,297,1.0000000000000000
I,1,298,1.0000000000000000
I,1,299,1.0000000000000000
I,1,300,1.0000000000000000
I,1,301,1.0000000000000000
I,1,302,1.0000000000000000
I,1,303,1.0000000000000000
I,1,304,1.0000000000000000
I,1,305,1.0000000000000000
I,1,306,1.0000000000000000
I,1,307,1.0000000000000000
I,1,308,1.0000000000000000
I,1,309,1.0000000000000000
I,1,310,1.0000000000000000
I,1,311,1.0000000000000000
I,1,312,1.0000000000000000
I,1,313,1.0000000000000000
I,1,314,1.0000000000000000
I,1,315,1.0000000000000000
I,1,316,1.0000000000000000
I,1,317,1.0000000000000000
I,1,318,1.0000000000000000
I,1,319,1.0000000000000000
I,1,320,1.0000000000000000
I,1,321,1.0000000000000000
I,1,322,1.0000000000000000
I,1,323,1.0000000000000000
I,1,324,1.0000000000000000
I,1,325,1.0000000000000000
I,1,326,1.0000000000000000
I,1,327,1.0000000000000000
I,1,328,1.0000000000000000
I,1,329,1.0000000000000000
I,1,330,1.0000000000000000
I,1,331,1.0000000000000000
I,1,332,1.0000000000000000
I,1,333,1.0000000000000000
I,1,334,1.0000000000000000
I,1,335,1.0000000000000000
I,1,336,1.0000000000000000
I,1,337,1.0000000000000000
I,1,338,1.0000000000000000
I,1,339,1.0000000000000000
I,1,340,1.0000000000000000
I,1,341,1.0000000000000000
I,1,342,1.0000000000000000
I,1,343,1.0000000000000000
I,1,344,1.0000000000000000
I,1,345,1.0000000000000000
I,1,346,1.0000000000000000
I,1,347,1.0000000000000000
I,1,348,1.0000000000000000
I,1,349,1.0000000000000000
I,1,350,1.0000000000000000
I,1,351,1.0000000000000000
I,1,352,1.0000000000000000
I,1,353,1.0000000000000000
I,1,354,1.0000000000000000
I,1,355,1.0000000000000000
I,1,356,1.0000000000000000
I,1,357,1.0000000000000000
I,1,358,1.0000000000000000
I,1,359,1.0000000000000000
I,1,360,1.0000000000000000
I,1,361,1.0000000000000000
I,1,362,1.0000000000000000
I,1,363,1.0000000000000000
I,1,364,1.0000000000000000
I,1,365,1.0000000000000000
I,1,366,1.0000000000000000
I,1,367,1.0000000000000000
I,1,368,1.0000000000000000
I,1,369,1.0000000000000000
I,1,370,1.0000000000000000
I,1,371,1.0000000000000000
I,1,372,1.0000000000000000
I,1,373,1.0000000000000000
I,1,374,1.0000000000000000
I,1,375,1.0000000000000000
I,1,376,1.0000000000000000
I,1,377,1.0000000000000000
I,1,378,1.0000000000000000
I,1,379,1.0000000000000000
I,1,380,1.0000000000000000
I,1,381,1.0000000000000000
I,1,382,1.0000000000000000
I,1,383,1.0000000000000000
I,1,384,1.0000000000000000
I,1,385,1.0000000000000000
I,1,386,1.0000000000000000
I,1,387,1.0000000000000000
I,1,388,1.0000000000000000
I,1,389,1.0000000000000000
I,1,390,1.0000000000000000
I,1,391,1.0000000000000000
I,1,392,1.0000000000000000
I,1,393,1.0000000000000000
I,1,394,1.0000000000000000
I,1,395,1.0000000000000000
I,1,396,1.0000000000000000
I,1,397,1.0000000000000000
I,1,398,1.0000000000000000
I,1,399,1.0000000000000000
I,1,400,1.0000000000000000
I,1,401,1.0000000000000000
I,1,402,1.0000000000000000
I,1,403,1.0000000000000000
I,1,404,1.0000000000000000
I,1,405,1.0000000000000000
I,1,406,1.0000000000000000
I,1,407,1.0000000000000000
I,1,408,1.0000000000000000
I,1,409,1.0000000000000000
I,1,410,1.0000000000000000
I,1,411,1.0000000000000000
I,1,412,1.0000000000000000
I,1,413,1.0000000000000000
I,1,414,1.0000000000000000
I,1,415,1.0000000000000000
I,1,416,1.0000000000000000
I,1,417,1.0000000000000000
I,1,418,1.0000000000000000
I,1,419,1.0000000000000000
I,1,420,1.0000000000000000
I,1,421,1.0000000000000000
I,1,422,1.0000000000000000
I,1,423,1.0000000000000000
I,1,424,1.0000000000000000
I,1,425,1.0000000000000000
I,1,426,1.0000000000000000
I,1,427,1.0000000000000000
I,1,428,1.0000000000000000
I,1,429,1.0000000000000000
I,1,430,1.0000000000000000
I,1,431,1.0000000000000000
I,1,432,1.0000000000000000
I,1,433,1.0000000000000000
I,1,434,1.0000000000000000
I,1,435,1.0000000000000000
I,1,436,1.0000000000000000
I,1,437,1.0000000000000000
I,1,438,1.0000000000000000
I,1,439,1.0000000000000000
I,1,440,1.0000000000000000
I,1,441,1.0000000000000000
I,1,442,1.0000000000000000
I,1,443,1.0000000000000000
I,1,444,1.0000000000000000
I,1,445,1.0000000000000000
I,1,446,1.0000000000000000
I,1,447,1.0000000000000000
I,1,448,1.0000000000000000
I,1,449,1.0000000000000000
I,1,450,1.0000000000000000
I,1,451,1.0000000000000000
I,1,452,1.0000000000000000
I,1,453,1.0000000000000000
I,1,454,1.0000000000000000
I,1,455,1.0000000000000000
I,1,456,1.0000000000000000
I,1,457,1.0000000000000000
I,1,458,1.0000000000000000
I,1,459,1.0000000000000000
I,1,460,1.0000000000000000
I,1,461,1.0000000000000000
I,1,462,1.0000000000000000
I,1,463,1.0000000000000000
I,1,464,1.0000000000000000
I,1,465,1.0000000000000000
I,1,466,1.0000000000000000
I,1,467,1.0000000000000000
I,1,468,1.0000000000000000
I,1,469,1.0000000000000000
I,1,470,1.0000000000000000
I,1,471,1.0000000000000000
I,1,472,1.0000000000000000
I,1,473,1.0000000000000000
I,1,474,1.0000000000000000
I,1,475,1.0000000000000000
I,1,476,1.0000000000000000
I,1,477,1.0000000000000000
I,1,478,1.0000000000000000
I,1,479,1.0000000000000000
I,1,480,1.5000000000000000
I,1,481,1.5000000000000000
I,1,482,1.5000000000000000
I,1,483,1.5000000000000000
I,1,484,1.5000000000000000
I,1,485,1.5000000000000000
I,1,486,1.5000000000000000
I,1,487,1.5000000000000000
I,1,488,1.5000000000000000
I,1,489,1.5000000000000000
I,1,490,1.5000000000000000
I,1,491,1.5000000000000000
I,1,492,1.5000000000000000
I,1,493,1.5000000000000000
I,1,494,1.5000000000000000
I,1,495,1.5000000000000000
I,1,496,1.5000000000000000
I,1,497,1.5000000000000000
I,1,498,1.5000000000000000
I,1,499,1.5000000000000000
I,1,500,1.5000000000000000
I,1,501,1.5000000000000000
I,1,502,1.5000000000000000
I,1,503,1.5000000000000000
I,1,504,1.5000000000000000
I,1,505,1.5000000000000000
I,1,506,1.5000000000000000
I,1,507,1.5000000000000000
I,1,508,1.5000000000000000
I,1,509,1.5000000000000000
I,1,510,1.5000000000000000
I,1,511,1.5000000000000000
I,1,512,1.5000000000000000
I,1,513,1.5000000000000000
I,1,514,1.5000000000000000
I,1,515,1.5000000000000000
I,1,516,1.5000000000000000
I,1,517,1.5000000000000000
I,1,518,1.5000000000000000
I,1,519,1.5000000000000000
I,1,520,1.5000000000000000
I,1,521,1.5000000000000000
I,1,522,1.5000000000000000
I,1,523,1.5000000000000000
I,1,524,1.5000000000000000
I,1,525,1.5000000000000000
I,1,526,1.5000000000000000
I,1,527,1.5000000000000000
I,1,528,1.5000000000000000
I,1,529,1.5000000000000000
I,1,530,1.5000000000000000
I,1,531,1.5000000000000000
I,1,532,1.5000000000000000
I,1,533,1.5000000000000000
I,1,534,1.5000000000000000
I,1,535,1.5000000000000000
I,1,536,1.5000000000000000
I,1,537,1.5000000000000000
I,1,538,1.5000000000000000
I,1,539,1.5000000000000000
I,1,540,1.5000000000000000
I,1,541,1.5000000000000000
I,1,542,1.5000000000000000
I,1,543,1.5000000000000000
I,1,544,1.5000000000000000
I,1,545,1.5000000000000000
I,1,546,1.5000000000000000
I,1,547,1.5000000000000000
I,1,548,1.5000000000000000
I,1,549,1.5000000000000000
I,1,550,1.5000000000000000
I,1,551,1.5000000000000000
I,1,552,1.5000000000000000
I,1,553,1.5000000000000000
I,1,554,1.5000000000000000
I,1,555,1.5000000000000000
I,1,556,1.5000000000000000
I,1,557,1.5000000000000000
I,1,558,1.5000000000000000
I,1,559,1.5000000000000000
I,1,560,1.5000000000000000
I,1,561,1.5000000000000000
I,1,562,1.5000000000000000
I,1,563,1.5000000000000000
I,1,564,1.5000000000000000
I,1,565,1.5000000000000000
I,1,566,1.5000000000000000
I,1,567,1.5000000000000000
I,1,568,1.5000000000000000
I,1,569,1.5000000000000000
I,1,570,1.5000000000000000
I,1,571,1.5000000000000000
I,1,572,1.5000000000000000
I,1,573,1.5000000000000000
I,1,574,1.5000000000000000
I,1,575,1.5000000000000000
I,1,576,1.5000000000000000
I,1,577,1.5000000000000000
I,1,578,1.5000000000000000
I,1,579,1.5000000000000000
I,1,580,1.5000000000000000
I,1,581,1.5000000000000000
I,1,582,1.5000000000000000
I,1,583,1.5000000000000000
I,1,584,1.5000000000000000
I,1,585,1.5000000000000000
I,1,586,1.5000000000000000
I,1,587,1.5000000000000000
I,1,588,1.5000000000000000
I,1,589,1.5000000000000000
I,1,590,1.5000000000000000
I,1,591,1.5000000000000000
I,1,592,1.5000000000000000
I,1,593,1.5000000000000000
I,1,594,1.5000000000000000
I,1,595,1.5000000000000000
I,1,596,1.5000000000000000
I,1,597,1.5000000000000000
I,1,598,1.5000000000000000
I,1,599,1.5000000000000000
I,1,600,1.5000000000000000
I,1,601,1.5000000000000000
I,1,602,1.5000000000000000
I,1,603,1.5000000000000000
I,1,604,1.5000000000000000
I,1,605,1.5000000000000000
I,1,606,1.5000000000000000
I,1,607,1.5000000000000000
I,1,608,1.5000000000000000
I,1,609,1.5000000000000000
I,1,610,1.5000000000000000
I,1,611,1.5000000000000000
I,1,612,1.5000000000000000
I,1,613,1.5000000000000000
I,1,614,1.5000000000000000
I,1,615,1.5000000000000000
I,1,616,1.5000000000000000
I,1,617,1.5000000000000000
I,1,618,1.5000000000000000
I,1,619,1.5000000000000000
I,1,620,1.5000000000000000
I,1,621,1.5000000000000000
I,1,622,1.5000000000000000
I,1,623,1.5000000000000000
I,1,624,1.5000000000000000
I,1,625,1.5000000000000000
I,1,626,1.5000000000000000
I,1,627,1.5000000000000000
I,1,628,1.5000000000000000
I,1,629,1.5000000000000000
I,1,630,1.5000000000000000
I,1,631,1.5000000000000000
I,1,632,1.5000000000000000
I,1,633,1.5000000000000000
I,1,634,1.5000000000000000
I,1,635,1.5000000000000000
I,1,636,1.5000000000000000
I,1,637,1.5000000000000000
I,1,638,1.5000000000000000
I,1,639,1.5000000000000000
I,1,640,1.5000000000000000
I,1,641,1.5000000000000000
I,1,642,1.5000000000000000
I,1,643,1.5000000000000000
I,1,644,1.5000000000000000
I,1,645,1.5000000000000000
I,1,646,1.5000000000000000
I,1,647,1.5000000000000000
I,1,648,1.5000000000000000
I,1,649,1.5000000000000000
I,1,650,1.5000000000000000
I,1,651,1.5000000000000000
I,1,652,1.5000000000000000
I,1,653,1.5000000000000000
I,1,654,1.5000000000000000
I,1,655,1.5000000000000000
I,1,656,1.5000000000000000
I,1,657,1.5000000000000000
I,1,658,1.5000000000000000
I,1,659,1.5000000000000000
I,1,660,1.5000000000000000
I,1,661,1.5000000000000000
I,1,662,1.5000000000000000
I,1,663,1.5000000000000000
I,1,664,1.5000000000000000
I,1,665,1.5000000000000000
I,1,666,1.5000000000000000
I,1,667,1.5000000000000000
I,1,668,1.5000000000000000
I,1,669,1.5000000000000000
I,1,670,1.5000000000000000
I,1,671,1.5000000000000000
I,1,672,1.5000000000000000
I,1,673,1.5000000000000000
I,1,674,1.5000000000000000
I,1,675,1.5000000000000000
I,1,676,1.5000000000000000
I,1,677,1.5000000000000000
I,1,678,1.5000000000000000
I,1,679,1.5000000000000000
I,1,680,1.5000000000000000
I,1,681,1.5000000000000000
I,1,682,1.5000000000000000
I,1,683,1.5000000000000000
I,1,684,1.5000000000000000
I,1,685,1.5000000000000000
I,1,686,1.5000000000000000
I,1,687,1.5000000000000000
I,1,688,1.5000000000000000
I,1,689,1.5000000000000000
I,1,690,1.5000000000000000
I,1,691,1.5000000000000000
I,1,692,1.5000000000000000
I,1,693,1.5000000000000000
I,1,694,1.5000000000000000
I,1,695,1.5000000000000000
I,1,696,1.5000000000000000
I,1,697,1.5000000000000000
I,1,698,1.5000000000000000
I,1,699,1.5000000000000000
I,1,700,1.5000000000000000
I,1,701,1.5000000000000000
I,1,702,1.5000000000000000
I,1,703,1.5000000000000000
I,1,704,1.5000000000000000
I,1,705,1.5000000000000000
I,1,706,1.5000000000000000
I,1,707,1.5000000000000000
I,1,708,1.5000000000000000
I,1,709,1.5000000000000000
I,1,710,1.5000000000000000
I,1,711,1.5000000000000000
I,1,712,1.5000000000000000
I,1,713,1.5000000000000000
I,1,714,1.5000000000000000
I,1,715,1.5000000000000000
I,1,716,1.5000000000000000
I,1,717,1.5000000000000000
I,1,718,1.5000000000000000
I,1,719,1.5000000000000000
I,1,720,1.5000000000000000
I,1,721,1.5000000000000000
I,1,722,1.5000000000000000
I,1,723,1.5000000000000000
I,1,724,1.5000000000000000
I,1,725,1.5000000000000000
I,1,726,1.5000000000000000
I,1,727,1.5000000000000000
I,1,728,1.5000000000000000
I,1,729,1.5000000000000000
I,1,730,1.5000000000000000
I,1,731,1.5000000000000000
I,1,732,1.5000000000000000
I,1,733,1.5000000000000000
I,1,734,1.5000000000000000
I,1,735,1.5000000000000000
I,1,736,1.5000000000000000
I,1,737,1.5000000000000000
I,1,738,1.5000000000000000
I,1,739,1.5000000000000000
I,1,740,1.5000000000000000
I,1,741,1.5000000000000000
I,1,742,1.5000000000000000
I,1,743,1.5000000000000000
I,1,744,1.5000000000000000
I,1,745,1.5000000000000000
I,1,746,1.5000000000000000
I,1,747,1.5000000000000000
I,1,748,1.5000000000000000
I,1,749,1.5000000000000000
I,1,750,1.5000000000000000
I,1,751,1.5000000000000000
I,1,752,1.5000000000000000
I,1,753,1.5000000000000000
I,1,754,1.5000000000000000
I,1,755,1.5000000000000000
I,1,756,1.5000000000000000
I,1,757,1.5000000000000000
I,1,758,1.5000000000000000
I,1,759,1.5000000000000000
I,1,760,1.5000000000000000
I,1,761,1.5000000000000000
I,1,762,1.5000000000000000
I,1,763,1.5000000000000000
I,1,764,1.5000000000000000
I,1,765,1.5000000000000000
I,1,766,1.5000000000000000
I,1,767,1.5000000000000000
I,1,768,1.5000000000000000
I,1,769,1.5000000000000000
I,1,770,1.5000000000000000
I,1,771,1.5000000000000000
I,1,772,1.5000000000000000
I,1,773,1.5000000000000000
I,1,774,1.5000000000000000
I,1,775,1.5000000000000000
I,1,776,1.5000000000000000
I,1,777,1.5000000000000000
I,1,778,1.5000000000000000
I,1,779,1.5000000000000000
I,1,780,1.5000000000000000
I,1,781,1.5000000000000000
I,1,782,1.5000000000000000
I,1,783,1.5000000000000000
I,1,784,1.5000000000000000
I,1,785,1.5000000000000000
I,1,786,1.5000000000000000
I,1,787,1.5000000000000000
I,1,788,1.5000000000000000
I,1,789,1.5000000000000000
I,1,790,1.5000000000000000
I,1,791,1.5000000000000000
I,1,792,1.5000000000000000
I,1,793,1.5000000000000000
I,1,794,1.5000000000000000
I,1,795,1.5000000000000000
I,1,796,1.5000000000000000
I,1,797,1.5000000000000000
I,1,798,1.5000000000000000
I,1,799,1.5000000000000000
I,1,800,1.5000000000000000
I,1,801,1.5000000000000000
I,1,802,1.5000000000000000
I,1,803,1.5000000000000000
I,1,804,1.5000000000000000
I,1,805,1.5000000000000000
I,1,806,1.5000000000000000
I,1,807,1.5000000000000000
I,1,808,1.5000000000000000
I,1,809,1.5000000000000000
I,1,810,1.5000000000000000
I,1,811,1.5000000000000000
I,1,812,1.5000000000000000
I,1,813,1.5000000000000000
I,1,814,1.5000000000000000
I,1,815,1.5000000000000000
I,1,816,1.5000000000000000
I,1,817,1.5000000000000000
I,1,818,1.5000000000000000
I,1,819,1.5000000000000000
I,1,820,1.5000000000000000
I,1,821,1.5000000000000000
I,1,822,1.5000000000000000
I,1,823,1.5000000000000000
I,1,824,1.5000000000000000
I,1,825,1.5000000000000000
I,1,826,1.5000000000000000
I,1,827,1.5000000000000000
I,1,828,1.5000000000000000
I,1,829,1.5000000000000000
I,1,830,1.5000000000000000
I,1,831,1.5000000000000000
I,1,832,1.5000000000000000
I,1,833,1.5000000000000000
I,1,834,1.5000000000000000
I,1,835,1.5000000000000000
I,1,836,1.5000000000000000
I,1,837,1.5000000000000000
I,1,838,1.5000000000000000
I,1,839,1.5000000000000000
I,1,840,1.5000000000000000
I,1,841,1.5000000000000000
I,1,842,1.5000000000000000
I,1,843,1.5000000000000000
I,1,844,1.5000000000000000
I,1,845,1.5000000000000000
I,1,846,1.5000000000000000
I,1,847,1.5000000000000000
I,1,848,1.5000000000000000
I,1,849,1.5000000000000000
I,1,850,1.5000000000000000
I,1,851,1.5000000000000000
I,1,852,1.5000000000000000
I,1,853,1.5000000000000000
I,1,854,1.5000000000000000
I,1,855,1.5000000000000000
I,1,856,1.5000000000000000
I,1,857,1.5000000000000000
I,1,858,1.5000000000000000
I,1,859,1.5000000000000000
I,1,860,1.5000000000000000
I,1,861,1.5000000000000000
I,1,862,1.5000000000000000
I,1,863,1.5000000000000000
I,1,864,1.5000000000000000
I,1,865,1.5000000000000000
I,1,866,1.5000000000000000
I,1,867,1.5000000000000000
I,1,868,1.5000000000000000
I,1,869,1.5000000000000000
I,1,870,1.5000000000000000
I,1,871,1.5000000000000000
I,1,872,1.5000000000000000
I,1,873,1.5000000000000000
I,1,874,1.5000000000000000
I,1,875,1.5000000000000000
I,1,876,1.5000000000000000
I,1,877,1.5000000000000000
I,1,878,1.5000000000000000
I,1,879,1.5000000000000000
I,1,880,1.5000000000000000
I,1,881,1.5000000000000000
I,1,882,1.5000000000000000
I,1,883,1.5000000000000000
I,1,884,1.5000000000000000
I,1,885,1.5000000000000000
I,1,886,1.5000000000000000
I,1,887,1.5000000000000000
I,1,888,1.5000000000000000
I,1,889,1.5000000000000000
I,1,890,1.5000000000000000
I,1,891,1.5000000000000000
I,1,892,1.5000000000000000
I,1,893,1.5000000000000000
I,1,894,1.5000000000000000
I,1,895,1.5000000000000000
I,1,896,1.5000000000000000
I,1,897,1.5000000000000000
I,1,898,1.5000000000000000
I,1,899,1.5000000000000000
I,1,900,1.5000000000000000
I,1,901,1.5000000000000000
I,1,902,1.5000000000000000
I,1,903,1.5000000000000000
I,1,904,1.5000000000000000
I,1,905,0.0000000000000000
I,1,906,0.0000000000000000
I,1,907,0.0000000000000000
I,1,908,0.0000000000000000
I,1,909,0.0000000000000000
I,1,910,0.0000000000000000
I,1,911,1.5000000000000000
I,1,912,1.5000000000000000
I,1,913,1.5000000000000000
I,1,914,1.5000000000000000
I,1,915,1.5000000000000000
I,1,916,1.5000000000000000
I,1,917,1.5000000000000000
I,1,918,1.5000000000000000
I,1,919,1.5000000000000000
I,1,920,1.5000000000000000
I,1,921,1.5000000000000000
I,1,922,1.5000000000000000
I,1,923,1.5000000000000000
I,1,924,1.5000000000000000
I,1,925,1.5000000000000000
I,1,926,1.5000000000000000
I,1,927,1.5000000000000000
I,1,928,1.5000000000000000
I,1,929,1.5000000000000000
I,1,930,1.5000000000000000
I,1,931,1.5000000000000000
I,1,932,1.5000000000000000
I,1,933,1.5000000000000000
I,1,934,1.5000000000000000
I,1,935,1.5000000000000000
I,1,936,1.5000000000000000
I,1,937,1.5000000000000000
I,1,938,1.5000000000000000
I,1,939,1.5000000000000000
I,1,940,1.5000000000000000
I,1,941,1.5000000000000000
I,1,942,1.5000000000000000
I,1,943,1.5000000000000000
I,1,944,1.5000000000000000
I,1,945,1.5000000000000000
I,1,946,1.5000000000000000
I,1,947,1.5000000000000000
I,1,948,1.5000000000000000
I,1,949,1.5000000000000000
I,1,950,1.5000000000000000
I,1,951,1.5000000000000000
I,1,952,1.5000000000000000
I,1,953,1.5000000000000000
I,1,954,1.5000000000000000
I,1,955,1.5000000000000000
I,1,956,1.5000000000000000
I,1,957,1.5000000000000000
I,1,958,1.5000000000000000
I,1,959,1.5000000000000000
I,1,960,1.5000000000000000
I,1,961,1.5000000000000000
I,1,962,1.5000000000000000
I,1,963,1.5000000000000000
I,1,964,1.5000000000000000
I,1,965,1.5000000000000000
I,1,966,1.5000000000000000
I,1,967,1.5000000000000000
I,1,968,1.5000000000000000
I,1,969,1.5000000000000000
I,1,970,1.5000000000000000
I,1,971,1.5000000000000000
I,1,972,1.5000000000000000
I,1,973,1.5000000000000000
I,1,974,1.5000000000000000
I,1,975,1.5000000000000000
I,1,976,1.5000000000000000
I,1,977,1.5000000000000000
I,1,978,1.5000000000000000
I,1,979,1.5000000000000000
I,1,980,1.5000000000000000
I,1,981,1.5000000000000000
I,1,982,1.5000000000000000
I,1,983,1.5000000000000000
I,1,984,1.5000000000000000
I,1,985,1.5000000000000000
I,1,986,1.5000000000000000
I,1,987,1.5000000000000000
I,1,988,1.5000000000000000
I,1,989,1.5000000000000000
I,1,990,1.5000000000000000
I,1,991,1.5000000000000000
I,1,992,1.5000000000000000
I,1,993,1.5000000000000000
I,1,994,1.5000000000000000
I,1,995,1.5000000000000000
I,1,996,1.5000000000000000
I,1,997,1.5000000000000000
I,1,998,1.5000000000000000
I,1,999,1.5000000000000000
R,1,0,121.44943101790669,6.2718436561310950,-1.2000000000000002
R,1,1,151.78682683738867,7.1305756364019090,-0.80000000000000000
R,1,2,181.68424397601154,8.4423266307653990,-0.40000000000000000
R,1,3,211.00000000000000,10.000000000000000,0.0000000000000000
R,1,4,239.68424397601154,11.557673369234601,0.40000000000000000
R,1,5,267.78682683738870,12.869424363598090,0.80000000000000000
R,1,6,295.44943101790670,13.728156343868905,1.2000000000000002
R,1,7,324.44943101790670,6.2718436561310950,-1.2000000000000002
R,1,8,354.78682683738870,7.1305756364019090,-0.80000000000000000
R,1,9,384.68424397601154,8.4423266307653990,-0.40000000000000000
R,1,10,124.00000000000000,35.000000000000000,0.0000000000000000
R,1,11,152.68424397601154,36.557673369234600,0.40000000000000000
R,1,12,180.78682683738867,37.869424363598090,0.80000000000000000
R,1,13,208.44943101790670,38.728156343868900,1.2000000000000002
R,1,14,237.44943101790670,31.271843656131093,-1.2000000000000002
R,1,15,267.78682683738870,32.130575636401910,-0.80000000000000000
R,1,16,297.68424397601154,33.442326630765400,-0.40000000000000000
R,1,17,327.00000000000000,35.000000000000000,0.0000000000000000
R,1,18,355.68424397601154,36.557673369234600,0.40000000000000000
R,1,19,383.78682683738870,37.869424363598090,0.80000000000000000
R,1,20,121.44943101790669,63.728156343868900,1.2000000000000002
R,1,21,150.44943101790670,56.271843656131100,-1.2000000000000002
R,1,22,180.78682683738867,57.130575636401910,-0.80000000000000000
R,1,23,210.68424397601154,58.442326630765400,-0.40000000000000000
R,1,24,240.00000000000000,60.000000000000000,0.0000000000000000
R,1,25,268.68424397601154,61.557673369234600,0.40000000000000000
R,1,26,296.78682683738870,62.869424363598090,0.80000000000000000
R,1,27,324.44943101790670,63.728156343868900,1.2000000000000002
R,1,28,353.44943101790670,56.271843656131100,-1.2000000000000002
R,1,29,383.78682683738870,57.130575636401910,-0.80000000000000000
R,1,30,123.68424397601154,83.442326630765400,-0.40000000000000000
R,1,31,153.00000000000000,85.000000000000000,0.0000000000000000
R,1,32,181.68424397601154,86.557673369234600,0.40000000000000000
R,1,33,209.78682683738867,87.869424363598090,0.80000000000000000
R,1,34,237.44943101790670,88.728156343868900,1.2000000000000002
R,1,35,266.44943101790670,81.271843656131100,-1.2000000000000002
R,1,36,296.78682683738870,82.130575636401910,-0.80000000000000000
R,1,37,326.68424397601154,83.442326630765400,-0.40000000000000000
R,1,38,356.00000000000000,85.000000000000000,0.0000000000000000
R,1,39,384.68424397601154,86.557673369234600,0.40000000000000000
R,1,40,122.78682683738866,112.86942436359809,0.80000000000000000
R,1,41,150.44943101790670,113.72815634386890,1.2000000000000002
R,1,42,179.44943101790670,106.27184365613110,-1.2000000000000002
R,1,43,209.78682683738867,107.13057563640191,-0.80000000000000000
R,1,44,239.68424397601154,108.44232663076540,-0.40000000000000000
R,1,45,269.00000000000000,110.00000000000000,0.0000000000000000
R,1,46,297.68424397601154,111.55767336923460,0.40000000000000000
R,1,47,325.78682683738870,112.86942436359809,0.80000000000000000
R,1,48,353.44943101790670,113.72815634386890,1.2000000000000002
R,1,49,382.44943101790670,106.27184365613110,-1.2000000000000002
R,1,50,122.78682683738866,132.13057563640191,-0.80000000000000000
R,1,51,152.68424397601154,133.44232663076540,-0.40000000000000000
R,1,52,182.00000000000000,135.00000000000000,0.0000000000000000
R,1,53,210.68424397601154,136.55767336923460,0.40000000000000000
R,1,54,238.78682683738867,137.86942436359809,0.80000000000000000
R,1,55,266.44943101790670,138.72815634386890,1.2000000000000002
R,1,56,295.44943101790670,131.27184365613110,-1.2000000000000002
R,1,57,325.78682683738870,132.13057563640191,-0.80000000000000000
R,1,58,355.68424397601154,133.44232663076540,-0.40000000000000000
R,1,59,385.00000000000000,135.00000000000000,0.0000000000000000
R,1,60,123.68424397601154,161.55767336923460,0.40000000000000000
R,1,61,151.78682683738867,162.86942436359809,0.80000000000000000
R,1,62,179.44943101790670,163.72815634386890,1.2000000000000002
R,1,63,208.44943101790670,156.27184365613110,-1.2000000000000002
R,1,64,238.78682683738867,157.13057563640191,-0.80000000000000000
R,1,65,268.68424397601154,158.44232663076540,-0.40000000000000000
R,1,66,298.00000000000000,160.00000000000000,0.0000000000000000
R,1,67,326.68424397601154,161.55767336923460,0.40000000000000000
R,1,68,354.78682683738870,162.86942436359809,0.80000000000000000
R,1,69,382.44943101790670,163.72815634386890,1.2000000000000002
R,1,70,121.44943101790669,181.27184365613110,-1.2000000000000002
R,1,71,151.78682683738867,182.13057563640191,-0.80000000000000000
R,1,72,181.68424397601154,183.44232663076540,-0.40000000000000000
R,1,73,211.00000000000000,185.00000000000000,0.0000000000000000
R,1,74,239.68424397601154,186.55767336923460,0.40000000000000000
R,1,75,267.78682683738870,187.86942436359809,0.80000000000000000
R,1,76,295.44943101790670,188.72815634386890,1.2000000000000002
R,1,77,324.44943101790670,181.27184365613110,-1.2000000000000002
R,1,78,354.78682683738870,182.13057563640191,-0.80000000000000000
R,1,79,384.68424397601154,183.44232663076540,-0.40000000000000000
R,1,80,122.66666666666667,210.00000000000000,0.0000000000000000
R,1,81,151.45616265067437,211.03844891282307,0.40000000000000000
R,1,82,179.85788455825912,211.91294957573206,0.80000000000000000
R,1,83,207.96628734527113,212.48543756257928,1.2000000000000002
R,1,84,236.96628734527113,207.51456243742072,-1.2000000000000002
R,1,85,266.85788455825910,208.08705042426794,-0.80000000000000000
R,1,86,296.45616265067434,208.96155108717693,-0.40000000000000000
R,1,87,325.66666666666670,210.00000000000000,0.0000000000000000
R,1,88,354.45616265067434,211.03844891282307,0.40000000000000000
R,1,89,382.85788455825910,211.91294957573206,0.80000000000000000
R,1,90,120.96628734527113,237.48543756257928,1.2000000000000002
R,1,91,149.96628734527113,232.51456243742072,-1.2000000000000002
R,1,92,179.85788455825912,233.08705042426794,-0.80000000000000000
R,1,93,209.45616265067437,233.96155108717693,-0.40000000000000000
R,1,94,238.66666666666666,235.00000000000000,0.0000000000000000
R,1,95,267.45616265067434,236.03844891282307,0.40000000000000000
R,1,96,295.85788455825910,236.91294957573206,0.80000000000000000
R,1,97,323.96628734527116,237.48543756257928,1.2000000000000002
R,1,98,352.96628734527116,232.51456243742072,-1.2000000000000002
R,1,99,382.85788455825910,233.08705042426794,-0.80000000000000000
I,2,0,1.0000000000000000
I,2,1,1.0000000000000000
I,2,2,1.0000000000000000
I,2,3,1.0000000000000000
I,2,4,1.0000000000000000
I,2,5,1.0000000000000000
I,2,6,1.0000000000000000
I,2,7,1.0000000000000000
I,2,8,1.0000000000000000
I,2,9,1.0000000000000000
I,2,10,1.0000000000000000
I,2,11,1.0000000000000000
I,2,12,1.0000000000000000
I,2,13,1.5000000000000000
I,2,14,1.5000000000000000
I,2,15,1.5000000000000000
I,2,16,1.5000000000000000
I,2,17,1.5000000000000000
I,2,18,1.5000000000000000
I,2,19,1.5000000000000000
I,2,20,1.5000000000000000
I,2,21,1.5000000000000000
I,2,22,1.5000000000000000
I,2,23,1.5000000000000000
I,2,24,1.5000000000000000
I,2,25,1.5000000000000000
I,2,26,1.5000000000000000
I,2,27,1.5000000000000000
I,2,28,1.5000000000000000
I,2,29,1.5000000000000000
I,2,30,1.5000000000000000
I,2,31,1.5000000000000000
I,2,32,1.5000000000000000
I,2,33,1.5000000000000000
I,2,34,1.5000000000000000
I,2,35,1.5000000000000000
I,2,36,1.5000000000000000
I,2,37,1.5000000000000000
I,2,38,1.5000000000000000
I,2,39,1.5000000000000000
I,2,40,1.0000000000000000
I,2,41,1.0000000000000000
I,2,42,1.0000000000000000
I,2,43,1.0000000000000000
I,2,44,1.0000000000000000
I,2,45,1.0000000000000000
I,2,46,1.0000000000000000
I,2,47,1.0000000000000000
I,2,48,1.0000000000000000
I,2,49,1.0000000000000000
I,2,50,1.0000000000000000
I,2,51,1.0000000000000000
I,2,52,1.0000000000000000
I,2,53,1.5000000000000000
I,2,54,1.5000000000000000
I,2,55,1.5000000000000000
I,2,56,1.5000000000000000
I,2,57,1.5000000000000000
I,2,58,1.5000000000000000
I,2,59,1.5000000000000000
I,2,60,1.5000000000000000
I,2,61,1.5000000000000000
I,2,62,1.5000000000000000
I,2,63,1.5000000000000000
I,2,64,1.5000000000000000
I,2,65,1.5000000000000000
I,2,66,1.5000000000000000
I,2,67,1.5000000000000000
I,2,68,1.5000000000000000
I,2,69,1.5000000000000000
I,2,70,1.5000000000000000
I,2,71,1.5000000000000000
I,2,72,1.5000000000000000
I,2,73,1.5000000000000000
I,2,74,1.5000000000000000
I,2,75,1.5000000000000000
I,2,76,1.5000000000000000
I,2,77,1.5000000000000000
I,2,78,1.5000000000000000
I,2,79,1.5000000000000000
I,2,80,1.0000000000000000
I,2,81,1.0000000000000000
I,2,82,1.0000000000000000
I,2,83,1.0000000000000000
I,2,84,1.0000000000000000
I,2,85,1.0000000000000000
I,2,86,1.0000000000000000
I,2,87,1.0000000000000000
I,2,88,1.0000000000000000
I,2,89,1.0000000000000000
I,2,90,1.0000000000000000
I,2,91,1.0000000000000000
I,2,92,1.0000000000000000
I,2,93,1.5000000000000000
I,2,94,1.5000000000000000
I,2,95,1.5000000000000000
I,2,96,1.5000000000000000
I,2,97,1.5000000000000000
I,2,98,1.5000000000000000
I,2,99,1.5000000000000000
I,2,100,1.5000000000000000
I,2,101,1.5000000000000000
I,2,102,1.5000000000000000
I,2,103,1.5000000000000000
I,2,104,1.5000000000000000
I,2,105,1.5000000000000000
I,2,106,1.5000000000000000
I,2,107,1.5000000000000000
I,2,108,1.5000000000000000
I,2,109,1.5000000000000000
I,2,110,1.5000000000000000
I,2,111,1.5000000000000000
I,2,112,1.5000000000000000
I,2,113,1.5000000000000000
I,2,114,1.5000000000000000
I,2,115,1.5000000000000000
I,2,116,1.5000000000000000
I,2,117,1.5000000000000000
I,2,118,1.5000000000000000
I,2,119,1.5000000000000000
I,2,120,1.0000000000000000
I,2,121,1.0000000000000000
I,2,122,1.0000000000000000
I,2,123,1.0000000000000000
I,2,124,1.0000000000000000
I,2,125,1.0000000000000000
I,2,126,1.0000000000000000
I,2,127,1.0000000000000000
I,2,128,1.0000000000000000
I,2,129,1.0000000000000000
I,2,130,1.0000000000000000
I,2,131,1.0000000000000000
I,2,132,1.0000000000000000
I,2,133,1.5000000000000000
I,2,134,1.5000000000000000
I,2,135,1.5000000000000000
I,2,136,1.5000000000000000
I,2,137,1.5000000000000000
I,2,138,1.5000000000000000
I,2,139,1.5000000000000000
I,2,140,1.5000000000000000
I,2,141,1.5000000000000000
I,2,142,1.5000000000000000
I,2,143,1.5000000000000000
I,2,144,1.5000000000000000
I,2,145,1.5000000000000000
I,2,146,1.5000000000000000
I,2,147,1.5000000000000000
I,2,148,1.5000000000000000
I,2,149,1.5000000000000000
I,2,150,1.5000000000000000
I,2,151,1.5000000000000000
I,2,152,1.5000000000000000
I,2,153,1.5000000000000000
I,2,154,1.5000000000000000
I,2,155,1.5000000000000000
I,2,156,1.5000000000000000
I,2,157,1.5000000000000000
I,2,158,1.5000000000000000
I,2,159,1.5000000000000000
I,2,160,1.0000000000000000
I,2,161,1.0000000000000000
I,2,162,1.0000000000000000
I,2,163,1.0000000000000000
I,2,164,1.0000000000000000
I,2,165,1.0000000000000000
I,2,166,1.0000000000000000
I,2,167,1.0000000000000000
I,2,168,1.0000000000000000
I,2,169,1.0000000000000000
I,2,170,1.0000000000000000
I,2,171,1.0000000000000000
I,2,172,1.0000000000000000
I,2,173,1.5000000000000000
I,2,174,1.5000000000000000
I,2,175,1.5000000000000000
I,2,176,1.5000000000000000
I,2,177,1.5000000000000000
I,2,178,1.5000000000000000
I,2,179,1.5000000000000000
I,2,180,1.5000000000000000
I,2,181,1.5000000000000000
I,2,182,1.5000000000000000
I,2,183,1.5000000000000000
I,2,184,1.5000000000000000
I,2,185,1.5000000000000000
I,2,186,1.5000000000000000
I,2,187,1.5000000000000000
I,2,188,1.5000000000000000
I,2,189,1.5000000000000000
I,2,190,1.5000000000000000
I,2,191,1.5000000000000000
I,2,192,1.5000000000000000
I,2,193,1.5000000000000000
I,2,194,1.5000000000000000
I,2,195,1.5000000000000000
I,2,196,1.5000000000000000
I,2,197,1.5000000000000000
I,2,198,1.5000000000000000
I,2,199,1.5000000000000000
I,2,200,1.0000000000000000
I,2,201,1.0000000000000000
I,2,202,1.0000000000000000
I,2,203,1.0000000000000000
I,2,204,1.0000000000000000
I,2,205,1.0000000000000000
I,2,206,1.0000000000000000
I,2,207,1.0000000000000000
I,2,208,1.0000000000000000
I,2,209,1.0000000000000000
I,2,210,1.0000000000000000
I,2,211,1.0000000000000000
I,2,212,1.0000000000000000
I,2,213,1.5000000000000000
I,2,214,1.5000000000000000
I,2,215,1.5000000000000000
I,2,216,1.5000000000000000
I,2,217,1.5000000000000000
I,2,218,1.5000000000000000
I,2,219,1.5000000000000000
I,2,220,1.5000000000000000
I,2,221,1.5000000000000000
I,2,222,1.5000000000000000
I,2,223,1.5000000000000000
I,2,224,1.5000000000000000
I,2,225,1.5000000000000000
I,2,226,1.5000000000000000
I,2,227,1.5000000000000000
I,2,228,1.5000000000000000
I,2,229,1.5000000000000000
I,2,230,1.5000000000000000
I,2,231,1.5000000000000000
I,2,232,1.5000000000000000
I,2,233,1.5000000000000000
I,2,234,1.5000000000000000
I,2,235,1.5000000000000000
I,2,236,1.5000000000000000
I,2,237,1.5000000000000000
I,2,238,1.5000000000000000
I,2,239,1.5000000000000000
I,2,240,1.0000000000000000
I,2,241,1.0000000000000000
I,2,242,1.0000000000000000
I,2,243,1.0000000000000000
I,2,244,1.0000000000000000
I,2,245,1.0000000000000000
I,2,246,1.0000000000000000
I,2,247,1.0000000000000000
I,2,248,1.0000000000000000
I,2,249,1.0000000000000000
I,2,250,1.0000000000000000
I,2,251,1.0000000000000000
I,2,252,1.0000000000000000
I,2,253,1.5000000000000000
I,2,254,1.5000000000000000
I,2,255,1.5000000000000000
I,2,256,1.5000000000000000
I,2,257,1.5000000000000000
I,2,258,1.5000000000000000
I,2,259,1.5000000000000000
I,2,260,1.5000000000000000
I,2,261,1.5000000000000000
I,2,262,1.5000000000000000
I,2,263,1.5000000000000000
I,2,264,1.5000000000000000
I,2,265,1.5000000000000000
I,2,266,1.5000000000000000
I,2,267,1.5000000000000000
I,2,268,1.5000000000000000
I,2,269,1.5000000000000000
I,2,270,1.5000000000000000
I,2,271,1.5000000000000000
I,2,272,1.5000000000000000
I,2,273,1.5000000000000000
I,2,274,1.5000000000000000
I,2,275,1.5000000000000000
I,2,276,1.5000000000000000
I,2,277,1.5000000000000000
I,2,278,1.5000000000000000
I,2,279,1.5000000000000000
I,2,280,1.0000000000000000
I,2,281,1.0000000000000000
I,2,282,1.0000000000000000
I,2,283,1.0000000000000000
I,2,284,1.0000000000000000
I,2,285,1.0000000000000000
I,2,286,1.0000000000000000
I,2,287,1.0000000000000000
I,2,288,1.0000000000000000
I,2,289,1.0000000000000000
I,2,290,1.0000000000000000
I,2,291,1.0000000000000000
I,2,292,1.0000000000000000
I,2,293,1.5000000000000000
I,2,294,1.5000000000000000
I,2,295,1.5000000000000000
I,2,296,1.5000000000000000
I,2,297,1.5000000000000000
I,2,298,1.5000000000000000
I,2,299,1.5000000000000000
I,2,300,1.5000000000000000
I,2,301,1.5000000000000000
I,2,302,1.5000000000000000
I,2,303,1.5000000000000000
I,2,304,1.5000000000000000
I,2,305,1.5000000000000000
I,2,306,1.5000000000000000
I,2,307,1.5000000000000000
I,2,308,1.5000000000000000
I,2,309,1.5000000000000000
I,2,310,1.5000000000000000
I,2,311,1.5000000000000000
I,2,312,1.5000000000000000
I,2,313,1.5000000000000000
I,2,314,1.5000000000000000
I,2,315,1.5000000000000000
I,2,316,1.5000000000000000
I,2,317,1.5000000000000000
I,2,318,1.5000000000000000
I,2,319,1.5000000000000000
I,2,320,1.0000000000000000
I,2,321,1.0000000000000000
I,2,322,1.0000000000000000
I,2,323,1.0000000000000000
I,2,324,1.0000000000000000
I,2,325,1.0000000000000000
I,2,326,1.0000000000000000
I,2,327,1.0000000000000000
I,2,328,1.0000000000000000
I,2,329,1.0000000000000000
I,2,330,1.0000000000000000
I,2,331,1.0000000000000000
I,2,332,1.0000000000000000
I,2,333,1.5000000000000000
I,2,334,1.5000000000000000
I,2,335,1.5000000000000000
I,2,336,1.5000000000000000
I,2,337,1.5000000000000000
I,2,338,1.5000000000000000
I,2,339,1.5000000000000000
I,2,340,1.5000000000000000
I,2,341,1.5000000000000000
I,2,342,1.5000000000000000
I,2,343,1.5000000000000000
I,2,344,1.5000000000000000
I,2,345,1.5000000000000000
I,2,346,1.5000000000000000
I,2,347,1.5000000000000000
I,2,348,1.5000000000000000
I,2,349,1.5000000000000000
I,2,350,1.5000000000000000
I,2,351,1.5000000000000000
I,2,352,1.5000000000000000
I,2,353,1.5000000000000000
I,2,354,1.5000000000000000
I,2,355,1.5000000000000000
I,2,356,1.5000000000000000
I,2,357,1.5000000000000000
I,2,358,1.5000000000000000
I,2,359,1.5000000000000000
I,2,360,1.0000000000000000
I,2,361,1.0000000000000000
I,2,362,1.0000000000000000
I,2,363,1.0000000000000000
I,2,364,1.0000000000000000
I,2,365,1.0000000000000000
I,2,366,1.0000000000000000
I,2,367,1.0000000000000000
I,2,368,1.0000000000000000
I,2,369,1.0000000000000000
I,2,370,1.0000000000000000
I,2,371,1.0000000000000000
I,2,372,1.0000000000000000
I,2,373,1.5000000000000000
I,2,374,1.5000000000000000
I,2,375,1.5000000000000000
I,2,376,1.5000000000000000
I,2,377,1.5000000000000000
I,2,378,1.5000000000000000
I,2,379,1.5000000000000000
I,2,380,1.5000000000000000
I,2,381,1.5000000000000000
I,2,382,1.5000000000000000
I,2,383,1.5000000000000000
I,2,384,1.5000000000000000
I,2,385,1.5000000000000000
I,2,386,1.5000000000000000
I,2,387,1.5000000000000000
I,2,388,1.5000000000000000
I,2,389,1.5000000000000000
I,2,390,1.5000000000000000
I,2,391,1.5000000000000000
I,2,392,1.5000000000000000
I,2,393,1.5000000000000000
I,2,394,1.5000000000000000
I,2,395,1.5000000000000000
I,2,396,1.5000000000000000
I,2,397,1.5000000000000000
I,2,398,1.5000000000000000
I,2,399,1.5000000000000000
I,2,400,1.0000000000000000
I,2,401,1.0000000000000000
I,2,402,1.0000000000000000
I,2,403,1.0000000000000000
I,2,404,1.0000000000000000
I,2,405,1.0000000000000000
I,2,406,1.0000000000000000
I,2,407,1.0000000000000000
I,2,408,1.0000000000000000
I,2,409,1.0000000000000000
I,2,410,1.0000000000000000
I,2,411,1.0000000000000000
I,2,412,1.0000000000000000
I,2,413,1.5000000000000000
I,2,414,1.5000000000000000
I,2,415,1.5000000000000000
I,2,416,1.5000000000000000
I,2,417,1.5000000000000000
I,2,418,1.5000000000000000
I,2,419,1.5000000000000000
I,2,420,1.5000000000000000
I,2,421,1.5000000000000000
I,2,422,1.5000000000000000
I,2,423,1.5000000000000000
I,2,424,1.5000000000000000
I,2,425,1.5000000000000000
I,2,426,1.5000000000000000
I,2,427,1.5000000000000000
I,2,428,1.5000000000000000
I,2,429,1.5000000000000000
I,2,430,1.5000000000000000
I,2,431,1.5000000000000000
I,2,432,1.5000000000000000
I,2,433,1.5000000000000000
I,2,434,1.5000000000000000
I,2,435,1.5000000000000000
I,2,436,1.5000000000000000
I,2,437,1.5000000000000000
I,2,438,1.5000000000000000
I,2,439,1.5000000000000000
I,2,440,1.0000000000000000
I,2,441,1.0000000000000000
I,2,442,1.0000000000000000
I,2,443,1.0000000000000000
I,2,444,1.0000000000000000
I,2,445,1.0000000000000000
I,2,446,1.0000000000000000
I,2,447,1.0000000000000000
I,2,448,1.0000000000000000
I,2,449,1.0000000000000000
I,2,450,1.0000000000000000
I,2,451,1.0000000000000000
I,2,452,1.0000000000000000
I,2,453,1.5000000000000000
I,2,454,1.5000000000000000
I,2,455,1.5000000000000000
I,2,456,1.5000000000000000
I,2,457,1.5000000000000000
I,2,458,1.5000000000000000
I,2,459,1.5000000000000000
I,2,460,1.5000000000000000
I,2,461,1.5000000000000000
I,2,462,1.5000000000000000
I,2,463,1.5000000000000000
I,2,464,1.5000000000000000
I,2,465,1.5000000000000000
I,2,466,1.5000000000000000
I,2,467,1.5000000000000000
I,2,468,1.5000000000000000
I,2,469,1.5000000000000000
I,2,470,1.5000000000000000
I,2,471,1.5000000000000000
I,2,472,1.5000000000000000
I,2,473,1.5000000000000000
I,2,474,1.5000000000000000
I,2,475,1.5000000000000000
I,2,476,1.5000000000000000
I,2,477,1.5000000000000000
I,2,478,1.5000000000000000
I,2,479,1.5000000000000000
I,2,480,1.0000000000000000
I,2,481,1.0000000000000000
I,2,482,1.0000000000000000
I,2,483,1.0000000000000000
I,2,484,1.0000000000000000
I,2,485,1.0000000000000000
I,2,486,1.0000000000000000
I,2,487,1.0000000000000000
I,2,488,1.0000000000000000
I,2,489,1.0000000000000000
I,2,490,1.0000000000000000
I,2,491,1.0000000000000000
I,2,492,1.0000000000000000
I,2,493,1.5000000000000000
I,2,494,1.5000000000000000
I,2,495,1.5000000000000000
I,2,496,1.5000000000000000
I,2,497,1.5000000000000000
I,2,498,1.5000000000000000
I,2,499,1.5000000000000000
I,2,500,1.5000000000000000
I,2,501,1.5000000000000000
I,2,502,1.5000000000000000
I,2,503,1.5000000000000000
I,2,504,1.5000000000000000
I,2,505,1.5000000000000000
I,2,506,1.5000000000000000
I,2,507,1.5000000000000000
I,2,508,1.5000000000000000
I,2,509,1.5000000000000000
I,2,510,1.5000000000000000
I,2,511,1.5000000000000000
I,2,512,1.5000000000000000
I,2,513,1.5000000000000000
I,2,514,1.5000000000000000
I,2,515,1.5000000000000000
I,2,516,1.5000000000000000
I,2,517,1.5000000000000000
I,2,518,1.5000000000000000
I,2,519,1.5000000000000000
I,2,520,1.0000000000000000
I,2,521,1.0000000000000000
I,2,522,1.0000000000000000
I,2,523,1.0000000000000000
I,2,524,1.0000000000000000
I,2,525,1.0000000000000000
I,2,526,1.0000000000000000
I,2,527,1.0000000000000000
I,2,528,1.0000000000000000
I,2,529,1.0000000000000000
I,2,530,1.0000000000000000
I,2,531,1.0000000000000000
I,2,532,1.0000000000000000
I,2,533,1.5000000000000000
I,2,534,1.5000000000000000
I,2,535,1.5000000000000000
I,2,536,1.5000000000000000
I,2,537,1.5000000000000000
I,2,538,1.5000000000000000
I,2,539,1.5000000000000000
I,2,540,1.5000000000000000
I,2,541,1.5000000000000000
I,2,542,1.5000000000000000
I,2,543,1.5000000000000000
I,2,544,1.5000000000000000
I,2,545,1.5000000000000000
I,2,546,1.5000000000000000
I,2,547,1.5000000000000000
I,2,548,1.5000000000000000
I,2,549,1.5000000000000000
I,2,550,1.5000000000000000
I,2,551,1.5000000000000000
I,2,552,1.5000000000000000
I,2,553,1.5000000000000000
I,2,554,1.5000000000000000
I,2,555,1.5000000000000000
I,2,556,1.5000000000000000
I,2,557,1.5000000000000000
I,2,558,1.5000000000000000
I,2,559,1.5000000000000000
I,2,560,1.0000000000000000
I,2,561,1.0000000000000000
I,2,562,1.0000000000000000
I,2,563,1.0000000000000000
I,2,564,1.0000000000000000
I,2,565,1.0000000000000000
I,2,566,1.0000000000000000
I,2,567,1.0000000000000000
I,2,568,1.0000000000000000
I,2,569,1.0000000000000000
I,2,570,1.0000000000000000
I,2,571,1.0000000000000000
I,2,572,1.0000000000000000
I,2,573,1.5000000000000000
I,2,574,1.5000000000000000
I,2,575,1.5000000000000000
I,2,576,1.5000000000000000
I,2,577,1.5000000000000000
I,2,578,1.5000000000000000
I,2,579,1.5000000000000000
I,2,580,1.5000000000000000
I,2,581,1.5000000000000000
I,2,582,1.5000000000000000
I,2,583,1.5000000000000000
I,2,584,1.5000000000000000
I,2,585,1.5000000000000000
I,2,586,1.5000000000000000
I,2,587,1.5000000000000000
I,2,588,1.5000000000000000
I,2,589,1.5000000000000000
I,2,590,1.5000000000000000
I,2,591,1.5000000000000000
I,2,592,1.5000000000000000
I,2,593,1.5000000000000000
I,2,594,1.5000000000000000
I,2,595,1.5000000000000000
I,2,596,1.5000000000000000
I,2,597,1.5000000000000000
I,2,598,1.5000000000000000
I,2,599,1.5000000000000000
I,2,600,1.0000000000000000
I,2,601,1.0000000000000000
I,2,602,1.0000000000000000
I,2,603,1.0000000000000000
I,2,604,1.0000000000000000
I,2,605,1.0000000000000000
I,2,606,1.0000000000000000
I,2,607,1.0000000000000000
I,2,608,1.0000000000000000
I,2,609,1.0000000000000000
I,2,610,1.0000000000000000
I,2,611,1.0000000000000000
I,2,612,1.0000000000000000
I,2,613,1.5000000000000000
I,2,614,1.5000000000000000
I,2,615,1.5000000000000000
I,2,616,1.5000000000000000
I,2,617,1.5000000000000000
I,2,618,1.5000000000000000
I,2,619,1.5000000000000000
I,2,620,1.5000000000000000
I,2,621,1.5000000000000000
I,2,622,1.5000000000000000
I,2,623,1.5000000000000000
I,2,624,1.5000000000000000
I,2,625,1.5000000000000000
I,2,626,1.5000000000000000
I,2,627,1.5000000000000000
I,2,628,1.5000000000000000
I,2,629,1.5000000000000000
I,2,630,1.5000000000000000
I,2,631,1.5000000000000000
I,2,632,1.5000000000000000
I,2,633,1.5000000000000000
I,2,634,1.5000000000000000
I,2,635,1.5000000000000000
I,2,636,1.5000000000000000
I,2,637,1.5000000000000000
I,2,638,1.5000000000000000
I,2,639,1.5000000000000000
I,2,640,1.0000000000000000
I,2,641,1.0000000000000000
I,2,642,1.0000000000000000
I,2,643,1.0000000000000000
I,2,644,1.0000000000000000
I,2,645,1.0000000000000000
I,2,646,1.0000000000000000
I,2,647,1.0000000000000000
I,2,648,1.0000000000000000
I,2,649,1.0000000000000000
I,2,650,1.0000000000000000
I,2,651,1.0000000000000000
I,2,652,1.0000000000000000
I,2,653,1.5000000000000000
I,2,654,1.5000000000000000
I,2,655,1.5000000000000000
I,2,656,1.5000000000000000
I,2,657,1.5000000000000000
I,2,658,1.5000000000000000
I,2,659,1.5000000000000000
I,2,660,1.5000000000000000
I,2,661,1.5000000000000000
I,2,662,1.5000000000000000
I,2,663,1.5000000000000000
I,2,664,1.5000000000000000
I,2,665,1.5000000000000000
I,2,666,1.5000000000000000
I,2,667,1.5000000000000000
I,2,668,1.5000000000000000
I,2,669,1.5000000000000000
I,2,670,1.5000000000000000
I,2,671,1.5000000000000000
I,2,672,1.5000000000000000
I,2,673,1.5000000000000000
I,2,674,1.5000000000000000
I,2,675,1.5000000000000000
I,2,676,1.5000000000000000
I,2,677,1.5000000000000000
I,2,678,1.5000000000000000
I,2,679,1.5000000000000000
I,2,680,1.0000000000000000
I,2,681,1.0000000000000000
I,2,682,1.0000000000000000
I,2,683,1.0000000000000000
I,2,684,1.0000000000000000
I,2,685,1.0000000000000000
I,2,686,1.0000000000000000
I,2,687,1.0000000000000000
I,2,688,1.0000000000000000
I,2,689,1.0000000000000000
I,2,690,1.0000000000000000
I,2,691,1.0000000000000000
I,2,692,1.0000000000000000
I,2,693,1.5000000000000000
I,2,694,1.5000000000000000
I,2,695,1.5000000000000000
I,2,696,1.5000000000000000
I,2,697,1.5000000000000000
I,2,698,1.5000000000000000
I,2,699,1.5000000000000000
I,2,700,1.5000000000000000
I,2,701,1.5000000000000000
I,2,702,1.5000000000000000
I,2,703,1.5000000000000000
I,2,704,1.5000000000000000
I,2,705,1.5000000000000000
I,2,706,1.5000000000000000
I,2,707,1.5000000000000000
I,2,708,1.5000000000000000
I,2,709,1.5000000000000000
I,2,710,1.5000000000000000
I,2,711,1.5000000000000000
I,2,712,1.5000000000000000
I,2,713,1.5000000000000000
I,2,714,1.5000000000000000
I,2,715,1.5000000000000000
I,2,716,1.5000000000000000
I,2,717,1.5000000000000000
I,2,718,1.5000000000000000
I,2,719,1.5000000000000000
I,2,720,1.0000000000000000
I,2,721,1.0000000000000000
I,2,722,1.0000000000000000
I,2,723,1.0000000000000000
I,2,724,1.0000000000000000
I,2,725,1.0000000000000000
I,2,726,1.0000000000000000
I,2,727,1.0000000000000000
I,2,728,1.0000000000000000
I,2,729,1.0000000000000000
I,2,730,1.0000000000000000
I,2,731,1.0000000000000000
I,2,732,1.0000000000000000
I,2,733,1.5000000000000000
I,2,734,1.5000000000000000
I,2,735,1.5000000000000000
I,2,736,1.5000000000000000
I,2,737,1.5000000000000000
I,2,738,1.5000000000000000
I,2,739,1.5000000000000000
I,2,740,1.5000000000000000
I,2,741,1.5000000000000000
I,2,742,1.5000000000000000
I,2,743,1.5000000000000000
I,2,744,1.5000000000000000
I,2,745,1.5000000000000000
I,2,746,1.5000000000000000
I,2,747,1.5000000000000000
I,2,748,1.5000000000000000
I,2,749,1.5000000000000000
I,2,750,1.5000000000000000
I,2,751,1.5000000000000000
I,2,752,1.5000000000000000
I,2,753,1.5000000000000000
I,2,754,1.5000000000000000
I,2,755,1.5000000000000000
I,2,756,1.5000000000000000
I,2,757,1.5000000000000000
I,2,758,1.5000000000000000
I,2,759,1.5000000000000000
I,2,760,1.0000000000000000
I,2,761,1.0000000000000000
I,2,762,1.0000000000000000
I,2,763,1.0000000000000000
I,2,764,1.0000000000000000
I,2,765,1.0000000000000000
I,2,766,1.0000000000000000
I,2,767,1.0000000000000000
I,2,768,1.0000000000000000
I,2,769,1.0000000000000000
I,2,770,1.0000000000000000
I,2,771,1.0000000000000000
I,2,772,1.0000000000000000
I,2,773,1.5000000000000000
I,2,774,1.5000000000000000
I,2,775,1.5000000000000000
I,2,776,1.5000000000000000
I,2,777,1.5000000000000000
I,2,778,1.5000000000000000
I,2,779,1.5000000000000000
I,2,780,1.5000000000000000
I,2,781,1.5000000000000000
I,2,782,1.5000000000000000
I,2,783,1.5000000000000000
I,2,784,1.5000000000000000
I,2,785,1.5000000000000000
I,2,786,1.5000000000000000
I,2,787,1.5000000000000000
I,2,788,1.5000000000000000
I,2,789,1.5000000000000000
I,2,790,1.5000000000000000
I,2,791,1.5000000000000000
I,2,792,1.5000000000000000
I,2,793,1.5000000000000000
I,2,794,1.5000000000000000
I,2,795,1.5000000000000000
I,2,796,1.5000000000000000
I,2,797,1.5000000000000000
I,2,798,1.5000000000000000
I,2,799,1.5000000000000000
I,2,800,1.0000000000000000
I,2,801,1.0000000000000000
I,2,802,1.0000000000000000
I,2,803,1.0000000000000000
I,2,804,1.0000000000000000
I,2,805,1.0000000000000000
I,2,806,1.0000000000000000
I,2,807,1.0000000000000000
I,2,808,1.0000000000000000
I,2,809,1.0000000000000000
I,2,810,1.0000000000000000
I,2,811,1.0000000000000000
I,2,812,1.0000000000000000
I,2,813,1.5000000000000000
I,2,814,1.5000000000000000
I,2,815,1.5000000000000000
I,2,816,1.5000000000000000
I,2,817,1.5000000000000000
I,2,818,1.5000000000000000
I,2,819,1.5000000000000000
I,2,820,1.5000000000000000
I,2,821,1.5000000000000000
I,2,822,1.5000000000000000
I,2,823,1.5000000000000000
I,2,824,1.5000000000000000
I,2,825,1.5000000000000000
I,2,826,1.5000000000000000
I,2,827,1.5000000000000000
I,2,828,1.5000000000000000
I,2,829,1.5000000000000000
I,2,830,1.5000000000000000
I,2,831,1.5000000000000000
I,2,832,1.5000000000000000
I,2,833,1.5000000000000000
I,2,834,1.5000000000000000
I,2,835,1.5000000000000000
I,2,836,1.5000000000000000
I,2,837,1.5000000000000000
I,2,838,1.5000000000000000
I,2,839,1.5000000000000000
I,2,840,1.0000000000000000
I,2,841,1.0000000000000000
I,2,842,1.0000000000000000
I,2,843,1.0000000000000000
I,2,844,1.0000000000000000
I,2,845,1.0000000000000000
I,2,846,1.0000000000000000
I,2,847,1.0000000000000000
I,2,848,1.0000000000000000
I,2,849,1.0000000000000000
I,2,850,1.0000000000000000
I,2,851,1.0000000000000000
I,2,852,1.0000000000000000
I,2,853,1.5000000000000000
I,2,854,1.5000000000000000
I,2,855,1.5000000000000000
I,2,856,1.5000000000000000
I,2,857,1.5000000000000000
I,2,858,1.5000000000000000
I,2,859,1.5000000000000000
I,2,860,1.5000000000000000
I,2,861,1.5000000000000000
I,2,862,1.5000000000000000
I,2,863,1.5000000000000000
I,2,864,1.5000000000000000
I,2,865,1.5000000000000000
I,2,866,1.5000000000000000
I,2,867,1.5000000000000000
I,2,868,1.5000000000000000
I,2,869,1.5000000000000000
I,2,870,1.5000000000000000
I,2,871,1.5000000000000000
I,2,872,1.5000000000000000
I,2,873,1.5000000000000000
I,2,874,1.5000000000000000
I,2,875,1.5000000000000000
I,2,876,1.5000000000000000
I,2,877,1.5000000000000000
I,2,878,1.5000000000000000
I,2,879,1.5000000000000000
I,2,880,1.0000000000000000
I,2,881,1.0000000000000000
I,2,882,1.0000000000000000
I,2,883,1.0000000000000000
I,2,884,1.0000000000000000
I,2,885,1.0000000000000000
I,2,886,1.0000000000000000
I,2,887,1.0000000000000000
I,2,888,1.0000000000000000
I,2,889,1.0000000000000000
I,2,890,1.0000000000000000
I,2,891,1.0000000000000000
I,2,892,1.0000000000000000
I,2,893,1.5000000000000000
I,2,894,1.5000000000000000
I,2,895,1.5000000000000000
I,2,896,1.5000000000000000
I,2,897,1.5000000000000000
I,2,898,1.5000000000000000
I,2,899,1.5000000000000000
I,2,900,1.5000000000000000
I,2,901,1.5000000000000000
I,2,902,1.5000000000000000
I,2,903,1.5000000000000000
I,2,904,1.5000000000000000
I,2,905,0.0000000000000000
I,2,906,0.0000000000000000
I,2,907,0.0000000000000000
I,2,908,0.0000000000000000
I,2,909,0.0000000000000000
I,2,910,0.0000000000000000
I,2,911,1.5000000000000000
I,2,912,1.5000000000000000
I,2,913,1.5000000000000000
I,2,914,1.5000000000000000
I,2,915,1.5000000000000000
I,2,916,1.5000000000000000
I,2,917,1.5000000000000000
I,2,918,1.5000000000000000
I,2,919,1.5000000000000000
I,2,920,1.0000000000000000
I,2,921,1.0000000000000000
I,2,922,1.0000000000000000
I,2,923,1.0000000000000000
I,2,924,1.0000000000000000
I,2,925,1.0000000000000000
I,2,926,1.0000000000000000
I,2,927,1.0000000000000000
I,2,928,1.0000000000000000
I,2,929,1.0000000000000000
I,2,930,1.0000000000000000
I,2,931,1.0000000000000000
I,2,932,1.0000000000000000
I,2,933,1.5000000000000000
I,2,934,1.5000000000000000
I,2,935,1.5000000000000000
I,2,936,1.5000000000000000
I,2,937,1.5000000000000000
I,2,938,1.5000000000000000
I,2,939,1.5000000000000000
I,2,940,1.5000000000000000
I,2,941,1.5000000000000000
I,2,942,1.5000000000000000
I,2,943,1.5000000000000000
I,2,944,1.5000000000000000
I,2,945,1.5000000000000000
I,2,946,1.5000000000000000
I,2,947,1.5000000000000000
I,2,948,1.5000000000000000
I,2,949,1.5000000000000000
I,2,950,1.5000000000000000
I,2,951,1.5000000000000000
I,2,952,1.5000000000000000
I,2,953,1.5000000000000000
I,2,954,1.5000000000000000
I,2,955,1.5000000000000000
I,2,956,1.5000000000000000
I,2,957,1.5000000000000000
I,2,958,1.5000000000000000
I,2,959,1.5000000000000000
I,2,960,1.0000000000000000
I,2,961,1.0000000000000000
I,2,962,1.0000000000000000
I,2,963,1.0000000000000000
I,2,964,1.0000000000000000
I,2,965,1.0000000000000000
I,2,966,1.0000000000000000
I,2,967,1.0000000000000000
I,2,968,1.0000000000000000
I,2,969,1.0000000000000000
I,2,970,1.0000000000000000
I,2,971,1.0000000000000000
I,2,972,1.0000000000000000
I,2,973,1.5000000000000000
I,2,974,1.5000000000000000
I,2,975,1.5000000000000000
I,2,976,1.5000000000000000
I,2,977,1.5000000000000000
I,2,978,1.5000000000000000
I,2,979,1.5000000000000000
I,2,980,1.5000000000000000
I,2,981,1.5000000000000000
I,2,982,1.5000000000000000
I,2,983,1.5000000000000000
I,2,984,1.5000000000000000
I,2,985,1.5000000000000000
I,2,986,1.5000000000000000
I,2,987,1.5000000000000000
I,2,988,1.5000000000000000
I,2,989,1.5000000000000000
I,2,990,1.5000000000000000
I,2,991,1.5000000000000000
I,2,992,1.5000000000000000
I,2,993,1.5000000000000000
I,2,994,1.5000000000000000
I,2,995,1.5000000000000000
I,2,996,1.5000000000000000
I,2,997,1.5000000000000000
I,2,998,1.5000000000000000
I,2,999,1.5000000000000000
R,2,0,121.44943101790669,6.2718436561310950,-1.2000000000000002
R,2,1,151.78682683738867,7.1305756364019090,-0.80000000000000000
R,2,2,181.68424397601154,8.4423266307653990,-0.40000000000000000
R,2,3,209.66666666666666,10.000000000000000,0.0000000000000000
R,2,4,238.45616265067437,11.038448912823068,0.40000000000000000
R,2,5,266.85788455825910,11.912949575732060,0.80000000000000000
R,2,6,294.96628734527116,12.485437562579271,1.2000000000000002
R,2,7,323.96628734527116,7.5145624374207300,-1.2000000000000002
R,2,8,353.85788455825910,8.0870504242679400,-0.80000000000000000
R,2,9,383.45616265067434,8.9615510871769320,-0.40000000000000000
R,2,10,124.00000000000000,35.000000000000000,0.0000000000000000
R,2,11,152.68424397601154,36.557673369234600,0.40000000000000000
R,2,12,180.78682683738867,37.869424363598090,0.80000000000000000
R,2,13,207.96628734527113,37.485437562579270,1.2000000000000002
R,2,14,236.96628734527113,32.514562437420730,-1.2000000000000002
R,2,15,266.85788455825910,33.087050424267936,-0.80000000000000000
R,2,16,296.45616265067434,33.961551087176930,-0.40000000000000000
R,2,17,325.66666666666670,35.000000000000000,0.0000000000000000
R,2,18,354.45616265067434,36.038448912823070,0.40000000000000000
R,2,19,382.85788455825910,36.912949575732064,0.80000000000000000
R,2,20,121.44943101790669,63.728156343868900,1.2000000000000002
R,2,21,150.44943101790670,56.271843656131100,-1.2000000000000002
R,2,22,180.78682683738867,57.130575636401910,-0.80000000000000000
R,2,23,209.45616265067437,58.961551087176930,-0.40000000000000000
R,2,24,238.66666666666666,60.000000000000000,0.0000000000000000
R,2,25,267.45616265067434,61.038448912823070,0.40000000000000000
R,2,26,295.85788455825910,61.912949575732064,0.80000000000000000
R,2,27,323.96628734527116,62.485437562579270,1.2000000000000002
R,2,28,352.96628734527116,57.514562437420730,-1.2000000000000002
R,2,29,382.85788455825910,58.087050424267936,-0.80000000000000000
R,2,30,123.68424397601154,83.442326630765400,-0.40000000000000000
R,2,31,153.00000000000000,85.000000000000000,0.0000000000000000
R,2,32,181.68424397601154,86.557673369234600,0.40000000000000000
R,2,33,208.85788455825912,86.912949575732060,0.80000000000000000
R,2,34,236.96628734527113,87.485437562579260,1.2000000000000002
R,2,35,265.96628734527116,82.514562437420740,-1.2000000000000002
R,2,36,295.85788455825910,83.087050424267940,-0.80000000000000000
R,2,37,325.45616265067434,83.961551087176930,-0.40000000000000000
R,2,38,354.66666666666670,85.000000000000000,0.0000000000000000
R,2,39,383.45616265067434,86.038448912823070,0.40000000000000000
R,2,40,122.78682683738866,112.86942436359809,0.80000000000000000
R,2,41,150.44943101790670,113.72815634386890,1.2000000000000002
R,2,42,179.44943101790670,106.27184365613110,-1.2000000000000002
R,2,43,208.85788455825912,108.08705042426794,-0.80000000000000000
R,2,44,238.45616265067437,108.96155108717693,-0.40000000000000000
R,2,45,267.66666666666670,110.00000000000000,0.0000000000000000
R,2,46,296.45616265067434,111.03844891282307,0.40000000000000000
R,2,47,324.85788455825910,111.91294957573206,0.80000000000000000
R,2,48,352.96628734527116,112.48543756257926,1.2000000000000002
R,2,49,381.96628734527116,107.51456243742074,-1.2000000000000002
R,2,50,122.78682683738866,132.13057563640191,-0.80000000000000000
R,2,51,152.68424397601154,133.44232663076540,-0.40000000000000000
R,2,52,182.00000000000000,135.00000000000000,0.0000000000000000
R,2,53,209.45616265067437,136.03844891282307,0.40000000000000000
R,2,54,237.85788455825912,136.91294957573206,0.80000000000000000
R,2,55,265.96628734527116,137.48543756257928,1.2000000000000002
R,2,56,294.96628734527116,132.51456243742072,-1.2000000000000002
R,2,57,324.85788455825910,133.08705042426794,-0.80000000000000000
R,2,58,354.45616265067434,133.96155108717693,-0.40000000000000000
R,2,59,383.66666666666670,135.00000000000000,0.0000000000000000
R,2,60,123.68424397601154,161.55767336923460,0.40000000000000000
R,2,61,151.78682683738867,162.86942436359809,0.80000000000000000
R,2,62,179.44943101790670,163.72815634386890,1.2000000000000002
R,2,63,207.96628734527113,157.51456243742072,-1.2000000000000002
R,2,64,237.85788455825912,158.08705042426794,-0.80000000000000000
R,2,65,267.45616265067434,158.96155108717693,-0.40000000000000000
R,2,66,296.66666666666670,160.00000000000000,0.0000000000000000
R,2,67,325.45616265067434,161.03844891282307,0.40000000000000000
R,2,68,353.85788455825910,161.91294957573206,0.80000000000000000
R,2,69,381.96628734527116,162.48543756257928,1.2000000000000002
R,2,70,121.44943101790669,181.27184365613110,-1.2000000000000002
R,2,71,151.78682683738867,182.13057563640191,-0.80000000000000000
R,2,72,181.68424397601154,183.44232663076540,-0.40000000000000000
R,2,73,209.66666666666666,185.00000000000000,0.0000000000000000
R,2,74,238.45616265067437,186.03844891282307,0.40000000000000000
R,2,75,266.85788455825910,186.91294957573206,0.80000000000000000
R,2,76,294.96628734527116,187.48543756257928,1.2000000000000002
R,2,77,323.96628734527116,182.51456243742072,-1.2000000000000002
R,2,78,353.85788455825910,183.08705042426794,-0.80000000000000000
R,2,79,383.45616265067434,183.96155108717693,-0.40000000000000000
R,2,80,124.00000000000000,210.00000000000000,0.0000000000000000
R,2,81,152.68424397601154,211.55767336923460,0.40000000000000000
R,2,82,180.78682683738867,212.86942436359809,0.80000000000000000
R,2,83,207.96628734527113,212.48543756257928,1.2000000000000002
R,2,84,236.96628734527113,207.51456243742072,-1.2000000000000002
R,2,85,266.85788455825910,208.08705042426794,-0.80000000000000000
R,2,86,296.45616265067434,208.96155108717693,-0.40000000000000000
R,2,87,325.66666666666670,210.00000000000000,0.0000000000000000
R,2,88,354.45616265067434,211.03844891282307,0.40000000000000000
R,2,89,382.85788455825910,211.91294957573206,0.80000000000000000
R,2,90,121.44943101790669,238.72815634386890,1.2000000000000002
R,2,91,150.44943101790670,231.27184365613110,-1.2000000000000002
R,2,92,180.78682683738867,232.13057563640191,-0.80000000000000000
R,2,93,209.45616265067437,233.96155108717693,-0.40000000000000000
R,2,94,238.66666666666666,235.00000000000000,0.0000000000000000
R,2,95,267.45616265067434,236.03844891282307,0.40000000000000000
R,2,96,295.85788455825910,236.91294957573206,0.80000000000000000
R,2,97,323.96628734527116,237.48543756257928,1.2000000000000002
R,2,98,352.96628734527116,232.51456243742072,-1.2000000000000002
R,2,99,382.85788455825910,233.08705042426794,-0.80000000000000000
I,3,0,1.0000000000000000
I,3,1,1.0000000000000000
I,3,2,1.0000000000000000
I,3,3,1.0000000000000000
I,3,4,1.0000000000000000
I,3,5,1.0000000000000000
I,3,6,1.0000000000000000
I,3,7,1.0000000000000000
I,3,8,1.0000000000000000
I,3,9,1.5000000000000000
I,3,10,1.5000000000000000
I,3,11,1.5000000000000000
I,3,12,1.5000000000000000
I,3,13,1.0000000000000000
I,3,14,1.0000000000000000
I,3,15,1.0000000000000000
I,3,16,1.0000000000000000
I,3,17,1.0000000000000000
I,3,18,1.0000000000000000
I,3,19,1.0000000000000000
I,3,20,1.0000000000000000
I,3,21,1.0000000000000000
I,3,22,1.0000000000000000
I,3,23,1.0000000000000000
I,3,24,1.0000000000000000
I,3,25,1.0000000000000000
I,3,26,1.0000000000000000
I,3,27,1.0000000000000000
I,3,28,1.0000000000000000
I,3,29,1.0000000000000000
I,3,30,1.0000000000000000
I,3,31,1.0000000000000000
I,3,32,1.0000000000000000
I,3,33,1.0000000000000000
I,3,34,1.0000000000000000
I,3,35,1.0000000000000000
I,3,36,1.0000000000000000
I,3,37,1.0000000000000000
I,3,38,1.0000000000000000
I,3,39,1.0000000000000000
I,3,40,1.0000000000000000
I,3,41,1.0000000000000000
I,3,42,1.0000000000000000
I,3,43,1.0000000000000000
I,3,44,1.0000000000000000
I,3,45,1.0000000000000000
I,3,46,1.0000000000000000
I,3,47,1.0000000000000000
I,3,48,1.0000000000000000
I,3,49,1.5000000000000000
I,3,50,1.5000000000000000
I,3,51,1.5000000000000000
I,3,52,1.5000000000000000
I,3,53,1.5000000000000000
I,3,54,1.0000000000000000
I,3,55,1.0000000000000000
I,3,56,1.0000000000000000
I,3,57,1.0000000000000000
I,3,58,1.0000000000000000
I,3,59,1.0000000000000000
I,3,60,1.0000000000000000
I,3,61,1.0000000000000000
I,3,62,1.0000000000000000
I,3,63,1.0000000000000000
I,3,64,1.0000000000000000
I,3,65,1.0000000000000000
I,3,66,1.0000000000000000
I,3,67,1.0000000000000000
I,3,68,1.0000000000000000
I,3,69,1.0000000000000000
I,3,70,1.0000000000000000
I,3,71,1.0000000000000000
I,3,72,1.0000000000000000
I,3,73,1.0000000000000000
I,3,74,1.0000000000000000
I,3,75,1.0000000000000000
I,3,76,1.0000000000000000
I,3,77,1.0000000000000000
I,3,78,1.0000000000000000
I,3,79,1.0000000000000000
I,3,80,1.0000000000000000
I,3,81,1.0000000000000000
I,3,82,1.0000000000000000
I,3,83,1.0000000000000000
I,3,84,1.0000000000000000
I,3,85,1.0000000000000000
I,3,86,1.0000000000000000
I,3,87,1.0000000000000000
I,3,88,1.0000000000000000
I,3,89,1.5000000000000000
I,3,90,1.5000000000000000
I,3,91,1.5000000000000000
I,3,92,1.5000000000000000
I,3,93,1.5000000000000000
I,3,94,1.0000000000000000
I,3,95,1.0000000000000000
I,3,96,1.0000000000000000
I,3,97,1.0000000000000000
I,3,98,1.0000000000000000
I,3,99,1.0000000000000000
I,3,100,1.0000000000000000
I,3,101,1.0000000000000000
I,3,102,1.0000000000000000
I,3,103,1.0000000000000000
I,3,104,1.0000000000000000
I,3,105,1.0000000000000000
I,3,106,1.0000000000000000
I,3,107,1.0000000000000000
I,3,108,1.0000000000000000
I,3,109,1.0000000000000000
I,3,110,1.0000000000000000
I,3,111,1.0000000000000000
I,3,112,1.0000000000000000
I,3,113,1.0000000000000000
I,3,114,1.0000000000000000
I,3,115,1.0000000000000000
I,3,116,1.0000000000000000
I,3,117,1.0000000000000000
I,3,118,1.0000000000000000
I,3,119,1.0000000000000000
I,3,120,1.0000000000000000
I,3,121,1.0000000000000000
I,3,122,1.0000000000000000
I,3,123,1.0000000000000000
I,3,124,1.0000000000000000
I,3,125,1.0000000000000000
I,3,126,1.0000000000000000
I,3,127,1.0000000000000000
I,3,128,1.0000000000000000
I,3,129,1.5000000000000000
I,3,130,1.5000000000000000
I,3,131,1.5000000000000000
I,3,132,1.5000000000000000
I,3,133,1.5000000000000000
I,3,134,1.0000000000000000
I,3,135,1.0000000000000000
I,3,136,1.0000000000000000
I,3,137,1.0000000000000000
I,3,138,1.0000000000000000
I,3,139,1.0000000000000000
I,3,140,1.0000000000000000
I,3,141,1.0000000000000000
I,3,142,1.0000000000000000
I,3,143,1.0000000000000000
I,3,144,1.0000000000000000
I,3,145,1.0000000000000000
I,3,146,1.0000000000000000
I,3,147,1.0000000000000000
I,3,148,1.0000000000000000
I,3,149,1.0000000000000000
I,3,150,1.0000000000000000
I,3,151,1.0000000000000000
I,3,152,1.0000000000000000
I,3,153,1.0000000000000000
I,3,154,1.0000000000000000
I,3,155,1.0000000000000000
I,3,156,1.0000000000000000
I,3,157,1.0000000000000000
I,3,158,1.0000000000000000
I,3,159,1.0000000000000000
I,3,160,1.0000000000000000
I,3,161,1.0000000000000000
I,3,162,1.0000000000000000
I,3,163,1.0000000000000000
I,3,164,1.0000000000000000
I,3,165,1.0000000000000000
I,3,166,1.0000000000000000
I,3,167,1.0000000000000000
I,3,168,1.0000000000000000
I,3,169,1.5000000000000000
I,3,170,1.5000000000000000
I,3,171,1.5000000000000000
I,3,172,1.5000000000000000
I,3,173,1.0000000000000000
I,3,174,1.0000000000000000
I,3,175,1.0000000000000000
I,3,176,1.0000000000000000
I,3,177,1.0000000000000000
I,3,178,1.0000000000000000
I,3,179,1.0000000000000000
I,3,180,1.0000000000000000
I,3,181,1.0000000000000000
I,3,182,1.0000000000000000
I,3,183,1.0000000000000000
I,3,184,1.0000000000000000
I,3,185,1.0000000000000000
I,3,186,1.0000000000000000
I,3,187,1.0000000000000000
I,3,188,1.0000000000000000
I,3,189,1.0000000000000000
I,3,190,1.0000000000000000
I,3,191,1.0000000000000000
I,3,192,1.0000000000000000
I,3,193,1.0000000000000000
I,3,194,1.0000000000000000
I,3,195,1.0000000000000000
I,3,196,1.0000000000000000
I,3,197,1.0000000000000000
I,3,198,1.0000000000000000
I,3,199,1.0000000000000000
I,3,200,1.0000000000000000
I,3,201,1.0000000000000000
I,3,202,1.0000000000000000
I,3,203,1.0000000000000000
I,3,204,1.0000000000000000
I,3,205,1.0000000000000000
I,3,206,1.0000000000000000
I,3,207,1.0000000000000000
I,3,208,1.0000000000000000
I,3,209,1.5000000000000000
I,3,210,1.5000000000000000
I,3,211,1.5000000000000000
I,3,212,1.5000000000000000
I,3,213,1.0000000000000000
I,3,214,1.0000000000000000
I,3,215,1.0000000000000000
I,3,216,1.0000000000000000
I,3,217,1.0000000000000000
I,3,218,1.0000000000000000
I,3,219,1.0000000000000000
I,3,220,1.0000000000000000
I,3,221,1.0000000000000000
I,3,222,1.0000000000000000
I,3,223,1.0000000000000000
I,3,224,1.0000000000000000
I,3,225,1.0000000000000000
I,3,226,1.0000000000000000
I,3,227,1.0000000000000000
I,3,228,1.0000000000000000
I,3,229,1.0000000000000000
I,3,230,1.0000000000000000
I,3,231,1.0000000000000000
I,3,232,1.0000000000000000
I,3,233,1.0000000000000000
I,3,234,1.0000000000000000
I,3,235,1.0000000000000000
I,3,236,1.0000000000000000
I,3,237,1.0000000000000000
I,3,238,1.0000000000000000
I,3,239,1.0000000000000000
I,3,240,1.0000000000000000
I,3,241,1.0000000000000000
I,3,242,1.0000000000000000
I,3,243,1.0000000000000000
I,3,244,1.0000000000000000
I,3,245,1.0000000000000000
I,3,246,1.0000000000000000
I,3,247,1.0000000000000000
I,3,248,1.0000000000000000
I,3,249,1.5000000000000000
I,3,250,1.5000000000000000
I,3,251,1.5000000000000000
I,3,252,1.5000000000000000
I,3,253,1.0000000000000000
I,3,254,1.0000000000000000
I,3,255,1.0000000000000000
I,3,256,1.0000000000000000
I,3,257,1.0000000000000000
I,3,258,1.0000000000000000
I,3,259,1.0000000000000000
I,3,260,1.0000000000000000
I,3,261,1.0000000000000000
I,3,262,1.0000000000000000
I,3,263,1.0000000000000000
I,3,264,1.0000000000000000
I,3,265,1.0000000000000000
I,3,266,1.0000000000000000
I,3,267,1.0000000000000000
I,3,268,1.0000000000000000
I,3,269,1.0000000000000000
I,3,270,1.0000000000000000
I,3,271,1.0000000000000000
I,3,272,1.0000000000000000
I,3,273,1.0000000000000000
I,3,274,1.0000000000000000
I,3,275,1.0000000000000000
I,3,276,1.0000000000000000
I,3,277,1.0000000000000000
I,3,278,1.0000000000000000
I,3,279,1.0000000000000000
I,3,280,1.0000000000000000
I,3,281,1.0000000000000000
I,3,282,1.0000000000000000
I,3,283,1.0000000000000000
I,3,284,1.0000000000000000
I,3,285,1.0000000000000000
I,3,286,1.0000000000000000
I,3,287,1.0000000000000000
I,3,288,1.0000000000000000
I,3,289,1.5000000000000000
I,3,290,1.5000000000000000
I,3,291,1.5000000000000000
I,3,292,1.5000000000000000
I,3,293,1.0000000000000000
I,3,294,1.0000000000000000
I,3,295,1.0000000000000000
I,3,296,1.0000000000000000
I,3,297,1.0000000000000000
I,3,298,1.0000000000000000
I,3,299,1.0000000000000000
I,3,300,1.0000000000000000
I,3,301,1.0000000000000000
I,3,302,1.0000000000000000
I,3,303,1.0000000000000000
I,3,304,1.0000000000000000
I,3,305,1.0000000000000000
I,3,306,1.0000000000000000
I,3,307,1.0000000000000000
I,3,308,1.0000000000000000
I,3,309,1.0000000000000000
I,3,310,1.0000000000000000
I,3,311,1.0000000000000000
I,3,312,1.0000000000000000
I,3,313,1.0000000000000000
I,3,314,1.0000000000000000
I,3,315,1.0000000000000000
I,3,316,1.0000000000000000
I,3,317,1.0000000000000000
I,3,318,1.0000000000000000
I,3,319,1.0000000000000000
I,3,320,1.0000000000000000
I,3,321,1.0000000000000000
I,3,322,1.0000000000000000
I,3,323,1.0000000000000000
I,3,324,1.0000000000000000
I,3,325,1.0000000000000000
I,3,326,1.0000000000000000
I,3,327,1.0000000000000000
I,3,328,1.0000000000000000
I,3,329,1.5000000000000000
I,3,330,1.5000000000000000
I,3,331,1.5000000000000000
I,3,332,1.5000000000000000
I,3,333,1.5000000000000000
I,3,334,1.0000000000000000
I,3,335,1.0000000000000000
I,3,336,1.0000000000000000
I,3,337,1.0000000000000000
I,3,338,1.0000000000000000
I,3,339,1.0000000000000000
I,3,340,1.0000000000000000
I,3,341,1.0000000000000000
I,3,342,1.0000000000000000
I,3,343,1.0000000000000000
I,3,344,1.0000000000000000
I,3,345,1.0000000000000000
I,3,346,1.0000000000000000
I,3,347,1.0000000000000000
I,3,348,1.0000000000000000
I,3,349,1.0000000000000000
I,3,350,1.0000000000000000
I,3,351,1.0000000000000000
I,3,352,1.0000000000000000
I,3,353,1.0000000000000000
I,3,354,1.0000000000000000
I,3,355,1.0000000000000000
I,3,356,1.0000000000000000
I,3,357,1.0000000000000000
I,3,358,1.0000000000000000
I,3,359,1.0000000000000000
I,3,360,1.0000000000000000
I,3,361,1.0000000000000000
I,3,362,1.0000000000000000
I,3,363,1.0000000000000000
I,3,364,1.0000000000000000
I,3,365,1.0000000000000000
I,3,366,1.0000000000000000
I,3,367,1.0000000000000000
I,3,368,1.0000000000000000
I,3,369,1.5000000000000000
I,3,370,1.5000000000000000
I,3,371,1.5000000000000000
I,3,372,1.5000000000000000
I,3,373,1.5000000000000000
I,3,374,1.0000000000000000
I,3,375,1.0000000000000000
I,3,376,1.0000000000000000
I,3,377,1.0000000000000000
I,3,378,1.0000000000000000
I,3,379,1.0000000000000000
I,3,380,1.0000000000000000
I,3,381,1.0000000000000000
I,3,382,1.0000000000000000
I,3,383,1.0000000000000000
I,3,384,1.0000000000000000
I,3,385,1.0000000000000000
I,3,386,1.0000000000000000
I,3,387,1.0000000000000000
I,3,388,1.0000000000000000
I,3,389,1.0000000000000000
I,3,390,1.0000000000000000
I,3,391,1.0000000000000000
I,3,392,1.0000000000000000
I,3,393,1.0000000000000000
I,3,394,1.0000000000000000
I,3,395,1.0000000000000000
I,3,396,1.0000000000000000
I,3,397,1.0000000000000000
I,3,398,1.0000000000000000
I,3,399,1.0000000000000000
I,3,400,1.0000000000000000
I,3,401,1.0000000000000000
I,3,402,1.0000000000000000
I,3,403,1.0000000000000000
I,3,404,1.0000000000000000
I,3,405,1.0000000000000000
I,3,406,1.0000000000000000
I,3,407,1.0000000000000000
I,3,408,1.0000000000000000
I,3,409,1.5000000000000000
I,3,410,1.5000000000000000
I,3,411,1.5000000000000000
I,3,412,1.5000000000000000
I,3,413,1.5000000000000000
I,3,414,1.0000000000000000
I,3,415,1.0000000000000000
I,3,416,1.0000000000000000
I,3,417,1.0000000000000000
I,3,418,1.0000000000000000
I,3,419,1.0000000000000000
I,3,420,1.0000000000000000
I,3,421,1.0000000000000000
I,3,422,1.0000000000000000
I,3,423,1.0000000000000000
I,3,424,1.0000000000000000
I,3,425,1.0000000000000000
I,3,426,1.0000000000000000
I,3,427,1.0000000000000000
I,3,428,1.0000000000000000
I,3,429,1.0000000000000000
I,3,430,1.0000000000000000
I,3,431,1.0000000000000000
I,3,432,1.0000000000000000
I,3,433,1.0000000000000000
I,3,434,1.0000000000000000
I,3,435,1.0000000000000000
I,3,436,1.0000000000000000
I,3,437,1.0000000000000000
I,3,438,1.0000000000000000
I,3,439,1.0000000000000000
I,3,440,1.0000000000000000
I,3,441,1.0000000000000000
I,3,442,1.0000000000000000
I,3,443,1.0000000000000000
I,3,444,1.0000000000000000
I,3,445,1.0000000000000000
I,3,446,1.0000000000000000
I,3,447,1.0000000000000000
I,3,448,1.0000000000000000
I,3,449,1.5000000000000000
I,3,450,1.5000000000000000
I,3,451,1.5000000000000000
I,3,452,1.5000000000000000
I,3,453,1.0000000000000000
I,3,454,1.0000000000000000
I,3,455,1.0000000000000000
I,3,456,1.0000000000000000
I,3,457,1.0000000000000000
I,3,458,1.0000000000000000
I,3,459,1.0000000000000000
I,3,460,1.0000000000000000
I,3,461,1.0000000000000000
I,3,462,1.0000000000000000
I,3,463,1.0000000000000000
I,3,464,1.0000000000000000
I,3,465,1.0000000000000000
I,3,466,1.0000000000000000
I,3,467,1.0000000000000000
I,3,468,1.0000000000000000
I,3,469,1.0000000000000000
I,3,470,1.0000000000000000
I,3,471,1.0000000000000000
I,3,472,1.0000000000000000
I,3,473,1.0000000000000000
I,3,474,1.0000000000000000
I,3,475,1.0000000000000000
I,3,476,1.0000000000000000
I,3,477,1.0000000000000000
I,3,478,1.0000000000000000
I,3,479,1.0000000000000000
I,3,480,1.0000000000000000
I,3,481,1.0000000000000000
I,3,482,1.0000000000000000
I,3,483,1.0000000000000000
I,3,484,1.0000000000000000
I,3,485,1.0000000000000000
I,3,486,1.0000000000000000
I,3,487,1.0000000000000000
I,3,488,1.0000000000000000
I,3,489,1.5000000000000000
I,3,490,1.5000000000000000
I,3,491,1.5000000000000000
I,3,492,1.5000000000000000
I,3,493,1.0000000000000000
I,3,494,1.0000000000000000
I,3,495,1.0000000000000000
I,3,496,1.0000000000000000
I,3,497,1.0000000000000000
I,3,498,1.0000000000000000
I,3,499,1.0000000000000000
I,3,500,1.0000000000000000
I,3,501,1.0000000000000000
I,3,502,1.0000000000000000
I,3,503,1.0000000000000000
I,3,504,1.0000000000000000
I,3,505,1.0000000000000000
I,3,506,1.0000000000000000
I,3,507,1.0000000000000000
I,3,508,1.0000000000000000
I,3,509,1.0000000000000000
I,3,510,1.0000000000000000
I,3,511,1.0000000000000000
I,3,512,1.0000000000000000
I,3,513,1.0000000000000000
I,3,514,1.0000000000000000
I,3,515,1.0000000000000000
I,3,516,1.0000000000000000
I,3,517,1.0000000000000000
I,3,518,1.0000000000000000
I,3,519,1.0000000000000000
I,3,520,1.0000000000000000
I,3,521,1.0000000000000000
I,3,522,1.0000000000000000
I,3,523,1.0000000000000000
I,3,524,1.0000000000000000
I,3,525,1.0000000000000000
I,3,526,1.0000000000000000
I,3,527,1.0000000000000000
I,3,528,1.0000000000000000
I,3,529,1.5000000000000000
I,3,530,1.5000000000000000
I,3,531,1.5000000000000000
I,3,532,1.5000000000000000
I,3,533,1.0000000000000000
I,3,534,1.0000000000000000
I,3,535,1.0000000000000000
I,3,536,1.0000000000000000
I,3,537,1.0000000000000000
I,3,538,1.0000000000000000
I,3,539,1.0000000000000000
I,3,540,1.0000000000000000
I,3,541,1.0000000000000000
I,3,542,1.0000000000000000
I,3,543,1.0000000000000000
I,3,544,1.0000000000000000
I,3,545,1.0000000000000000
I,3,546,1.0000000000000000
I,3,547,1.0000000000000000
I,3,548,1.0000000000000000
I,3,549,1.0000000000000000
I,3,550,1.0000000000000000
I,3,551,1.0000000000000000
I,3,552,1.0000000000000000
I,3,553,1.0000000000000000
I,3,554,1.0000000000000000
I,3,555,1.0000000000000000
I,3,556,1.0000000000000000
I,3,557,1.0000000000000000
I,3,558,1.0000000000000000
I,3,559,1.0000000000000000
I,3,560,1.0000000000000000
I,3,561,1.0000000000000000
I,3,562,1.0000000000000000
I,3,563,1.0000000000000000
I,3,564,1.0000000000000000
I,3,565,1.0000000000000000
I,3,566,1.0000000000000000
I,3,567,1.0000000000000000
I,3,568,1.0000000000000000
I,3,569,1.5000000000000000
I,3,570,1.5000000000000000
I,3,571,1.5000000000000000
I,3,572,1.5000000000000000
I,3,573,1.0000000000000000
I,3,574,1.0000000000000000
I,3,575,1.0000000000000000
I,3,576,1.0000000000000000
I,3,577,1.0000000000000000
I,3,578,1.0000000000000000
I,3,579,1.0000000000000000
I,3,580,1.0000000000000000
I,3,581,1.0000000000000000
I,3,582,1.0000000000000000
I,3,583,1.0000000000000000
I,3,584,1.0000000000000000
I,3,585,1.0000000000000000
I,3,586,1.0000000000000000
I,3,587,1.0000000000000000
I,3,588,1.0000000000000000
I,3,589,1.0000000000000000
I,3,590,1.0000000000000000
I,3,591,1.0000000000000000
I,3,592,1.0000000000000000
I,3,593,1.0000000000000000
I,3,594,1.0000000000000000
I,3,595,1.0000000000000000
I,3,596,1.0000000000000000
I,3,597,1.0000000000000000
I,3,598,1.0000000000000000
I,3,599,1.0000000000000000
I,3,600,1.0000000000000000
I,3,601,1.0000000000000000
I,3,602,1.0000000000000000
I,3,603,1.0000000000000000
I,3,604,1.0000000000000000
I,3,605,1.0000000000000000
I,3,606,1.0000000000000000
I,3,607,1.0000000000000000
I,3,608,1.0000000000000000
I,3,609,1.5000000000000000
I,3,610,1.5000000000000000
I,3,611,1.5000000000000000
I,3,612,1.5000000000000000
I,3,613,1.5000000000000000
I,3,614,1.0000000000000000
I,3,615,1.0000000000000000
I,3,616,1.0000000000000000
I,3,617,1.0000000000000000
I,3,618,1.0000000000000000
I,3,619,1.0000000000000000
I,3,620,1.0000000000000000
I,3,621,1.0000000000000000
I,3,622,1.0000000000000000
I,3,623,1.0000000000000000
I,3,624,1.0000000000000000
I,3,625,1.0000000000000000
I,3,626,1.0000000000000000
I,3,627,1.0000000000000000
I,3,628,1.0000000000000000
I,3,629,1.0000000000000000
I,3,630,1.0000000000000000
I,3,631,1.0000000000000000
I,3,632,1.0000000000000000
I,3,633,1.0000000000000000
I,3,634,1.0000000000000000
I,3,635,1.0000000000000000
I,3,636,1.0000000000000000
I,3,637,1.0000000000000000
I,3,638,1.0000000000000000
I,3,639,1.0000000000000000
I,3,640,1.0000000000000000
I,3,641,1.0000000000000000
I,3,642,1.0000000000000000
I,3,643,1.0000000000000000
I,3,644,1.0000000000000000
I,3,645,1.0000000000000000
I,3,646,1.0000000000000000
I,3,647,1.0000000000000000
I,3,648,1.0000000000000000
I,3,649,1.5000000000000000
I,3,650,1.5000000000000000
I,3,651,1.5000000000000000
I,3,652,1.5000000000000000
I,3,653,1.5000000000000000
I,3,654,1.0000000000000000
I,3,655,1.0000000000000000
I,3,656,1.0000000000000000
I,3,657,1.0000000000000000
I,3,658,1.0000000000000000
I,3,659,1.0000000000000000
I,3,660,1.0000000000000000
I,3,661,1.0000000000000000
I,3,662,1.0000000000000000
I,3,663,1.0000000000000000
I,3,664,1.0000000000000000
I,3,665,1.0000000000000000
I,3,666,1.0000000000000000
I,3,667,1.0000000000000000
I,3,668,1.0000000000000000
I,3,669,1.0000000000000000
I,3,670,1.0000000000000000
I,3,671,1.0000000000000000
I,3,672,1.0000000000000000
I,3,673,1.0000000000000000
I,3,674,1.0000000000000000
I,3,675,1.0000000000000000
I,3,676,1.0000000000000000
I,3,677,1.0000000000000000
I,3,678,1.0000000000000000
I,3,679,1.0000000000000000
I,3,680,1.0000000000000000
I,3,681,1.0000000000000000
I,3,682,1.0000000000000000
I,3,683,1.0000000000000000
I,3,684,1.0000000000000000
I,3,685,1.0000000000000000
I,3,686,1.0000000000000000
I,3,687,1.0000000000000000
I,3,688,1.0000000000000000
I,3,689,1.5000000000000000
I,3,690,1.5000000000000000
I,3,691,1.5000000000000000
I,3,692,1.5000000000000000
I,3,693,1.5000000000000000
I,3,694,1.0000000000000000
I,3,695,1.0000000000000000
I,3,696,1.0000000000000000
I,3,697,1.0000000000000000
I,3,698,1.0000000000000000
I,3,699,1.0000000000000000
I,3,700,1.0000000000000000
I,3,701,1.0000000000000000
I,3,702,1.0000000000000000
I,3,703,1.0000000000000000
I,3,704,1.0000000000000000
I,3,705,1.0000000000000000
I,3,706,1.0000000000000000
I,3,707,1.0000000000000000
I,3,708,1.0000000000000000
I,3,709,1.0000000000000000
I,3,710,1.0000000000000000
I,3,711,1.0000000000000000
I,3,712,1.0000000000000000
I,3,713,1.0000000000000000
I,3,714,1.0000000000000000
I,3,715,1.0000000000000000
I,3,716,1.0000000000000000
I,3,717,1.0000000000000000
I,3,718,1.0000000000000000
I,3,719,1.0000000000000000
I,3,720,1.0000000000000000
I,3,721,1.0000000000000000
I,3,722,1.0000000000000000
I,3,723,1.0000000000000000
I,3,724,1.0000000000000000
I,3,725,1.0000000000000000
I,3,726,1.0000000000000000
I,3,727,1.0000000000000000
I,3,728,1.0000000000000000
I,3,729,1.5000000000000000
I,3,730,1.5000000000000000
I,3,731,1.5000000000000000
I,3,732,1.5000000000000000
I,3,733,1.0000000000000000
I,3,734,1.0000000000000000
I,3,735,1.0000000000000000
I,3,736,1.0000000000000000
I,3,737,1.0000000000000000
I,3,738,1.0000000000000000
I,3,739,1.0000000000000000
I,3,740,1.0000000000000000
I,3,741,1.0000000000000000
I,3,742,1.0000000000000000
I,3,743,1.0000000000000000
I,3,744,1.0000000000000000
I,3,745,1.0000000000000000
I,3,746,1.0000000000000000
I,3,747,1.0000000000000000
I,3,748,1.0000000000000000
I,3,749,1.0000000000000000
I,3,750,1.0000000000000000
I,3,751,1.0000000000000000
I,3,752,1.0000000000000000
I,3,753,1.0000000000000000
I,3,754,1.0000000000000000
I,3,755,1.0000000000000000
I,3,756,1.0000000000000000
I,3,757,1.0000000000000000
I,3,758,1.0000000000000000
I,3,759,1.0000000000000000
I,3,760,1.0000000000000000
I,3,761,1.0000000000000000
I,3,762,1.0000000000000000
I,3,763,1.0000000000000000
I,3,764,1.0000000000000000
I,3,765,1.0000000000000000
I,3,766,1.0000000000000000
I,3,767,1.0000000000000000
I,3,768,1.0000000000000000
I,3,769,1.5000000000000000
I,3,770,1.5000000000000000
I,3,771,1.5000000000000000
I,3,772,1.5000000000000000
I,3,773,1.0000000000000000
I,3,774,1.0000000000000000
I,3,775,1.0000000000000000
I,3,776,1.0000000000000000
I,3,777,1.0000000000000000
I,3,778,1.0000000000000000
I,3,779,1.0000000000000000
I,3,780,1.0000000000000000
I,3,781,1.0000000000000000
I,3,782,1.0000000000000000
I,3,783,1.0000000000000000
I,3,784,1.0000000000000000
I,3,785,1.0000000000000000
I,3,786,1.0000000000000000
I,3,787,1.0000000000000000
I,3,788,1.0000000000000000
I,3,789,1.0000000000000000
I,3,790,1.0000000000000000
I,3,791,1.0000000000000000
I,3,792,1.0000000000000000
I,3,793,1.0000000000000000
I,3,794,1.0000000000000000
I,3,795,1.0000000000000000
I,3,796,1.0000000000000000
I,3,797,1.0000000000000000
I,3,798,1.0000000000000000
I,3,799,1.0000000000000000
I,3,800,1.0000000000000000
I,3,801,1.0000000000000000
I,3,802,1.0000000000000000
I,3,803,1.0000000000000000
I,3,804,1.0000000000000000
I,3,805,1.0000000000000000
I,3,806,1.0000000000000000
I,3,807,1.0000000000000000
I,3,808,1.0000000000000000
I,3,809,1.5000000000000000
I,3,810,1.5000000000000000
I,3,811,1.5000000000000000
I,3,812,1.5000000000000000
I,3,813,1.0000000000000000
I,3,814,1.0000000000000000
I,3,815,1.0000000000000000
I,3,816,1.0000000000000000
I,3,817,1.0000000000000000
I,3,818,1.0000000000000000
I,3,819,1.0000000000000000
I,3,820,1.0000000000000000
I,3,821,1.0000000000000000
I,3,822,1.0000000000000000
I,3,823,1.0000000000000000
I,3,824,1.0000000000000000
I,3,825,1.0000000000000000
I,3,826,1.0000000000000000
I,3,827,1.0000000000000000
I,3,828,1.0000000000000000
I,3,829,1.0000000000000000
I,3,830,1.0000000000000000
I,3,831,1.0000000000000000
I,3,832,1.0000000000000000
I,3,833,1.0000000000000000
I,3,834,1.0000000000000000
I,3,835,1.0000000000000000
I,3,836,1.0000000000000000
I,3,837,1.0000000000000000
I,3,838,1.0000000000000000
I,3,839,1.0000000000000000
I,3,840,1.0000000000000000
I,3,841,1.0000000000000000
I,3,842,1.0000000000000000
I,3,843,1.0000000000000000
I,3,844,1.0000000000000000
I,3,845,1.0000000000000000
I,3,846,1.0000000000000000
I,3,847,1.0000000000000000
I,3,848,1.0000000000000000
I,3,849,1.5000000000000000
I,3,850,1.5000000000000000
I,3,851,1.5000000000000000
I,3,852,1.5000000000000000
I,3,853,1.0000000000000000
I,3,854,1.0000000000000000
I,3,855,1.0000000000000000
I,3,856,1.0000000000000000
I,3,857,1.0000000000000000
I,3,858,1.0000000000000000
I,3,859,1.0000000000000000
I,3,860,1.0000000000000000
I,3,861,1.0000000000000000
I,3,862,1.0000000000000000
I,3,863,1.0000000000000000
I,3,864,1.0000000000000000
I,3,865,1.0000000000000000
I,3,866,1.0000000000000000
I,3,867,1.0000000000000000
I,3,868,1.0000000000000000
I,3,869,1.0000000000000000
I,3,870,1.0000000000000000
I,3,871,1.0000000000000000
I,3,872,1.0000000000000000
I,3,873,1.0000000000000000
I,3,874,1.0000000000000000
I,3,875,1.0000000000000000
I,3,876,1.0000000000000000
I,3,877,1.0000000000000000
I,3,878,1.0000000000000000
I,3,879,1.0000000000000000
I,3,880,1.0000000000000000
I,3,881,1.0000000000000000
I,3,882,1.0000000000000000
I,3,883,1.0000000000000000
I,3,884,1.0000000000000000
I,3,885,1.0000000000000000
I,3,886,1.0000000000000000
I,3,887,1.0000000000000000
I,3,888,1.0000000000000000
I,3,889,1.5000000000000000
I,3,890,1.5000000000000000
I,3,891,1.5000000000000000
I,3,892,1.5000000000000000
I,3,893,1.5000000000000000
I,3,894,1.0000000000000000
I,3,895,1.0000000000000000
I,3,896,1.0000000000000000
I,3,897,1.0000000000000000
I,3,898,1.0000000000000000
I,3,899,1.0000000000000000
I,3,900,1.0000000000000000
I,3,901,1.0000000000000000
I,3,902,1.0000000000000000
I,3,903,1.0000000000000000
I,3,904,1.0000000000000000
I,3,905,0.0000000000000000
I,3,906,0.0000000000000000
I,3,907,0.0000000000000000
I,3,908,0.0000000000000000
I,3,909,0.0000000000000000
I,3,910,0.0000000000000000
I,3,911,1.0000000000000000
I,3,912,1.0000000000000000
I,3,913,1.0000000000000000
I,3,914,1.0000000000000000
I,3,915,1.0000000000000000
I,3,916,1.0000000000000000
I,3,917,1.0000000000000000
I,3,918,1.0000000000000000
I,3,919,1.0000000000000000
I,3,920,1.0000000000000000
I,3,921,1.0000000000000000
I,3,922,1.0000000000000000
I,3,923,1.0000000000000000
I,3,924,1.0000000000000000
I,3,925,1.0000000000000000
I,3,926,1.0000000000000000
I,3,927,1.0000000000000000
I,3,928,1.0000000000000000
I,3,929,1.5000000000000000
I,3,930,1.5000000000000000
I,3,931,1.5000000000000000
I,3,932,1.5000000000000000
I,3,933,1.5000000000000000
I,3,934,1.0000000000000000
I,3,935,1.0000000000000000
I,3,936,1.0000000000000000
I,3,937,1.0000000000000000
I,3,938,1.0000000000000000
I,3,939,1.0000000000000000
I,3,940,1.0000000000000000
I,3,941,1.0000000000000000
I,3,942,1.0000000000000000
I,3,943,1.0000000000000000
I,3,944,1.0000000000000000
I,3,945,1.0000000000000000
I,3,946,1.0000000000000000
I,3,947,1.0000000000000000
I,3,948,1.0000000000000000
I,3,949,1.0000000000000000
I,3,950,1.0000000000000000
I,3,951,1.0000000000000000
I,3,952,1.0000000000000000
I,3,953,1.0000000000000000
I,3,954,1.0000000000000000
I,3,955,1.0000000000000000
I,3,956,1.0000000000000000
I,3,957,1.0000000000000000
I,3,958,1.0000000000000000
I,3,959,1.0000000000000000
I,3,960,1.0000000000000000
I,3,961,1.0000000000000000
I,3,962,1.0000000000000000
I,3,963,1.0000000000000000
I,3,964,1.0000000000000000
I,3,965,1.0000000000000000
I,3,966,1.0000000000000000
I,3,967,1.0000000000000000
I,3,968,1.0000000000000000
I,3,969,1.5000000000000000
I,3,970,1.5000000000000000
I,3,971,1.5000000000000000
I,3,972,1.5000000000000000
I,3,973,1.5000000000000000
I,3,974,1.0000000000000000
I,3,975,1.0000000000000000
I,3,976,1.0000000000000000
I,3,977,1.0000000000000000
I,3,978,1.0000000000000000
I,3,979,1.0000000000000000
I,3,980,1.0000000000000000
I,3,981,1.0000000000000000
I,3,982,1.0000000000000000
I,3,983,1.0000000000000000
I,3,984,1.0000000000000000
I,3,985,1.0000000000000000
I,3,986,1.0000000000000000
I,3,987,1.0000000000000000
I,3,988,1.0000000000000000
I,3,989,1.0000000000000000
I,3,990,1.0000000000000000
I,3,991,1.0000000000000000
I,3,992,1.0000000000000000
I,3,993,1.0000000000000000
I,3,994,1.0000000000000000
I,3,995,1.0000000000000000
I,3,996,1.0000000000000000
I,3,997,1.0000000000000000
I,3,998,1.0000000000000000
I,3,999,1.0000000000000000
R,3,0,121.44943101790669,6.2718436561310950,-1.2000000000000002
R,3,1,150.85788455825912,8.0870504242679400,-0.80000000000000000
R,3,2,180.45616265067437,8.9615510871769320,-0.40000000000000000
R,3,3,211.00000000000000,10.000000000000000,0.0000000000000000
R,3,4,239.68424397601154,11.557673369234601,0.40000000000000000
R,3,5,267.78682683738870,12.869424363598090,0.80000000000000000
R,3,6,295.44943101790670,13.728156343868905,1.2000000000000002
R,3,7,324.44943101790670,6.2718436561310950,-1.2000000000000002
R,3,8,354.78682683738870,7.1305756364019090,-0.80000000000000000
R,3,9,384.68424397601154,8.4423266307653990,-0.40000000000000000
R,3,10,124.00000000000000,35.000000000000000,0.0000000000000000
R,3,11,151.45616265067437,36.038448912823070,0.40000000000000000
R,3,12,179.85788455825912,36.912949575732064,0.80000000000000000
R,3,13,207.96628734527113,37.485437562579270,1.2000000000000002
R,3,14,237.44943101790670,31.271843656131093,-1.2000000000000002
R,3,15,267.78682683738870,32.130575636401910,-0.80000000000000000
R,3,16,297.68424397601154,33.442326630765400,-0.40000000000000000
R,3,17,327.00000000000000,35.000000000000000,0.0000000000000000
R,3,18,355.68424397601154,36.557673369234600,0.40000000000000000
R,3,19,383.78682683738870,37.869424363598090,0.80000000000000000
R,3,20,121.44943101790669,63.728156343868900,1.2000000000000002
R,3,21,149.96628734527113,57.514562437420730,-1.2000000000000002
R,3,22,179.85788455825912,58.087050424267936,-0.80000000000000000
R,3,23,210.68424397601154,58.442326630765400,-0.40000000000000000
R,3,24,240.00000000000000,60.000000000000000,0.0000000000000000
R,3,25,268.68424397601154,61.557673369234600,0.40000000000000000
R,3,26,296.78682683738870,62.869424363598090,0.80000000000000000
R,3,27,324.44943101790670,63.728156343868900,1.2000000000000002
R,3,28,353.44943101790670,56.271843656131100,-1.2000000000000002
R,3,29,383.78682683738870,57.130575636401910,-0.80000000000000000
R,3,30,123.68424397601154,83.442326630765400,-0.40000000000000000
R,3,31,151.66666666666666,85.000000000000000,0.0000000000000000
R,3,32,180.45616265067437,86.038448912823070,0.40000000000000000
R,3,33,209.78682683738867,87.869424363598090,0.80000000000000000
R,3,34,237.44943101790670,88.728156343868900,1.2000000000000002
R,3,35,266.44943101790670,81.271843656131100,-1.2000000000000002
R,3,36,296.78682683738870,82.130575636401910,-0.80000000000000000
R,3,37,326.68424397601154,83.442326630765400,-0.40000000000000000
R,3,38,356.00000000000000,85.000000000000000,0.0000000000000000
R,3,39,384.68424397601154,86.557673369234600,0.40000000000000000
R,3,40,122.78682683738866,112.86942436359809,0.80000000000000000
R,3,41,149.96628734527113,112.48543756257926,1.2000000000000002
R,3,42,178.96628734527113,107.51456243742074,-1.2000000000000002
R,3,43,209.78682683738867,107.13057563640191,-0.80000000000000000
R,3,44,239.68424397601154,108.44232663076540,-0.40000000000000000
R,3,45,269.00000000000000,110.00000000000000,0.0000000000000000
R,3,46,297.68424397601154,111.55767336923460,0.40000000000000000
R,3,47,325.78682683738870,112.86942436359809,0.80000000000000000
R,3,48,353.44943101790670,113.72815634386890,1.2000000000000002
R,3,49,382.44943101790670,106.27184365613110,-1.2000000000000002
R,3,50,122.78682683738866,132.13057563640191,-0.80000000000000000
R,3,51,151.45616265067437,133.96155108717693,-0.40000000000000000
R,3,52,180.66666666666666,135.00000000000000,0.0000000000000000
R,3,53,210.68424397601154,136.55767336923460,0.40000000000000000
R,3,54,238.78682683738867,137.86942436359809,0.80000000000000000
R,3,55,266.44943101790670,138.72815634386890,1.2000000000000002
R,3,56,295.44943101790670,131.27184365613110,-1.2000000000000002
R,3,57,325.78682683738870,132.13057563640191,-0.80000000000000000
R,3,58,355.68424397601154,133.44232663076540,-0.40000000000000000
R,3,59,385.00000000000000,135.00000000000000,0.0000000000000000
R,3,60,123.68424397601154,161.55767336923460,0.40000000000000000
R,3,61,150.85788455825912,161.91294957573206,0.80000000000000000
R,3,62,178.96628734527113,162.48543756257928,1.2000000000000002
R,3,63,207.96628734527113,157.51456243742072,-1.2000000000000002
R,3,64,238.78682683738867,157.13057563640191,-0.80000000000000000
R,3,65,268.68424397601154,158.44232663076540,-0.40000000000000000
R,3,66,298.00000000000000,160.00000000000000,0.0000000000000000
R,3,67,326.68424397601154,161.55767336923460,0.40000000000000000
R,3,68,354.78682683738870,162.86942436359809,0.80000000000000000
R,3,69,382.44943101790670,163.72815634386890,1.2000000000000002
R,3,70,121.44943101790669,181.27184365613110,-1.2000000000000002
R,3,71,150.85788455825912,183.08705042426794,-0.80000000000000000
R,3,72,180.45616265067437,183.96155108717693,-0.40000000000000000
R,3,73,211.00000000000000,185.00000000000000,0.0000000000000000
R,3,74,239.68424397601154,186.55767336923460,0.40000000000000000
R,3,75,267.78682683738870,187.86942436359809,0.80000000000000000
R,3,76,295.44943101790670,188.72815634386890,1.2000000000000002
R,3,77,324.44943101790670,181.27184365613110,-1.2000000000000002
R,3,78,354.78682683738870,182.13057563640191,-0.80000000000000000
R,3,79,384.68424397601154,183.44232663076540,-0.40000000000000000
R,3,80,124.00000000000000,210.00000000000000,0.0000000000000000
R,3,81,151.45616265067437,211.03844891282307,0.40000000000000000
R,3,82,179.85788455825912,211.91294957573206,0.80000000000000000
R,3,83,208.44943101790670,213.72815634386890,1.2000000000000002
R,3,84,237.44943101790670,206.27184365613110,-1.2000000000000002
R,3,85,267.78682683738870,207.13057563640191,-0.80000000000000000
R,3,86,297.68424397601154,208.44232663076540,-0.40000000000000000
R,3,87,327.00000000000000,210.00000000000000,0.0000000000000000
R,3,88,355.68424397601154,211.55767336923460,0.40000000000000000
R,3,89,383.78682683738870,212.86942436359809,0.80000000000000000
R,3,90,121.44943101790669,238.72815634386890,1.2000000000000002
R,3,91,149.96628734527113,232.51456243742072,-1.2000000000000002
R,3,92,179.85788455825912,233.08705042426794,-0.80000000000000000
R,3,93,210.68424397601154,233.44232663076540,-0.40000000000000000
R,3,94,240.00000000000000,235.00000000000000,0.0000000000000000
R,3,95,268.68424397601154,236.55767336923460,0.40000000000000000
R,3,96,296.78682683738870,237.86942436359809,0.80000000000000000
R,3,97,324.44943101790670,238.72815634386890,1.2000000000000002
R,3,98,353.44943101790670,231.27184365613110,-1.2000000000000002
R,3,99,383.78682683738870,232.13057563640191,-0.80000000000000000
I,4,0,1.0000000000000000
I,4,1,1.0000000000000000
I,4,2,1.0000000000000000
I,4,3,1.0000000000000000
I,4,4,1.0000000000000000
I,4,5,1.0000000000000000
I,4,6,1.0000000000000000
I,4,7,1.0000000000000000
I,4,8,1.0000000000000000
I,4,9,1.0000000000000000
I,4,10,1.0000000000000000
I,4,11,1.0000000000000000
I,4,12,1.0000000000000000
I,4,13,1.0000000000000000
I,4,14,1.0000000000000000
I,4,15,1.0000000000000000
I,4,16,1.0000000000000000
I,4,17,1.0000000000000000
I,4,18,1.0000000000000000
I,4,19,1.0000000000000000
I,4,20,1.0000000000000000
I,4,21,1.0000000000000000
I,4,22,1.0000000000000000
I,4,23,1.0000000000000000
I,4,24,1.0000000000000000
I,4,25,1.0000000000000000
I,4,26,1.0000000000000000
I,4,27,1.0000000000000000
I,4,28,1.0000000000000000
I,4,29,1.0000000000000000
I,4,30,1.0000000000000000
I,4,31,1.0000000000000000
I,4,32,1.0000000000000000
I,4,33,1.0000000000000000
I,4,34,1.0000000000000000
I,4,35,1.0000000000000000
I,4,36,1.0000000000000000
I,4,37,1.0000000000000000
I,4,38,1.0000000000000000
I,4,39,1.0000000000000000
I,4,40,1.0000000000000000
I,4,41,1.0000000000000000
I,4,42,1.0000000000000000
I,4,43,1.0000000000000000
I,4,44,1.0000000000000000
I,4,45,1.0000000000000000
I,4,46,1.0000000000000000
I,4,47,1.0000000000000000
I,4,48,1.0000000000000000
I,4,49,1.0000000000000000
I,4,50,1.0000000000000000
I,4,51,1.0000000000000000
I,4,52,1.0000000000000000
I,4,53,1.0000000000000000
I,4,54,1.0000000000000000
I,4,55,1.0000000000000000
I,4,56,1.0000000000000000
I,4,57,1.0000000000000000
I,4,58,1.0000000000000000
I,4,59,1.0000000000000000
I,4,60,1.0000000000000000
I,4,61,1.0000000000000000
I,4,62,1.0000000000000000
I,4,63,1.0000000000000000
I,4,64,1.0000000000000000
I,4,65,1.0000000000000000
I,4,66,1.0000000000000000
I,4,67,1.0000000000000000
I,4,68,1.0000000000000000
I,4,69,1.0000000000000000
I,4,70,1.0000000000000000
I,4,71,1.0000000000000000
I,4,72,1.0000000000000000
I,4,73,1.0000000000000000
I,4,74,1.0000000000000000
I,4,75,1.0000000000000000
I,4,76,1.0000000000000000
I,4,77,1.0000000000000000
I,4,78,1.0000000000000000
I,4,79,1.0000000000000000
I,4,80,1.0000000000000000
I,4,81,1.0000000000000000
I,4,82,1.0000000000000000
I,4,83,1.0000000000000000
I,4,84,1.0000000000000000
I,4,85,1.0000000000000000
I,4,86,1.0000000000000000
I,4,87,1.0000000000000000
I,4,88,1.0000000000000000
I,4,89,1.0000000000000000
I,4,90,1.0000000000000000
I,4,91,1.0000000000000000
I,4,92,1.0000000000000000
I,4,93,1.0000000000000000
I,4,94,1.0000000000000000
I,4,95,1.0000000000000000
I,4,96,1.0000000000000000
I,4,97,1.0000000000000000
I,4,98,1.0000000000000000
I,4,99,1.0000000000000000
I,4,100,1.0000000000000000
I,4,101,1.0000000000000000
I,4,102,1.0000000000000000
I,4,103,1.0000000000000000
I,4,104,1.0000000000000000
I,4,105,1.0000000000000000
I,4,106,1.0000000000000000
I,4,107,1.0000000000000000
I,4,108,1.0000000000000000
I,4,109,1.0000000000000000
I,4,110,1.0000000000000000
I,4,111,1.0000000000000000
I,4,112,1.0000000000000000
I,4,113,1.0000000000000000
I,4,114,1.0000000000000000
I,4,115,1.0000000000000000
I,4,116,1.0000000000000000
I,4,117,1.0000000000000000
I,4,118,1.0000000000000000
I,4,119,1.0000000000000000
I,4,120,1.0000000000000000
I,4,121,1.0000000000000000
I,4,122,1.0000000000000000
I,4,123,1.0000000000000000
I,4,124,1.0000000000000000
I,4,125,1.0000000000000000
I,4,126,1.0000000000000000
I,4,127,1.0000000000000000
I,4,128,1.0000000000000000
I,4,129,1.0000000000000000
I,4,130,1.5000000000000000
I,4,131,1.5000000000000000
I,4,132,1.0000000000000000
I,4,133,1.0000000000000000
I,4,134,1.0000000000000000
I,4,135,1.0000000000000000
I,4,136,1.0000000000000000
I,4,137,1.0000000000000000
I,4,138,1.0000000000000000
I,4,139,1.0000000000000000
I,4,140,1.0000000000000000
I,4,141,1.0000000000000000
I,4,142,1.0000000000000000
I,4,143,1.0000000000000000
I,4,144,1.0000000000000000
I,4,145,1.0000000000000000
I,4,146,1.0000000000000000
I,4,147,1.0000000000000000
I,4,148,1.0000000000000000
I,4,149,1.0000000000000000
I,4,150,1.0000000000000000
I,4,151,1.0000000000000000
I,4,152,1.0000000000000000
I,4,153,1.0000000000000000
I,4,154,1.0000000000000000
I,4,155,1.0000000000000000
I,4,156,1.0000000000000000
I,4,157,1.0000000000000000
I,4,158,1.0000000000000000
I,4,159,1.0000000000000000
I,4,160,1.0000000000000000
I,4,161,1.0000000000000000
I,4,162,1.0000000000000000
I,4,163,1.0000000000000000
I,4,164,1.0000000000000000
I,4,165,1.0000000000000000
I,4,166,1.0000000000000000
I,4,167,1.0000000000000000
I,4,168,1.0000000000000000
I,4,169,1.5000000000000000
I,4,170,1.5000000000000000
I,4,171,1.5000000000000000
I,4,172,1.5000000000000000
I,4,173,1.0000000000000000
I,4,174,1.0000000000000000
I,4,175,1.0000000000000000
I,4,176,1.0000000000000000
I,4,177,1.0000000000000000
I,4,178,1.0000000000000000
I,4,179,1.0000000000000000
I,4,180,1.0000000000000000
I,4,181,1.0000000000000000
I,4,182,1.0000000000000000
I,4,183,1.0000000000000000
I,4,184,1.0000000000000000
I,4,185,1.0000000000000000
I,4,186,1.0000000000000000
I,4,187,1.0000000000000000
I,4,188,1.0000000000000000
I,4,189,1.0000000000000000
I,4,190,1.0000000000000000
I,4,191,1.0000000000000000
I,4,192,1.0000000000000000
I,4,193,1.0000000000000000
I,4,194,1.0000000000000000
I,4,195,1.0000000000000000
I,4,196,1.0000000000000000
I,4,197,1.0000000000000000
I,4,198,1.0000000000000000
I,4,199,1.0000000000000000
I,4,200,1.0000000000000000
I,4,201,1.0000000000000000
I,4,202,1.0000000000000000
I,4,203,1.0000000000000000
I,4,204,1.0000000000000000
I,4,205,1.0000000000000000
I,4,206,1.0000000000000000
I,4,207,1.0000000000000000
I,4,208,1.5000000000000000
I,4,209,1.5000000000000000
I,4,210,1.5000000000000000
I,4,211,1.5000000000000000
I,4,212,1.5000000000000000
I,4,213,1.5000000000000000
I,4,214,1.0000000000000000
I,4,215,1.0000000000000000
I,4,216,1.0000000000000000
I,4,217,1.0000000000000000
I,4,218,1.0000000000000000
I,4,219,1.0000000000000000
I,4,220,1.0000000000000000
I,4,221,1.0000000000000000
I,4,222,1.0000000000000000
I,4,223,1.0000000000000000
I,4,224,1.0000000000000000
I,4,225,1.0000000000000000
I,4,226,1.0000000000000000
I,4,227,1.0000000000000000
I,4,228,1.0000000000000000
I,4,229,1.0000000000000000
I,4,230,1.0000000000000000
I,4,231,1.0000000000000000
I,4,232,1.0000000000000000
I,4,233,1.0000000000000000
I,4,234,1.0000000000000000
I,4,235,1.0000000000000000
I,4,236,1.0000000000000000
I,4,237,1.0000000000000000
I,4,238,1.0000000000000000
I,4,239,1.0000000000000000
I,4,240,1.0000000000000000
I,4,241,1.0000000000000000
I,4,242,1.0000000000000000
I,4,243,1.0000000000000000
I,4,244,1.0000000000000000
I,4,245,1.0000000000000000
I,4,246,1.0000000000000000
I,4,247,1.5000000000000000
I,4,248,1.5000000000000000
I,4,249,1.5000000000000000
I,4,250,1.5000000000000000
I,4,251,1.5000000000000000
I,4,252,1.5000000000000000
I,4,253,1.5000000000000000
I,4,254,1.0000000000000000
I,4,255,1.0000000000000000
I,4,256,1.0000000000000000
I,4,257,1.0000000000000000
I,4,258,1.0000000000000000
I,4,259,1.0000000000000000
I,4,260,1.0000000000000000
I,4,261,1.0000000000000000
I,4,262,1.0000000000000000
I,4,263,1.0000000000000000
I,4,264,1.0000000000000000
I,4,265,1.0000000000000000
I,4,266,1.0000000000000000
I,4,267,1.0000000000000000
I,4,268,1.0000000000000000
I,4,269,1.0000000000000000
I,4,270,1.0000000000000000
I,4,271,1.0000000000000000
I,4,272,1.0000000000000000
I,4,273,1.0000000000000000
I,4,274,1.0000000000000000
I,4,275,1.0000000000000000
I,4,276,1.0000000000000000
I,4,277,1.0000000000000000
I,4,278,1.0000000000000000
I,4,279,1.0000000000000000
I,4,280,1.0000000000000000
I,4,281,1.0000000000000000
I,4,282,1.0000000000000000
I,4,283,1.0000000000000000
I,4,284,1.0000000000000000
I,4,285,1.0000000000000000
I,4,286,1.0000000000000000
I,4,287,1.5000000000000000
I,4,288,1.5000000000000000
I,4,289,1.5000000000000000
I,4,290,1.5000000000000000
I,4,291,1.5000000000000000
I,4,292,1.5000000000000000
I,4,293,1.5000000000000000
I,4,294,1.5000000000000000
I,4,295,1.0000000000000000
I,4,296,1.0000000000000000
I,4,297,1.0000000000000000
I,4,298,1.0000000000000000
I,4,299,1.0000000000000000
I,4,300,1.0000000000000000
I,4,301,1.0000000000000000
I,4,302,1.0000000000000000
I,4,303,1.0000000000000000
I,4,304,1.0000000000000000
I,4,305,1.0000000000000000
I,4,306,1.0000000000000000
I,4,307,1.0000000000000000
I,4,308,1.0000000000000000
I,4,309,1.0000000000000000
I,4,310,1.0000000000000000
I,4,311,1.0000000000000000
I,4,312,1.0000000000000000
I,4,313,1.0000000000000000
I,4,314,1.0000000000000000
I,4,315,1.0000000000000000
I,4,316,1.0000000000000000
I,4,317,1.0000000000000000
I,4,318,1.0000000000000000
I,4,319,1.0000000000000000
I,4,320,1.0000000000000000
I,4,321,1.0000000000000000
I,4,322,1.0000000000000000
I,4,323,1.0000000000000000
I,4,324,1.0000000000000000
I,4,325,1.0000000000000000
I,4,326,1.5000000000000000
I,4,327,1.5000000000000000
I,4,328,1.5000000000000000
I,4,329,1.5000000000000000
I,4,330,1.5000000000000000
I,4,331,1.5000000000000000
I,4,332,1.5000000000000000
I,4,333,1.5000000000000000
I,4,334,1.5000000000000000
I,4,335,1.0000000000000000
I,4,336,1.0000000000000000
I,4,337,1.0000000000000000
I,4,338,1.0000000000000000
I,4,339,1.0000000000000000
I,4,340,1.0000000000000000
I,4,341,1.0000000000000000
I,4,342,1.0000000000000000
I,4,343,1.0000000000000000
I,4,344,1.0000000000000000
I,4,345,1.0000000000000000
I,4,346,1.0000000000000000
I,4,347,1.0000000000000000
I,4,348,1.0000000000000000
I,4,349,1.0000000000000000
I,4,350,1.0000000000000000
I,4,351,1.0000000000000000
I,4,352,1.0000000000000000
I,4,353,1.0000000000000000
I,4,354,1.0000000000000000
I,4,355,1.0000000000000000
I,4,356,1.0000000000000000
I,4,357,1.0000000000000000
I,4,358,1.0000000000000000
I,4,359,1.0000000000000000
I,4,360,1.0000000000000000
I,4,361,1.0000000000000000
I,4,362,1.0000000000000000
I,4,363,1.0000000000000000
I,4,364,1.0000000000000000
I,4,365,1.0000000000000000
I,4,366,1.5000000000000000
I,4,367,1.5000000000000000
I,4,368,1.5000000000000000
I,4,369,1.5000000000000000
I,4,370,1.5000000000000000
I,4,371,1.5000000000000000
I,4,372,1.5000000000000000
I,4,373,1.5000000000000000
I,4,374,1.5000000000000000
I,4,375,1.0000000000000000
I,4,376,1.0000000000000000
I,4,377,1.0000000000000000
I,4,378,1.0000000000000000
I,4,379,1.0000000000000000
I,4,380,1.0000000000000000
I,4,381,1.0000000000000000
I,4,382,1.0000000000000000
I,4,383,1.0000000000000000
I,4,384,1.0000000000000000
I,4,385,1.0000000000000000
I,4,386,1.0000000000000000
I,4,387,1.0000000000000000
I,4,388,1.0000000000000000
I,4,389,1.0000000000000000
I,4,390,1.0000000000000000
I,4,391,1.0000000000000000
I,4,392,1.0000000000000000
I,4,393,1.0000000000000000
I,4,394,1.0000000000000000
I,4,395,1.0000000000000000
I,4,396,1.0000000000000000
I,4,397,1.0000000000000000
I,4,398,1.0000000000000000
I,4,399,1.0000000000000000
I,4,400,1.0000000000000000
I,4,401,1.0000000000000000
I,4,402,1.0000000000000000
I,4,403,1.0000000000000000
I,4,404,1.0000000000000000
I,4,405,1.0000000000000000
I,4,406,1.0000000000000000
I,4,407,1.5000000000000000
I,4,408,1.5000000000000000
I,4,409,1.5000000000000000
I,4,410,1.5000000000000000
I,4,411,1.5000000000000000
I,4,412,1.5000000000000000
I,4,413,1.5000000000000000
I,4,414,1.5000000000000000
I,4,415,1.0000000000000000
I,4,416,1.0000000000000000
I,4,417,1.0000000000000000
I,4,418,1.0000000000000000
I,4,419,1.0000000000000000
I,4,420,1.0000000000000000
I,4,421,1.0000000000000000
I,4,422,1.0000000000000000
I,4,423,1.0000000000000000
I,4,424,1.0000000000000000
I,4,425,1.0000000000000000
I,4,426,1.0000000000000000
I,4,427,1.0000000000000000
I,4,428,1.0000000000000000
I,4,429,1.0000000000000000
I,4,430,1.0000000000000000
I,4,431,1.0000000000000000
I,4,432,1.0000000000000000
I,4,433,1.0000000000000000
I,4,434,1.0000000000000000
I,4,435,1.0000000000000000
I,4,436,1.0000000000000000
I,4,437,1.0000000000000000
I,4,438,1.0000000000000000
I,4,439,1.0000000000000000
I,4,440,1.0000000000000000
I,4,441,1.0000000000000000
I,4,442,1.0000000000000000
I,4,443,1.0000000000000000
I,4,444,1.0000000000000000
I,4,445,1.0000000000000000
I,4,446,1.0000000000000000
I,4,447,1.5000000000000000
I,4,448,1.5000000000000000
I,4,449,1.5000000000000000
I,4,450,1.5000000000000000
I,4,451,1.5000000000000000
I,4,452,1.5000000000000000
I,4,453,1.5000000000000000
I,4,454,1.0000000000000000
I,4,455,1.0000000000000000
I,4,456,1.0000000000000000
I,4,457,1.0000000000000000
I,4,458,1.0000000000000000
I,4,459,1.0000000000000000
I,4,460,1.0000000000000000
I,4,461,1.0000000000000000
I,4,462,1.0000000000000000
I,4,463,1.0000000000000000
I,4,464,1.0000000000000000
I,4,465,1.0000000000000000
I,4,466,1.0000000000000000
I,4,467,1.0000000000000000
I,4,468,1.0000000000000000
I,4,469,1.0000000000000000
I,4,470,1.0000000000000000
I,4,471,1.0000000000000000
I,4,472,1.0000000000000000
I,4,473,1.0000000000000000
I,4,474,1.0000000000000000
I,4,475,1.0000000000000000
I,4,476,1.0000000000000000
I,4,477,1.0000000000000000
I,4,478,1.0000000000000000
I,4,479,1.0000000000000000
I,4,480,1.0000000000000000
I,4,481,1.0000000000000000
I,4,482,1.0000000000000000
I,4,483,1.0000000000000000
I,4,484,1.0000000000000000
I,4,485,1.0000000000000000
I,4,486,1.0000000000000000
I,4,487,1.5000000000000000
I,4,488,1.5000000000000000
I,4,489,1.5000000000000000
I,4,490,1.5000000000000000
I,4,491,1.5000000000000000
I,4,492,1.5000000000000000
I,4,493,1.5000000000000000
I,4,494,1.0000000000000000
I,4,495,1.0000000000000000
I,4,496,1.0000000000000000
I,4,497,1.0000000000000000
I,4,498,1.0000000000000000
I,4,499,1.0000000000000000
I,4,500,1.0000000000000000
I,4,501,1.0000000000000000
I,4,502,1.0000000000000000
I,4,503,1.0000000000000000
I,4,504,1.0000000000000000
I,4,505,1.0000000000000000
I,4,506,1.0000000000000000
I,4,507,1.0000000000000000
I,4,508,1.0000000000000000
I,4,509,1.0000000000000000
I,4,510,1.0000000000000000
I,4,511,1.0000000000000000
I,4,512,1.0000000000000000
I,4,513,1.0000000000000000
I,4,514,1.0000000000000000
I,4,515,1.0000000000000000
I,4,516,1.0000000000000000
I,4,517,1.0000000000000000
I,4,518,1.0000000000000000
I,4,519,1.0000000000000000
I,4,520,1.0000000000000000
I,4,521,1.0000000000000000
I,4,522,1.0000000000000000
I,4,523,1.0000000000000000
I,4,524,1.0000000000000000
I,4,525,1.0000000000000000
I,4,526,1.0000000000000000
I,4,527,1.0000000000000000
I,4,528,1.5000000000000000
I,4,529,1.5000000000000000
I,4,530,1.5000000000000000
I,4,531,1.5000000000000000
I,4,532,1.5000000000000000
I,4,533,1.0000000000000000
I,4,534,1.0000000000000000
I,4,535,1.0000000000000000
I,4,536,1.0000000000000000
I,4,537,1.0000000000000000
I,4,538,1.0000000000000000
I,4,539,1.0000000000000000
I,4,540,1.0000000000000000
I,4,541,1.0000000000000000
I,4,542,1.0000000000000000
I,4,543,1.0000000000000000
I,4,544,1.0000000000000000
I,4,545,1.0000000000000000
I,4,546,1.0000000000000000
I,4,547,1.0000000000000000
I,4,548,1.0000000000000000
I,4,549,1.0000000000000000
I,4,550,1.0000000000000000
I,4,551,1.0000000000000000
I,4,552,1.0000000000000000
I,4,553,1.0000000000000000
I,4,554,1.0000000000000000
I,4,555,1.0000000000000000
I,4,556,1.0000000000000000
I,4,557,1.0000000000000000
I,4,558,1.0000000000000000
I,4,559,1.0000000000000000
I,4,560,1.0000000000000000
I,4,561,1.0000000000000000
I,4,562,1.0000000000000000
I,4,563,1.0000000000000000
I,4,564,1.0000000000000000
I,4,565,1.0000000000000000
I,4,566,1.0000000000000000
I,4,567,1.0000000000000000
I,4,568,1.0000000000000000
I,4,569,1.0000000000000000
I,4,570,1.5000000000000000
I,4,571,1.5000000000000000
I,4,572,1.0000000000000000
I,4,573,1.0000000000000000
I,4,574,1.0000000000000000
I,4,575,1.0000000000000000
I,4,576,1.0000000000000000
I,4,577,1.0000000000000000
I,4,578,1.0000000000000000
I,4,579,1.0000000000000000
I,4,580,1.0000000000000000
I,4,581,1.0000000000000000
I,4,582,1.0000000000000000
I,4,583,1.0000000000000000
I,4,584,1.0000000000000000
I,4,585,1.0000000000000000
I,4,586,1.0000000000000000
I,4,587,1.0000000000000000
I,4,588,1.0000000000000000
I,4,589,1.0000000000000000
I,4,590,1.0000000000000000
I,4,591,1.0000000000000000
I,4,592,1.0000000000000000
I,4,593,1.0000000000000000
I,4,594,1.0000000000000000
I,4,595,1.0000000000000000
I,4,596,1.0000000000000000
I,4,597,1.0000000000000000
I,4,598,1.0000000000000000
I,4,599,1.0000000000000000
I,4,600,1.0000000000000000
I,4,601,1.0000000000000000
I,4,602,1.0000000000000000
I,4,603,1.0000000000000000
I,4,604,1.0000000000000000
I,4,605,1.0000000000000000
I,4,606,1.0000000000000000
I,4,607,1.0000000000000000
I,4,608,1.0000000000000000
I,4,609,1.0000000000000000
I,4,610,1.0000000000000000
I,4,611,1.0000000000000000
I,4,612,1.0000000000000000
I,4,613,1.0000000000000000
I,4,614,1.0000000000000000
I,4,615,1.0000000000000000
I,4,616,1.0000000000000000
I,4,617,1.0000000000000000
I,4,618,1.0000000000000000
I,4,619,1.0000000000000000
I,4,620,1.0000000000000000
I,4,621,1.0000000000000000
I,4,622,1.0000000000000000
I,4,623,1.0000000000000000
I,4,624,1.0000000000000000
I,4,625,1.0000000000000000
I,4,626,1.0000000000000000
I,4,627,1.0000000000000000
I,4,628,1.0000000000000000
I,4,629,1.0000000000000000
I,4,630,1.0000000000000000
I,4,631,1.0000000000000000
I,4,632,1.0000000000000000
I,4,633,1.0000000000000000
I,4,634,1.0000000000000000
I,4,635,1.0000000000000000
I,4,636,1.0000000000000000
I,4,637,1.0000000000000000
I,4,638,1.0000000000000000
I,4,639,1.0000000000000000
I,4,640,1.0000000000000000
I,4,641,1.0000000000000000
I,4,642,1.0000000000000000
I,4,643,1.0000000000000000
I,4,644,1.0000000000000000
I,4,645,1.0000000000000000
I,4,646,1.0000000000000000
I,4,647,1.0000000000000000
I,4,648,1.0000000000000000
I,4,649,1.0000000000000000
I,4,650,1.0000000000000000
I,4,651,1.0000000000000000
I,4,652,1.0000000000000000
I,4,653,1.0000000000000000
I,4,654,1.0000000000000000
I,4,655,1.0000000000000000
I,4,656,1.0000000000000000
I,4,657,1.0000000000000000
I,4,658,1.0000000000000000
I,4,659,1.0000000000000000
I,4,660,1.0000000000000000
I,4,661,1.0000000000000000
I,4,662,1.0000000000000000
I,4,663,1.0000000000000000
I,4,664,1.0000000000000000
I,4,665,1.0000000000000000
I,4,666,1.0000000000000000
I,4,667,1.0000000000000000
I,4,668,1.0000000000000000
I,4,669,1.0000000000000000
I,4,670,1.0000000000000000
I,4,671,1.0000000000000000
I,4,672,1.0000000000000000
I,4,673,1.0000000000000000
I,4,674,1.0000000000000000
I,4,675,1.0000000000000000
I,4,676,1.0000000000000000
I,4,677,1.0000000000000000
I,4,678,1.0000000000000000
I,4,679,1.0000000000000000
I,4,680,1.0000000000000000
I,4,681,1.0000000000000000
I,4,682,1.0000000000000000
I,4,683,1.0000000000000000
I,4,684,1.0000000000000000
I,4,685,1.0000000000000000
I,4,686,1.0000000000000000
I,4,687,1.0000000000000000
I,4,688,1.0000000000000000
I,4,689,1.0000000000000000
I,4,690,1.0000000000000000
I,4,691,1.0000000000000000
I,4,692,1.0000000000000000
I,4,693,1.0000000000000000
I,4,694,1.0000000000000000
I,4,695,1.0000000000000000
I,4,696,1.0000000000000000
I,4,697,1.0000000000000000
I,4,698,1.0000000000000000
I,4,699,1.0000000000000000
I,4,700,1.0000000000000000
I,4,701,1.0000000000000000
I,4,702,1.0000000000000000
I,4,703,1.0000000000000000
I,4,704,1.0000000000000000
I,4,705,1.0000000000000000
I,4,706,1.0000000000000000
I,4,707,1.0000000000000000
I,4,708,1.0000000000000000
I,4,709,1.0000000000000000
I,4,710,1.0000000000000000
I,4,711,1.0000000000000000
I,4,712,1.0000000000000000
I,4,713,1.0000000000000000
I,4,714,1.0000000000000000
I,4,715,1.0000000000000000
I,4,716,1.0000000000000000
I,4,717,1.0000000000000000
I,4,718,1.0000000000000000
I,4,719,1.0000000000000000
I,4,720,1.0000000000000000
I,4,721,1.0000000000000000
I,4,722,1.0000000000000000
I,4,723,1.0000000000000000
I,4,724,1.0000000000000000
I,4,725,1.0000000000000000
I,4,726,1.0000000000000000
I,4,727,1.0000000000000000
I,4,728,1.0000000000000000
I,4,729,1.0000000000000000
I,4,730,1.0000000000000000
I,4,731,1.0000000000000000
I,4,732,1.0000000000000000
I,4,733,1.0000000000000000
I,4,734,1.0000000000000000
I,4,735,1.0000000000000000
I,4,736,1.0000000000000000
I,4,737,1.0000000000000000
I,4,738,1.0000000000000000
I,4,739,1.0000000000000000
I,4,740,1.0000000000000000
I,4,741,1.0000000000000000
I,4,742,1.0000000000000000
I,4,743,1.0000000000000000
I,4,744,1.0000000000000000
I,4,745,1.0000000000000000
I,4,746,1.0000000000000000
I,4,747,1.0000000000000000
I,4,748,1.0000000000000000
I,4,749,1.0000000000000000
I,4,750,1.0000000000000000
I,4,751,1.0000000000000000
I,4,752,1.0000000000000000
I,4,753,1.0000000000000000
I,4,754,1.0000000000000000
I,4,755,1.0000000000000000
I,4,756,1.0000000000000000
I,4,757,1.0000000000000000
I,4,758,1.0000000000000000
I,4,759,1.0000000000000000
I,4,760,1.0000000000000000
I,4,761,1.0000000000000000
I,4,762,1.0000000000000000
I,4,763,1.0000000000000000
I,4,764,1.0000000000000000
I,4,765,1.0000000000000000
I,4,766,1.0000000000000000
I,4,767,1.0000000000000000
I,4,768,1.0000000000000000
I,4,769,1.0000000000000000
I,4,770,1.0000000000000000
I,4,771,1.0000000000000000
I,4,772,1.0000000000000000
I,4,773,1.0000000000000000
I,4,774,1.0000000000000000
I,4,775,1.0000000000000000
I,4,776,1.0000000000000000
I,4,777,1.0000000000000000
I,4,778,1.0000000000000000
I,4,779,1.0000000000000000
I,4,780,1.0000000000000000
I,4,781,1.0000000000000000
I,4,782,1.0000000000000000
I,4,783,1.0000000000000000
I,4,784,1.0000000000000000
I,4,785,1.0000000000000000
I,4,786,1.0000000000000000
I,4,787,1.0000000000000000
I,4,788,1.0000000000000000
I,4,789,1.0000000000000000
I,4,790,1.0000000000000000
I,4,791,1.0000000000000000
I,4,792,1.0000000000000000
I,4,793,1.0000000000000000
I,4,794,1.0000000000000000
I,4,795,1.0000000000000000
I,4,796,1.0000000000000000
I,4,797,1.0000000000000000
I,4,798,1.0000000000000000
I,4,799,1.0000000000000000
I,4,800,1.0000000000000000
I,4,801,1.0000000000000000
I,4,802,1.0000000000000000
I,4,803,1.0000000000000000
I,4,804,1.0000000000000000
I,4,805,1.0000000000000000
I,4,806,1.0000000000000000
I,4,807,1.0000000000000000
I,4,808,1.0000000000000000
I,4,809,1.0000000000000000
I,4,810,1.0000000000000000
I,4,811,1.0000000000000000
I,4,812,1.0000000000000000
I,4,813,1.0000000000000000
I,4,814,1.0000000000000000
I,4,815,1.0000000000000000
I,4,816,1.0000000000000000
I,4,817,1.0000000000000000
I,4,818,1.0000000000000000
I,4,819,1.0000000000000000
I,4,820,1.0000000000000000
I,4,821,1.0000000000000000
I,4,822,1.0000000000000000
I,4,823,1.0000000000000000
I,4,824,1.0000000000000000
I,4,825,1.0000000000000000
I,4,826,1.0000000000000000
I,4,827,1.0000000000000000
I,4,828,1.0000000000000000
I,4,829,1.0000000000000000
I,4,830,1.0000000000000000
I,4,831,1.0000000000000000
I,4,832,1.0000000000000000
I,4,833,1.0000000000000000
I,4,834,1.0000000000000000
I,4,835,1.0000000000000000
I,4,836,1.0000000000000000
I,4,837,1.0000000000000000
I,4,838,1.0000000000000000
I,4,839,1.0000000000000000
I,4,840,1.0000000000000000
I,4,841,1.0000000000000000
I,4,842,1.0000000000000000
I,4,843,1.0000000000000000
I,4,844,1.0000000000000000
I,4,845,1.0000000000000000
I,4,846,1.0000000000000000
I,4,847,1.0000000000000000
I,4,848,1.0000000000000000
I,4,849,1.0000000000000000
I,4,850,1.0000000000000000
I,4,851,1.0000000000000000
I,4,852,1.0000000000000000
I,4,853,1.0000000000000000
I,4,854,1.0000000000000000
I,4,855,1.0000000000000000
I,4,856,1.0000000000000000
I,4,857,1.0000000000000000
I,4,858,1.0000000000000000
I,4,859,1.0000000000000000
I,4,860,1.0000000000000000
I,4,861,1.0000000000000000
I,4,862,1.0000000000000000
I,4,863,1.0000000000000000
I,4,864,1.0000000000000000
I,4,865,1.0000000000000000
I,4,866,1.0000000000000000
I,4,867,1.0000000000000000
I,4,868,1.0000000000000000
I,4,869,1.0000000000000000
I,4,870,1.0000000000000000
I,4,871,1.0000000000000000
I,4,872,1.0000000000000000
I,4,873,1.0000000000000000
I,4,874,1.0000000000000000
I,4,875,1.0000000000000000
I,4,876,1.0000000000000000
I,4,877,1.0000000000000000
I,4,878,1.0000000000000000
I,4,879,1.0000000000000000
I,4,880,1.0000000000000000
I,4,881,1.0000000000000000
I,4,882,1.0000000000000000
I,4,883,1.0000000000000000
I,4,884,1.0000000000000000
I,4,885,1.0000000000000000
I,4,886,1.0000000000000000
I,4,887,1.0000000000000000
I,4,888,1.0000000000000000
I,4,889,1.0000000000000000
I,4,890,1.0000000000000000
I,4,891,1.0000000000000000
I,4,892,1.0000000000000000
I,4,893,1.0000000000000000
I,4,894,1.0000000000000000
I,4,895,1.0000000000000000
I,4,896,1.0000000000000000
I,4,897,1.0000000000000000
I,4,898,1.0000000000000000
I,4,899,1.0000000000000000
I,4,900,1.0000000000000000
I,4,901,1.0000000000000000
I,4,902,1.0000000000000000
I,4,903,1.0000000000000000
I,4,904,1.0000000000000000
I,4,905,0.0000000000000000
I,4,906,0.0000000000000000
I,4,907,0.0000000000000000
I,4,908,0.0000000000000000
I,4,909,0.0000000000000000
I,4,910,0.0000000000000000
I,4,911,1.0000000000000000
I,4,912,1.0000000000000000
I,4,913,1.0000000000000000
I,4,914,1.0000000000000000
I,4,915,1.0000000000000000
I,4,916,1.0000000000000000
I,4,917,1.0000000000000000
I,4,918,1.0000000000000000
I,4,919,1.0000000000000000
I,4,920,1.0000000000000000
I,4,921,1.0000000000000000
I,4,922,1.0000000000000000
I,4,923,1.0000000000000000
I,4,924,1.0000000000000000
I,4,925,1.0000000000000000
I,4,926,1.0000000000000000
I,4,927,1.0000000000000000
I,4,928,1.0000000000000000
I,4,929,1.0000000000000000
I,4,930,1.0000000000000000
I,4,931,1.0000000000000000
I,4,932,1.0000000000000000
I,4,933,1.0000000000000000
I,4,934,1.0000000000000000
I,4,935,1.0000000000000000
I,4,936,1.0000000000000000
I,4,937,1.0000000000000000
I,4,938,1.0000000000000000
I,4,939,1.0000000000000000
I,4,940,1.0000000000000000
I,4,941,1.0000000000000000
I,4,942,1.0000000000000000
I,4,943,1.0000000000000000
I,4,944,1.0000000000000000
I,4,945,1.0000000000000000
I,4,946,1.0000000000000000
I,4,947,1.0000000000000000
I,4,948,1.0000000000000000
I,4,949,1.0000000000000000
I,4,950,1.0000000000000000
I,4,951,1.0000000000000000
I,4,952,1.0000000000000000
I,4,953,1.0000000000000000
I,4,954,1.0000000000000000
I,4,955,1.0000000000000000
I,4,956,1.0000000000000000
I,4,957,1.0000000000000000
I,4,958,1.0000000000000000
I,4,959,1.0000000000000000
I,4,960,1.0000000000000000
I,4,961,1.0000000000000000
I,4,962,1.0000000000000000
I,4,963,1.0000000000000000
I,4,964,1.0000000000000000
I,4,965,1.0000000000000000
I,4,966,1.0000000000000000
I,4,967,1.0000000000000000
I,4,968,1.0000000000000000
I,4,969,1.0000000000000000
I,4,970,1.0000000000000000
I,4,971,1.0000000000000000
I,4,972,1.0000000000000000
I,4,973,1.0000000000000000
I,4,974,1.0000000000000000
I,4,975,1.0000000000000000
I,4,976,1.0000000000000000
I,4,977,1.0000000000000000
I,4,978,1.0000000000000000
I,4,979,1.0000000000000000
I,4,980,1.0000000000000000
I,4,981,1.0000000000000000
I,4,982,1.0000000000000000
I,4,983,1.0000000000000000
I,4,984,1.0000000000000000
I,4,985,1.0000000000000000
I,4,986,1.0000000000000000
I,4,987,1.0000000000000000
I,4,988,1.0000000000000000
I,4,989,1.0000000000000000
I,4,990,1.0000000000000000
I,4,991,1.0000000000000000
I,4,992,1.0000000000000000
I,4,993,1.0000000000000000
I,4,994,1.0000000000000000
I,4,995,1.0000000000000000
I,4,996,1.0000000000000000
I,4,997,1.0000000000000000
I,4,998,1.0000000000000000
I,4,999,1.0000000000000000
R,4,0,121.44943101790669,6.2718436561310950,-1.2000000000000002
R,4,1,151.78682683738867,7.1305756364019090,-0.80000000000000000
R,4,2,181.68424397601154,8.4423266307653990,-0.40000000000000000
R,4,3,211.00000000000000,10.000000000000000,0.0000000000000000
R,4,4,239.68424397601154,11.557673369234601,0.40000000000000000
R,4,5,267.78682683738870,12.869424363598090,0.80000000000000000
R,4,6,295.44943101790670,13.728156343868905,1.2000000000000002
R,4,7,324.44943101790670,6.2718436561310950,-1.2000000000000002
R,4,8,354.78682683738870,7.1305756364019090,-0.80000000000000000
R,4,9,384.68424397601154,8.4423266307653990,-0.40000000000000000
R,4,10,124.00000000000000,35.000000000000000,0.0000000000000000
R,4,11,152.68424397601154,36.557673369234600,0.40000000000000000
R,4,12,180.78682683738867,37.869424363598090,0.80000000000000000
R,4,13,208.44943101790670,38.728156343868900,1.2000000000000002
R,4,14,237.44943101790670,31.271843656131093,-1.2000000000000002
R,4,15,267.78682683738870,32.130575636401910,-0.80000000000000000
R,4,16,297.68424397601154,33.442326630765400,-0.40000000000000000
R,4,17,327.00000000000000,35.000000000000000,0.0000000000000000
R,4,18,355.68424397601154,36.557673369234600,0.40000000000000000
R,4,19,383.78682683738870,37.869424363598090,0.80000000000000000
R,4,20,121.44943101790669,63.728156343868900,1.2000000000000002
R,4,21,149.96628734527113,57.514562437420730,-1.2000000000000002
R,4,22,179.85788455825912,58.087050424267936,-0.80000000000000000
R,4,23,210.68424397601154,58.442326630765400,-0.40000000000000000
R,4,24,240.00000000000000,60.000000000000000,0.0000000000000000
R,4,25,268.68424397601154,61.557673369234600,0.40000000000000000
R,4,26,296.78682683738870,62.869424363598090,0.80000000000000000
R,4,27,324.44943101790670,63.728156343868900,1.2000000000000002
R,4,28,353.44943101790670,56.271843656131100,-1.2000000000000002
R,4,29,383.78682683738870,57.130575636401910,-0.80000000000000000
R,4,30,122.45616265067436,83.961551087176930,-0.40000000000000000
R,4,31,151.66666666666666,85.000000000000000,0.0000000000000000
R,4,32,180.45616265067437,86.038448912823070,0.40000000000000000
R,4,33,209.78682683738867,87.869424363598090,0.80000000000000000
R,4,34,237.44943101790670,88.728156343868900,1.2000000000000002
R,4,35,266.44943101790670,81.271843656131100,-1.2000000000000002
R,4,36,296.78682683738870,82.130575636401910,-0.80000000000000000
R,4,37,326.68424397601154,83.442326630765400,-0.40000000000000000
R,4,38,356.00000000000000,85.000000000000000,0.0000000000000000
R,4,39,384.68424397601154,86.557673369234600,0.40000000000000000
R,4,40,121.85788455825910,111.91294957573206,0.80000000000000000
R,4,41,149.96628734527113,112.48543756257926,1.2000000000000002
R,4,42,178.96628734527113,107.51456243742074,-1.2000000000000002
R,4,43,208.85788455825912,108.08705042426794,-0.80000000000000000
R,4,44,239.68424397601154,108.44232663076540,-0.40000000000000000
R,4,45,269.00000000000000,110.00000000000000,0.0000000000000000
R,4,46,297.68424397601154,111.55767336923460,0.40000000000000000
R,4,47,325.78682683738870,112.86942436359809,0.80000000000000000
R,4,48,353.44943101790670,113.72815634386890,1.2000000000000002
R,4,49,382.44943101790670,106.27184365613110,-1.2000000000000002
R,4,50,121.85788455825910,133.08705042426794,-0.80000000000000000
R,4,51,151.45616265067437,133.96155108717693,-0.40000000000000000
R,4,52,180.66666666666666,135.00000000000000,0.0000000000000000
R,4,53,209.45616265067437,136.03844891282307,0.40000000000000000
R,4,54,238.78682683738867,137.86942436359809,0.80000000000000000
R,4,55,266.44943101790670,138.72815634386890,1.2000000000000002
R,4,56,295.44943101790670,131.27184365613110,-1.2000000000000002
R,4,57,325.78682683738870,132.13057563640191,-0.80000000000000000
R,4,58,355.68424397601154,133.44232663076540,-0.40000000000000000
R,4,59,385.00000000000000,135.00000000000000,0.0000000000000000
R,4,60,122.45616265067436,161.03844891282307,0.40000000000000000
R,4,61,150.85788455825912,161.91294957573206,0.80000000000000000
R,4,62,178.96628734527113,162.48543756257928,1.2000000000000002
R,4,63,207.96628734527113,157.51456243742072,-1.2000000000000002
R,4,64,238.78682683738867,157.13057563640191,-0.80000000000000000
R,4,65,268.68424397601154,158.44232663076540,-0.40000000000000000
R,4,66,298.00000000000000,160.00000000000000,0.0000000000000000
R,4,67,326.68424397601154,161.55767336923460,0.40000000000000000
R,4,68,354.78682683738870,162.86942436359809,0.80000000000000000
R,4,69,382.44943101790670,163.72815634386890,1.2000000000000002
R,4,70,120.96628734527113,182.51456243742072,-1.2000000000000002
R,4,71,150.85788455825912,183.08705042426794,-0.80000000000000000
R,4,72,180.45616265067437,183.96155108717693,-0.40000000000000000
R,4,73,209.66666666666666,185.00000000000000,0.0000000000000000
R,4,74,239.68424397601154,186.55767336923460,0.40000000000000000
R,4,75,267.78682683738870,187.86942436359809,0.80000000000000000
R,4,76,295.44943101790670,188.72815634386890,1.2000000000000002
R,4,77,324.44943101790670,181.27184365613110,-1.2000000000000002
R,4,78,354.78682683738870,182.13057563640191,-0.80000000000000000
R,4,79,384.68424397601154,183.44232663076540,-0.40000000000000000
R,4,80,122.66666666666667,210.00000000000000,0.0000000000000000
R,4,81,151.45616265067437,211.03844891282307,0.40000000000000000
R,4,82,179.85788455825912,211.91294957573206,0.80000000000000000
R,4,83,206.19440726503024,211.63436454490065,2.8371559761520810
R,4,84,237.44943101790670,206.27184365613110,-1.2000000000000002
R,4,85,267.78682683738870,207.13057563640191,-0.80000000000000000
R,4,86,297.68424397601154,208.44232663076540,-0.40000000000000000
R,4,87,327.00000000000000,210.00000000000000,0.0000000000000000
R,4,88,355.68424397601154,211.55767336923460,0.40000000000000000
R,4,89,383.78682683738870,212.86942436359809,0.80000000000000000
R,4,90,121.44943101790669,238.72815634386890,1.2000000000000002
R,4,91,149.96628734527113,232.51456243742072,-1.2000000000000002
R,4,92,179.85788455825912,233.08705042426794,-0.80000000000000000
R,4,93,210.68424397601154,233.44232663076540,-0.40000000000000000
R,4,94,240.00000000000000,235.00000000000000,0.0000000000000000
R,4,95,268.68424397601154,236.55767336923460,0.40000000000000000
R,4,96,296.78682683738870,237.86942436359809,0.80000000000000000
R,4,97,324.44943101790670,238.72815634386890,1.2000000000000002
R,4,98,353.44943101790670,231.27184365613110,-1.2000000000000002
R,4,99,383.78682683738870,232.13057563640191,-0.80000000000000000
I,5,0,1.0000000000000000
I,5,1,1.0000000000000000
I,5,2,1.0000000000000000
I,5,3,1.0000000000000000
I,5,4,1.0000000000000000
I,5,5,1.0000000000000000
I,5,6,1.0000000000000000
I,5,7,1.0000000000000000
I,5,8,1.0000000000000000
I,5,9,1.0000000000000000
I,5,10,1.0000000000000000
I,5,11,1.0000000000000000
I,5,12,1.0000000000000000
I,5,13,1.0000000000000000
I,5,14,1.0000000000000000
I,5,15,1.0000000000000000
I,5,16,1.0000000000000000
I,5,17,1.0000000000000000
I,5,18,1.0000000000000000
I,5,19,1.0000000000000000
I,5,20,1.0000000000000000
I,5,21,1.0000000000000000
I,5,22,1.0000000000000000
I,5,23,1.0000000000000000
I,5,24,1.0000000000000000
I,5,25,1.0000000000000000
I,5,26,1.0000000000000000
I,5,27,1.0000000000000000
I,5,28,1.0000000000000000
I,5,29,1.0000000000000000
I,5,30,1.0000000000000000
I,5,31,1.0000000000000000
I,5,32,1.0000000000000000
I,5,33,1.0000000000000000
I,5,34,1.0000000000000000
I,5,35,1.0000000000000000
I,5,36,1.0000000000000000
I,5,37,1.0000000000000000
I,5,38,1.0000000000000000
I,5,39,1.0000000000000000
I,5,40,1.0000000000000000
I,5,41,1.0000000000000000
I,5,42,1.0000000000000000
I,5,43,1.0000000000000000
I,5,44,1.0000000000000000
I,5,45,1.0000000000000000
I,5,46,1.0000000000000000
I,5,47,1.0000000000000000
I,5,48,1.0000000000000000
I,5,49,1.0000000000000000
I,5,50,1.0000000000000000
I,5,51,1.0000000000000000
I,5,52,1.0000000000000000
I,5,53,1.0000000000000000
I,5,54,1.0000000000000000
I,5,55,1.0000000000000000
I,5,56,1.0000000000000000
I,5,57,1.0000000000000000
I,5,58,1.0000000000000000
I,5,59,1.5000000000000000
I,5,60,1.0000000000000000
I,5,61,1.0000000000000000
I,5,62,1.0000000000000000
I,5,63,1.0000000000000000
I,5,64,1.0000000000000000
I,5,65,1.0000000000000000
I,5,66,1.0000000000000000
I,5,67,1.0000000000000000
I,5,68,1.0000000000000000
I,5,69,1.0000000000000000
I,5,70,1.0000000000000000
I,5,71,1.0000000000000000
I,5,72,1.0000000000000000
I,5,73,1.0000000000000000
I,5,74,1.0000000000000000
I,5,75,1.0000000000000000
I,5,76,1.0000000000000000
I,5,77,1.0000000000000000
I,5,78,1.0000000000000000
I,5,79,1.0000000000000000
I,5,80,1.0000000000000000
I,5,81,1.0000000000000000
I,5,82,1.0000000000000000
I,5,83,1.0000000000000000
I,5,84,1.0000000000000000
I,5,85,1.0000000000000000
I,5,86,1.0000000000000000
I,5,87,1.0000000000000000
I,5,88,1.0000000000000000
I,5,89,1.0000000000000000
I,5,90,1.0000000000000000
I,5,91,1.0000000000000000
I,5,92,1.0000000000000000
I,5,93,1.0000000000000000
I,5,94,1.0000000000000000
I,5,95,1.0000000000000000
I,5,96,1.0000000000000000
I,5,97,1.0000000000000000
I,5,98,1.5000000000000000
I,5,99,1.5000000000000000
I,5,100,1.0000000000000000
I,5,101,1.0000000000000000
I,5,102,1.0000000000000000
I,5,103,1.0000000000000000
I,5,104,1.0000000000000000
I,5,105,1.0000000000000000
I,5,106,1.0000000000000000
I,5,107,1.0000000000000000
I,5,108,1.0000000000000000
I,5,109,1.0000000000000000
I,5,110,1.0000000000000000
I,5,111,1.0000000000000000
I,5,112,1.0000000000000000
I,5,113,1.0000000000000000
I,5,114,1.0000000000000000
I,5,115,1.0000000000000000
I,5,116,1.0000000000000000
I,5,117,1.0000000000000000
I,5,118,1.0000000000000000
I,5,119,1.0000000000000000
I,5,120,1.0000000000000000
I,5,121,1.0000000000000000
I,5,122,1.0000000000000000
I,5,123,1.0000000000000000
I,5,124,1.0000000000000000
I,5,125,1.0000000000000000
I,5,126,1.0000000000000000
I,5,127,1.0000000000000000
I,5,128,1.0000000000000000
I,5,129,1.0000000000000000
I,5,130,1.0000000000000000
I,5,131,1.0000000000000000
I,5,132,1.0000000000000000
I,5,133,1.0000000000000000
I,5,134,1.0000000000000000
I,5,135,1.0000000000000000
I,5,136,1.5000000000000000
I,5,137,1.5000000000000000
I,5,138,1.5000000000000000
I,5,139,1.5000000000000000
I,5,140,1.0000000000000000
I,5,141,1.0000000000000000
I,5,142,1.0000000000000000
I,5,143,1.0000000000000000
I,5,144,1.0000000000000000
I,5,145,1.0000000000000000
I,5,146,1.0000000000000000
I,5,147,1.0000000000000000
I,5,148,1.0000000000000000
I,5,149,1.0000000000000000
I,5,150,1.0000000000000000
I,5,151,1.0000000000000000
I,5,152,1.0000000000000000
I,5,153,1.0000000000000000
I,5,154,1.0000000000000000
I,5,155,1.0000000000000000
I,5,156,1.0000000000000000
I,5,157,1.0000000000000000
I,5,158,1.0000000000000000
I,5,159,1.0000000000000000
I,5,160,1.0000000000000000
I,5,161,1.0000000000000000
I,5,162,1.0000000000000000
I,5,163,1.0000000000000000
I,5,164,1.0000000000000000
I,5,165,1.0000000000000000
I,5,166,1.0000000000000000
I,5,167,1.0000000000000000
I,5,168,1.0000000000000000
I,5,169,1.0000000000000000
I,5,170,1.0000000000000000
I,5,171,1.0000000000000000
I,5,172,1.0000000000000000
I,5,173,1.0000000000000000
I,5,174,1.0000000000000000
I,5,175,1.5000000000000000
I,5,176,1.5000000000000000
I,5,177,1.5000000000000000
I,5,178,1.5000000000000000
I,5,179,1.5000000000000000
I,5,180,1.0000000000000000
I,5,181,1.0000000000000000
I,5,182,1.0000000000000000
I,5,183,1.0000000000000000
I,5,184,1.0000000000000000
I,5,185,1.0000000000000000
I,5,186,1.0000000000000000
I,5,187,1.0000000000000000
I,5,188,1.0000000000000000
I,5,189,1.0000000000000000
I,5,190,1.0000000000000000
I,5,191,1.0000000000000000
I,5,192,1.0000000000000000
I,5,193,1.0000000000000000
I,5,194,1.0000000000000000
I,5,195,1.0000000000000000
I,5,196,1.0000000000000000
I,5,197,1.0000000000000000
I,5,198,1.0000000000000000
I,5,199,1.0000000000000000
I,5,200,1.0000000000000000
I,5,201,1.0000000000000000
I,5,202,1.0000000000000000
I,5,203,1.0000000000000000
I,5,204,1.0000000000000000
I,5,205,1.0000000000000000
I,5,206,1.0000000000000000
I,5,207,1.0000000000000000
I,5,208,1.0000000000000000
I,5,209,1.0000000000000000
I,5,210,1.0000000000000000
I,5,211,1.0000000000000000
I,5,212,1.0000000000000000
I,5,213,1.0000000000000000
I,5,214,1.5000000000000000
I,5,215,1.5000000000000000
I,5,216,1.5000000000000000
I,5,217,1.5000000000000000
I,5,218,1.5000000000000000
I,5,219,1.5000000000000000
I,5,220,1.0000000000000000
I,5,221,1.0000000000000000
I,5,222,1.0000000000000000
I,5,223,1.0000000000000000
I,5,224,1.0000000000000000
I,5,225,1.0000000000000000
I,5,226,1.0000000000000000
I,5,227,1.0000000000000000
I,5,228,1.0000000000000000
I,5,229,1.0000000000000000
I,5,230,1.0000000000000000
I,5,231,1.0000000000000000
I,5,232,1.0000000000000000
I,5,233,1.0000000000000000
I,5,234,1.0000000000000000
I,5,235,1.0000000000000000
I,5,236,1.0000000000000000
I,5,237,1.0000000000000000
I,5,238,1.0000000000000000
I,5,239,1.0000000000000000
I,5,240,1.0000000000000000
I,5,241,1.0000000000000000
I,5,242,1.0000000000000000
I,5,243,1.0000000000000000
I,5,244,1.0000000000000000
I,5,245,1.0000000000000000
I,5,246,1.0000000000000000
I,5,247,1.0000000000000000
I,5,248,1.0000000000000000
I,5,249,1.0000000000000000
I,5,250,1.0000000000000000
I,5,251,1.0000000000000000
I,5,252,1.0000000000000000
I,5,253,1.5000000000000000
I,5,254,1.5000000000000000
I,5,255,1.5000000000000000
I,5,256,1.5000000000000000
I,5,257,1.5000000000000000
I,5,258,1.5000000000000000
I,5,259,1.5000000000000000
I,5,260,1.0000000000000000
I,5,261,1.0000000000000000
I,5,262,1.0000000000000000
I,5,263,1.0000000000000000
I,5,264,1.0000000000000000
I,5,265,1.0000000000000000
I,5,266,1.0000000000000000
I,5,267,1.0000000000000000
I,5,268,1.0000000000000000
I,5,269,1.0000000000000000
I,5,270,1.0000000000000000
I,5,271,1.0000000000000000
I,5,272,1.0000000000000000
I,5,273,1.0000000000000000
I,5,274,1.0000000000000000
I,5,275,1.0000000000000000
I,5,276,1.0000000000000000
I,5,277,1.0000000000000000
I,5,278,1.0000000000000000
I,5,279,1.0000000000000000
I,5,280,1.0000000000000000
I,5,281,1.0000000000000000
I,5,282,1.0000000000000000
I,5,283,1.0000000000000000
I,5,284,1.0000000000000000
I,5,285,1.0000000000000000
I,5,286,1.0000000000000000
I,5,287,1.0000000000000000
I,5,288,1.0000000000000000
I,5,289,1.0000000000000000
I,5,290,1.0000000000000000
I,5,291,1.0000000000000000
I,5,292,1.5000000000000000
I,5,293,1.5000000000000000
I,5,294,1.5000000000000000
I,5,295,1.5000000000000000
I,5,296,1.5000000000000000
I,5,297,1.5000000000000000
I,5,298,1.5000000000000000
I,5,299,1.5000000000000000
I,5,300,1.0000000000000000
I,5,301,1.0000000000000000
I,5,302,1.0000000000000000
I,5,303,1.0000000000000000
I,5,304,1.0000000000000000
I,5,305,1.0000000000000000
I,5,306,1.0000000000000000
I,5,307,1.0000000000000000
I,5,308,1.0000000000000000
I,5,309,1.0000000000000000
I,5,310,1.0000000000000000
I,5,311,1.0000000000000000
I,5,312,1.0000000000000000
I,5,313,1.0000000000000000
I,5,314,1.0000000000000000
I,5,315,1.0000000000000000
I,5,316,1.0000000000000000
I,5,317,1.0000000000000000
I,5,318,1.0000000000000000
I,5,319,1.0000000000000000
I,5,320,1.0000000000000000
I,5,321,1.0000000000000000
I,5,322,1.0000000000000000
I,5,323,1.0000000000000000
I,5,324,1.0000000000000000
I,5,325,1.0000000000000000
I,5,326,1.0000000000000000
I,5,327,1.0000000000000000
I,5,328,1.0000000000000000
I,5,329,1.0000000000000000
I,5,330,1.0000000000000000
I,5,331,1.5000000000000000
I,5,332,1.5000000000000000
I,5,333,1.5000000000000000
I,5,334,1.5000000000000000
I,5,335,1.5000000000000000
I,5,336,1.5000000000000000
I,5,337,1.5000000000000000
I,5,338,1.5000000000000000
I,5,339,1.5000000000000000
I,5,340,1.0000000000000000
I,5,341,1.0000000000000000
I,5,342,1.0000000000000000
I,5,343,1.0000000000000000
I,5,344,1.0000000000000000
I,5,345,1.0000000000000000
I,5,346,1.0000000000000000
I,5,347,1.0000000000000000
I,5,348,1.0000000000000000
I,5,349,1.0000000000000000
I,5,350,1.0000000000000000
I,5,351,1.0000000000000000
I,5,352,1.0000000000000000
I,5,353,1.0000000000000000
I,5,354,1.0000000000000000
I,5,355,1.0000000000000000
I,5,356,1.0000000000000000
I,5,357,1.0000000000000000
I,5,358,1.0000000000000000
I,5,359,1.0000000000000000
I,5,360,1.0000000000000000
I,5,361,1.0000000000000000
I,5,362,1.0000000000000000
I,5,363,1.0000000000000000
I,5,364,1.0000000000000000
I,5,365,1.0000000000000000
I,5,366,1.0000000000000000
I,5,367,1.0000000000000000
I,5,368,1.0000000000000000
I,5,369,1.0000000000000000
I,5,370,1.5000000000000000
I,5,371,1.5000000000000000
I,5,372,1.5000000000000000
I,5,373,1.5000000000000000
I,5,374,1.5000000000000000
I,5,375,1.5000000000000000
I,5,376,1.5000000000000000
I,5,377,1.5000000000000000
I,5,378,1.5000000000000000
I,5,379,1.5000000000000000
I,5,380,1.0000000000000000
I,5,381,1.0000000000000000
I,5,382,1.0000000000000000
I,5,383,1.0000000000000000
I,5,384,1.0000000000000000
I,5,385,1.0000000000000000
I,5,386,1.0000000000000000
I,5,387,1.0000000000000000
I,5,388,1.0000000000000000
I,5,389,1.0000000000000000
I,5,390,1.0000000000000000
I,5,391,1.0000000000000000
I,5,392,1.0000000000000000
I,5,393,1.0000000000000000
I,5,394,1.0000000000000000
I,5,395,1.0000000000000000
I,5,396,1.0000000000000000
I,5,397,1.0000000000000000
I,5,398,1.0000000000000000
I,5,399,1.0000000000000000
I,5,400,1.0000000000000000
I,5,401,1.0000000000000000
I,5,402,1.0000000000000000
I,5,403,1.0000000000000000
I,5,404,1.0000000000000000
I,5,405,1.0000000000000000
I,5,406,1.0000000000000000
I,5,407,1.0000000000000000
I,5,408,1.0000000000000000
I,5,409,1.5000000000000000
I,5,410,1.5000000000000000
I,5,411,1.5000000000000000
I,5,412,1.5000000000000000
I,5,413,1.5000000000000000
I,5,414,1.5000000000000000
I,5,415,1.5000000000000000
I,5,416,1.5000000000000000
I,5,417,1.5000000000000000
I,5,418,1.5000000000000000
I,5,419,1.5000000000000000
I,5,420,1.0000000000000000
I,5,421,1.0000000000000000
I,5,422,1.0000000000000000
I,5,423,1.0000000000000000
I,5,424,1.0000000000000000
I,5,425,1.0000000000000000
I,5,426,1.0000000000000000
I,5,427,1.0000000000000000
I,5,428,1.0000000000000000
I,5,429,1.0000000000000000
I,5,430,1.0000000000000000
I,5,431,1.0000000000000000
I,5,432,1.0000000000000000
I,5,433,1.0000000000000000
I,5,434,1.0000000000000000
I,5,435,1.0000000000000000
I,5,436,1.0000000000000000
I,5,437,1.0000000000000000
I,5,438,1.0000000000000000
I,5,439,1.0000000000000000
I,5,440,1.0000000000000000
I,5,441,1.0000000000000000
I,5,442,1.0000000000000000
I,5,443,1.0000000000000000
I,5,444,1.0000000000000000
I,5,445,1.0000000000000000
I,5,446,1.0000000000000000
I,5,447,1.5000000000000000
I,5,448,1.5000000000000000
I,5,449,1.5000000000000000
I,5,450,1.5000000000000000
I,5,451,1.5000000000000000
I,5,452,1.5000000000000000
I,5,453,1.5000000000000000
I,5,454,1.5000000000000000
I,5,455,1.5000000000000000
I,5,456,1.5000000000000000
I,5,457,1.5000000000000000
I,5,458,1.5000000000000000
I,5,459,1.5000000000000000
I,5,460,1.0000000000000000
I,5,461,1.0000000000000000
I,5,462,1.0000000000000000
I,5,463,1.0000000000000000
I,5,464,1.0000000000000000
I,5,465,1.0000000000000000
I,5,466,1.0000000000000000
I,5,467,1.0000000000000000
I,5,468,1.0000000000000000
I,5,469,1.0000000000000000
I,5,470,1.0000000000000000
I,5,471,1.0000000000000000
I,5,472,1.0000000000000000
I,5,473,1.0000000000000000
I,5,474,1.0000000000000000
I,5,475,1.0000000000000000
I,5,476,1.0000000000000000
I,5,477,1.0000000000000000
I,5,478,1.0000000000000000
I,5,479,1.0000000000000000
I,5,480,1.0000000000000000
I,5,481,1.0000000000000000
I,5,482,1.0000000000000000
I,5,483,1.0000000000000000
I,5,484,1.0000000000000000
I,5,485,1.0000000000000000
I,5,486,1.5000000000000000
I,5,487,1.5000000000000000
I,5,488,1.5000000000000000
I,5,489,1.5000000000000000
I,5,490,1.5000000000000000
I,5,491,1.5000000000000000
I,5,492,1.5000000000000000
I,5,493,1.5000000000000000
I,5,494,1.5000000000000000
I,5,495,1.5000000000000000
I,5,496,1.5000000000000000
I,5,497,1.5000000000000000
I,5,498,1.5000000000000000
I,5,499,1.5000000000000000
I,5,500,1.0000000000000000
I,5,501,1.0000000000000000
I,5,502,1.0000000000000000
I,5,503,1.0000000000000000
I,5,504,1.0000000000000000
I,5,505,1.0000000000000000
I,5,506,1.0000000000000000
I,5,507,1.0000000000000000
I,5,508,1.0000000000000000
I,5,509,1.0000000000000000
I,5,510,1.0000000000000000
I,5,511,1.0000000000000000
I,5,512,1.0000000000000000
I,5,513,1.0000000000000000
I,5,514,1.0000000000000000
I,5,515,1.0000000000000000
I,5,516,1.0000000000000000
I,5,517,1.0000000000000000
I,5,518,1.0000000000000000
I,5,519,1.0000000000000000
I,5,520,1.0000000000000000
I,5,521,1.0000000000000000
I,5,522,1.0000000000000000
I,5,523,1.0000000000000000
I,5,524,1.0000000000000000
I,5,525,1.5000000000000000
I,5,526,1.5000000000000000
I,5,527,1.5000000000000000
I,5,528,1.5000000000000000
I,5,529,1.5000000000000000
I,5,530,1.5000000000000000
I,5,531,1.5000000000000000
I,5,532,1.5000000000000000
I,5,533,1.5000000000000000
I,5,534,1.5000000000000000
I,5,535,1.5000000000000000
I,5,536,1.5000000000000000
I,5,537,1.5000000000000000
I,5,538,1.5000000000000000
I,5,539,1.5000000000000000
I,5,540,1.0000000000000000
I,5,541,1.0000000000000000
I,5,542,1.0000000000000000
I,5,543,1.0000000000000000
I,5,544,1.0000000000000000
I,5,545,1.0000000000000000
I,5,546,1.0000000000000000
I,5,547,1.0000000000000000
I,5,548,1.0000000000000000
I,5,549,1.0000000000000000
I,5,550,1.0000000000000000
I,5,551,1.0000000000000000
I,5,552,1.0000000000000000
I,5,553,1.0000000000000000
I,5,554,1.0000000000000000
I,5,555,1.0000000000000000
I,5,556,1.0000000000000000
I,5,557,1.0000000000000000
I,5,558,1.0000000000000000
I,5,559,1.0000000000000000
I,5,560,1.0000000000000000
I,5,561,1.0000000000000000
I,5,562,1.0000000000000000
I,5,563,1.0000000000000000
I,5,564,1.5000000000000000
I,5,565,1.5000000000000000
I,5,566,1.5000000000000000
I,5,567,1.5000000000000000
I,5,568,1.5000000000000000
I,5,569,1.5000000000000000
I,5,570,1.5000000000000000
I,5,571,1.5000000000000000
I,5,572,1.5000000000000000
I,5,573,1.5000000000000000
I,5,574,1.5000000000000000
I,5,575,1.5000000000000000
I,5,576,1.5000000000000000
I,5,577,1.5000000000000000
I,5,578,1.5000000000000000
I,5,579,1.5000000000000000
I,5,580,1.0000000000000000
I,5,581,1.0000000000000000
I,5,582,1.0000000000000000
I,5,583,1.0000000000000000
I,5,584,1.0000000000000000
I,5,585,1.0000000000000000
I,5,586,1.0000000000000000
I,5,587,1.0000000000000000
I,5,588,1.0000000000000000
I,5,589,1.0000000000000000
I,5,590,1.0000000000000000
I,5,591,1.0000000000000000
I,5,592,1.0000000000000000
I,5,593,1.0000000000000000
I,5,594,1.0000000000000000
I,5,595,1.0000000000000000
I,5,596,1.0000000000000000
I,5,597,1.0000000000000000
I,5,598,1.0000000000000000
I,5,599,1.0000000000000000
I,5,600,1.0000000000000000
I,5,601,1.0000000000000000
I,5,602,1.0000000000000000
I,5,603,1.5000000000000000
I,5,604,1.5000000000000000
I,5,605,1.5000000000000000
I,5,606,1.5000000000000000
I,5,607,1.5000000000000000
I,5,608,1.5000000000000000
I,5,609,1.5000000000000000
I,5,610,1.5000000000000000
I,5,611,1.5000000000000000
I,5,612,1.5000000000000000
I,5,613,1.5000000000000000
I,5,614,1.5000000000000000
I,5,615,1.5000000000000000
I,5,616,1.5000000000000000
I,5,617,1.5000000000000000
I,5,618,1.5000000000000000
I,5,619,1.5000000000000000
I,5,620,1.0000000000000000
I,5,621,1.0000000000000000
I,5,622,1.0000000000000000
I,5,623,1.0000000000000000
I,5,624,1.0000000000000000
I,5,625,1.0000000000000000
I,5,626,1.0000000000000000
I,5,627,1.0000000000000000
I,5,628,1.0000000000000000
I,5,629,1.0000000000000000
I,5,630,1.0000000000000000
I,5,631,1.0000000000000000
I,5,632,1.0000000000000000
I,5,633,1.0000000000000000
I,5,634,1.0000000000000000
I,5,635,1.0000000000000000
I,5,636,1.0000000000000000
I,5,637,1.0000000000000000
I,5,638,1.0000000000000000
I,5,639,1.0000000000000000
I,5,640,1.0000000000000000
I,5,641,1.0000000000000000
I,5,642,1.5000000000000000
I,5,643,1.5000000000000000
I,5,644,1.5000000000000000
I,5,645,1.5000000000000000
I,5,646,1.5000000000000000
I,5,647,1.5000000000000000
I,5,648,1.5000000000000000
I,5,649,1.5000000000000000
I,5,650,1.5000000000000000
I,5,651,1.5000000000000000
I,5,652,1.5000000000000000
I,5,653,1.5000000000000000
I,5,654,1.5000000000000000
I,5,655,1.5000000000000000
I,5,656,1.5000000000000000
I,5,657,1.5000000000000000
I,5,658,1.5000000000000000
I,5,659,1.5000000000000000
I,5,660,1.0000000000000000
I,5,661,1.0000000000000000
I,5,662,1.0000000000000000
I,5,663,1.0000000000000000
I,5,664,1.0000000000000000
I,5,665,1.0000000000000000
I,5,666,1.0000000000000000
I,5,667,1.0000000000000000
I,5,668,1.0000000000000000
I,5,669,1.0000000000000000
I,5,670,1.0000000000000000
I,5,671,1.0000000000000000
I,5,672,1.0000000000000000
I,5,673,1.0000000000000000
I,5,674,1.0000000000000000
I,5,675,1.0000000000000000
I,5,676,1.0000000000000000
I,5,677,1.0000000000000000
I,5,678,1.0000000000000000
I,5,679,1.0000000000000000
I,5,680,1.0000000000000000
I,5,681,1.5000000000000000
I,5,682,1.5000000000000000
I,5,683,1.5000000000000000
I,5,684,1.5000000000000000
I,5,685,1.5000000000000000
I,5,686,1.5000000000000000
I,5,687,1.5000000000000000
I,5,688,1.5000000000000000
I,5,689,1.5000000000000000
I,5,690,1.5000000000000000
I,5,691,1.5000000000000000
I,5,692,1.5000000000000000
I,5,693,1.5000000000000000
I,5,694,1.5000000000000000
I,5,695,1.5000000000000000
I,5,696,1.5000000000000000
I,5,697,1.5000000000000000
I,5,698,1.5000000000000000
I,5,699,1.5000000000000000
I,5,700,1.0000000000000000
I,5,701,1.0000000000000000
I,5,702,1.0000000000000000
I,5,703,1.0000000000000000
I,5,704,1.0000000000000000
I,5,705,1.0000000000000000
I,5,706,1.0000000000000000
I,5,707,1.0000000000000000
I,5,708,1.0000000000000000
I,5,709,1.0000000000000000
I,5,710,1.0000000000000000
I,5,711,1.0000000000000000
I,5,712,1.0000000000000000
I,5,713,1.0000000000000000
I,5,714,1.0000000000000000
I,5,715,1.0000000000000000
I,5,716,1.0000000000000000
I,5,717,1.0000000000000000
I,5,718,1.0000000000000000
I,5,719,1.0000000000000000
I,5,720,1.5000000000000000
I,5,721,1.5000000000000000
I,5,722,1.5000000000000000
I,5,723,1.5000000000000000
I,5,724,1.5000000000000000
I,5,725,1.5000000000000000
I,5,726,1.5000000000000000
I,5,727,1.5000000000000000
I,5,728,1.5000000000000000
I,5,729,1.5000000000000000
I,5,730,1.5000000000000000
I,5,731,1.5000000000000000
I,5,732,1.5000000000000000
I,5,733,1.5000000000000000
I,5,734,1.5000000000000000
I,5,735,1.5000000000000000
I,5,736,1.5000000000000000
I,5,737,1.5000000000000000
I,5,738,1.5000000000000000
I,5,739,1.5000000000000000
I,5,740,1.0000000000000000
I,5,741,1.0000000000000000
I,5,742,1.0000000000000000
I,5,743,1.0000000000000000
I,5,744,1.0000000000000000
I,5,745,1.0000000000000000
I,5,746,1.0000000000000000
I,5,747,1.0000000000000000
I,5,748,1.0000000000000000
I,5,749,1.0000000000000000
I,5,750,1.0000000000000000
I,5,751,1.0000000000000000
I,5,752,1.0000000000000000
I,5,753,1.0000000000000000
I,5,754,1.0000000000000000
I,5,755,1.0000000000000000
I,5,756,1.0000000000000000
I,5,757,1.0000000000000000
I,5,758,1.0000000000000000
I,5,759,1.0000000000000000
I,5,760,1.5000000000000000
I,5,761,1.5000000000000000
I,5,762,1.5000000000000000
I,5,763,1.5000000000000000
I,5,764,1.5000000000000000
I,5,765,1.5000000000000000
I,5,766,1.5000000000000000
I,5,767,1.5000000000000000
I,5,768,1.5000000000000000
I,5,769,1.5000000000000000
I,5,770,1.5000000000000000
I,5,771,1.5000000000000000
I,5,772,1.5000000000000000
I,5,773,1.5000000000000000
I,5,774,1.5000000000000000
I,5,775,1.5000000000000000
I,5,776,1.5000000000000000
I,5,777,1.5000000000000000
I,5,778,1.5000000000000000
I,5,779,1.5000000000000000
I,5,780,1.0000000000000000
I,5,781,1.0000000000000000
I,5,782,1.0000000000000000
I,5,783,1.0000000000000000
I,5,784,1.0000000000000000
I,5,785,1.0000000000000000
I,5,786,1.0000000000000000
I,5,787,1.0000000000000000
I,5,788,1.0000000000000000
I,5,789,1.0000000000000000
I,5,790,1.0000000000000000
I,5,791,1.0000000000000000
I,5,792,1.0000000000000000
I,5,793,1.0000000000000000
I,5,794,1.0000000000000000
I,5,795,1.0000000000000000
I,5,796,1.0000000000000000
I,5,797,1.0000000000000000
I,5,798,1.0000000000000000
I,5,799,1.0000000000000000
I,5,800,1.5000000000000000
I,5,801,1.5000000000000000
I,5,802,1.5000000000000000
I,5,803,1.5000000000000000
I,5,804,1.5000000000000000
I,5,805,1.5000000000000000
I,5,806,1.5000000000000000
I,5,807,1.5000000000000000
I,5,808,1.5000000000000000
I,5,809,1.5000000000000000
I,5,810,1.5000000000000000
I,5,811,1.5000000000000000
I,5,812,1.5000000000000000
I,5,813,1.5000000000000000
I,5,814,1.5000000000000000
I,5,815,1.5000000000000000
I,5,816,1.5000000000000000
I,5,817,1.5000000000000000
I,5,818,1.5000000000000000
I,5,819,1.5000000000000000
I,5,820,1.0000000000000000
I,5,821,1.0000000000000000
I,5,822,1.0000000000000000
I,5,823,1.0000000000000000
I,5,824,1.0000000000000000
I,5,825,1.0000000000000000
I,5,826,1.0000000000000000
I,5,827,1.0000000000000000
I,5,828,1.0000000000000000
I,5,829,1.0000000000000000
I,5,830,1.0000000000000000
I,5,831,1.0000000000000000
I,5,832,1.0000000000000000
I,5,833,1.0000000000000000
I,5,834,1.0000000000000000
I,5,835,1.0000000000000000
I,5,836,1.0000000000000000
I,5,837,1.0000000000000000
I,5,838,1.0000000000000000
I,5,839,1.0000000000000000
I,5,840,1.5000000000000000
I,5,841,1.5000000000000000
I,5,842,1.5000000000000000
I,5,843,1.5000000000000000
I,5,844,1.5000000000000000
I,5,845,1.5000000000000000
I,5,846,1.5000000000000000
I,5,847,1.5000000000000000
I,5,848,1.5000000000000000
I,5,849,1.5000000000000000
I,5,850,1.5000000000000000
I,5,851,1.5000000000000000
I,5,852,1.5000000000000000
I,5,853,1.5000000000000000
I,5,854,1.5000000000000000
I,5,855,1.5000000000000000
I,5,856,1.5000000000000000
I,5,857,1.5000000000000000
I,5,858,1.5000000000000000
I,5,859,1.5000000000000000
I,5,860,1.0000000000000000
I,5,861,1.0000000000000000
I,5,862,1.0000000000000000
I,5,863,1.0000000000000000
I,5,864,1.0000000000000000
I,5,865,1.0000000000000000
I,5,866,1.0000000000000000
I,5,867,1.0000000000000000
I,5,868,1.0000000000000000
I,5,869,1.0000000000000000
I,5,870,1.0000000000000000
I,5,871,1.0000000000000000
I,5,872,1.0000000000000000
I,5,873,1.0000000000000000
I,5,874,1.0000000000000000
I,5,875,1.0000000000000000
I,5,876,1.0000000000000000
I,5,877,1.0000000000000000
I,5,878,1.0000000000000000
I,5,879,1.0000000000000000
I,5,880,1.5000000000000000
I,5,881,1.5000000000000000
I,5,882,1.5000000000000000
I,5,883,1.5000000000000000
I,5,884,1.5000000000000000
I,5,885,1.5000000000000000
I,5,886,1.5000000000000000
I,5,887,1.5000000000000000
I,5,888,1.5000000000000000
I,5,889,1.5000000000000000
I,5,890,1.5000000000000000
I,5,891,1.5000000000000000
I,5,892,1.5000000000000000
I,5,893,1.5000000000000000
I,5,894,1.5000000000000000
I,5,895,1.5000000000000000
I,5,896,1.5000000000000000
I,5,897,1.5000000000000000
I,5,898,1.5000000000000000
I,5,899,1.5000000000000000
I,5,900,1.0000000000000000
I,5,901,1.0000000000000000
I,5,902,1.0000000000000000
I,5,903,1.0000000000000000
I,5,904,1.0000000000000000
I,5,905,0.0000000000000000
I,5,906,0.0000000000000000
I,5,907,0.0000000000000000
I,5,908,0.0000000000000000
I,5,909,0.0000000000000000
I,5,910,0.0000000000000000
I,5,911,1.0000000000000000
I,5,912,1.0000000000000000
I,5,913,1.0000000000000000
I,5,914,1.0000000000000000
I,5,915,1.0000000000000000
I,5,916,1.0000000000000000
I,5,917,1.0000000000000000
I,5,918,1.0000000000000000
I,5,919,1.0000000000000000
I,5,920,1.5000000000000000
I,5,921,1.5000000000000000
I,5,922,1.5000000000000000
I,5,923,1.5000000000000000
I,5,924,1.5000000000000000
I,5,925,1.5000000000000000
I,5,926,1.5000000000000000
I,5,927,1.5000000000000000
I,5,928,1.5000000000000000
I,5,929,1.5000000000000000
I,5,930,1.5000000000000000
I,5,931,1.5000000000000000
I,5,932,1.5000000000000000
I,5,933,1.5000000000000000
I,5,934,1.5000000000000000
I,5,935,1.5000000000000000
I,5,936,1.5000000000000000
I,5,937,1.5000000000000000
I,5,938,1.5000000000000000
I,5,939,1.5000000000000000
I,5,940,1.0000000000000000
I,5,941,1.0000000000000000
I,5,942,1.0000000000000000
I,5,943,1.0000000000000000
I,5,944,1.0000000000000000
I,5,945,1.0000000000000000
I,5,946,1.0000000000000000
I,5,947,1.0000000000000000
I,5,948,1.0000000000000000
I,5,949,1.0000000000000000
I,5,950,1.0000000000000000
I,5,951,1.0000000000000000
I,5,952,1.0000000000000000
I,5,953,1.0000000000000000
I,5,954,1.0000000000000000
I,5,955,1.0000000000000000
I,5,956,1.0000000000000000
I,5,957,1.0000000000000000
I,5,958,1.0000000000000000
I,5,959,1.0000000000000000
I,5,960,1.5000000000000000
I,5,961,1.5000000000000000
I,5,962,1.5000000000000000
I,5,963,1.5000000000000000
I,5,964,1.5000000000000000
I,5,965,1.5000000000000000
I,5,966,1.5000000000000000
I,5,967,1.5000000000000000
I,5,968,1.5000000000000000
I,5,969,1.5000000000000000
I,5,970,1.5000000000000000
I,5,971,1.5000000000000000
I,5,972,1.5000000000000000
I,5,973,1.5000000000000000
I,5,974,1.5000000000000000
I,5,975,1.5000000000000000
I,5,976,1.5000000000000000
I,5,977,1.5000000000000000
I,5,978,1.5000000000000000
I,5,979,1.5000000000000000
I,5,980,1.0000000000000000
I,5,981,1.0000000000000000
I,5,982,1.0000000000000000
I,5,983,1.0000000000000000
I,5,984,1.0000000000000000
I,5,985,1.0000000000000000
I,5,986,1.0000000000000000
I,5,987,1.0000000000000000
I,5,988,1.0000000000000000
I,5,989,1.0000000000000000
I,5,990,1.0000000000000000
I,5,991,1.0000000000000000
I,5,992,1.0000000000000000
I,5,993,1.0000000000000000
I,5,994,1.0000000000000000
I,5,995,1.0000000000000000
I,5,996,1.0000000000000000
I,5,997,1.0000000000000000
I,5,998,1.0000000000000000
I,5,999,1.0000000000000000
R,5,0,121.44943101790669,6.2718436561310950,-1.2000000000000002
R,5,1,151.78682683738867,7.1305756364019090,-0.80000000000000000
R,5,2,181.68424397601154,8.4423266307653990,-0.40000000000000000
R,5,3,211.00000000000000,10.000000000000000,0.0000000000000000
R,5,4,239.68424397601154,11.557673369234601,0.40000000000000000
R,5,5,267.78682683738870,12.869424363598090,0.80000000000000000
R,5,6,294.96628734527116,12.485437562579271,1.2000000000000002
R,5,7,324.44943101790670,6.2718436561310950,-1.2000000000000002
R,5,8,354.78682683738870,7.1305756364019090,-0.80000000000000000
R,5,9,384.68424397601154,8.4423266307653990,-0.40000000000000000
R,5,10,124.00000000000000,35.000000000000000,0.0000000000000000
R,5,11,152.68424397601154,36.557673369234600,0.40000000000000000
R,5,12,180.78682683738867,37.869424363598090,0.80000000000000000
R,5,13,208.44943101790670,38.728156343868900,1.2000000000000002
R,5,14,237.44943101790670,31.271843656131093,-1.2000000000000002
R,5,15,267.78682683738870,32.130575636401910,-0.80000000000000000
R,5,16,296.45616265067434,33.961551087176930,-0.40000000000000000
R,5,17,327.00000000000000,35.000000000000000,0.0000000000000000
R,5,18,355.68424397601154,36.557673369234600,0.40000000000000000
R,5,19,383.78682683738870,37.869424363598090,0.80000000000000000
R,5,20,121.44943101790669,63.728156343868900,1.2000000000000002
R,5,21,150.44943101790670,56.271843656131100,-1.2000000000000002
R,5,22,180.78682683738867,57.130575636401910,-0.80000000000000000
R,5,23,210.68424397601154,58.442326630765400,-0.40000000000000000
R,5,24,240.00000000000000,60.000000000000000,0.0000000000000000
R,5,25,267.45616265067434,61.038448912823070,0.40000000000000000
R,5,26,295.85788455825910,61.912949575732064,0.80000000000000000
R,5,27,324.44943101790670,63.728156343868900,1.2000000000000002
R,5,28,353.44943101790670,56.271843656131100,-1.2000000000000002
R,5,29,383.78682683738870,57.130575636401910,-0.80000000000000000
R,5,30,123.68424397601154,83.442326630765400,-0.40000000000000000
R,5,31,153.00000000000000,85.000000000000000,0.0000000000000000
R,5,32,181.68424397601154,86.557673369234600,0.40000000000000000
R,5,33,209.78682683738867,87.869424363598090,0.80000000000000000
R,5,34,236.96628734527113,87.485437562579260,1.2000000000000002
R,5,35,265.96628734527116,82.514562437420740,-1.2000000000000002
R,5,36,295.85788455825910,83.087050424267940,-0.80000000000000000
R,5,37,326.68424397601154,83.442326630765400,-0.40000000000000000
R,5,38,356.00000000000000,85.000000000000000,0.0000000000000000
R,5,39,384.68424397601154,86.557673369234600,0.40000000000000000
R,5,40,122.78682683738866,112.86942436359809,0.80000000000000000
R,5,41,150.44943101790670,113.72815634386890,1.2000000000000002
R,5,42,179.44943101790670,106.27184365613110,-1.2000000000000002
R,5,43,208.85788455825912,108.08705042426794,-0.80000000000000000
R,5,44,238.45616265067437,108.96155108717693,-0.40000000000000000
R,5,45,267.66666666666670,110.00000000000000,0.0000000000000000
R,5,46,296.45616265067434,111.03844891282307,0.40000000000000000
R,5,47,325.78682683738870,112.86942436359809,0.80000000000000000
R,5,48,353.44943101790670,113.72815634386890,1.2000000000000002
R,5,49,382.44943101790670,106.27184365613110,-1.2000000000000002
R,5,50,122.78682683738866,132.13057563640191,-0.80000000000000000
R,5,51,152.68424397601154,133.44232663076540,-0.40000000000000000
R,5,52,180.66666666666666,135.00000000000000,0.0000000000000000
R,5,53,209.45616265067437,136.03844891282307,0.40000000000000000
R,5,54,237.85788455825912,136.91294957573206,0.80000000000000000
R,5,55,265.96628734527116,137.48543756257928,1.2000000000000002
R,5,56,294.96628734527116,132.51456243742072,-1.2000000000000002
R,5,57,325.78682683738870,132.13057563640191,-0.80000000000000000
R,5,58,355.68424397601154,133.44232663076540,-0.40000000000000000
R,5,59,385.00000000000000,135.00000000000000,0.0000000000000000
R,5,60,123.68424397601154,161.55767336923460,0.40000000000000000
R,5,61,150.85788455825912,161.91294957573206,0.80000000000000000
R,5,62,178.96628734527113,162.48543756257928,1.2000000000000002
R,5,63,207.96628734527113,157.51456243742072,-1.2000000000000002
R,5,64,237.85788455825912,158.08705042426794,-0.80000000000000000
R,5,65,267.45616265067434,158.96155108717693,-0.40000000000000000
R,5,66,296.66666666666670,160.00000000000000,0.0000000000000000
R,5,67,326.68424397601154,161.55767336923460,0.40000000000000000
R,5,68,354.78682683738870,162.86942436359809,0.80000000000000000
R,5,69,382.44943101790670,163.72815634386890,1.2000000000000002
R,5,70,120.96628734527113,182.51456243742072,-1.2000000000000002
R,5,71,150.85788455825912,183.08705042426794,-0.80000000000000000
R,5,72,180.45616265067437,183.96155108717693,-0.40000000000000000
R,5,73,209.66666666666666,185.00000000000000,0.0000000000000000
R,5,74,238.45616265067437,186.03844891282307,0.40000000000000000
R,5,75,266.85788455825910,186.91294957573206,0.80000000000000000
R,5,76,294.96628734527116,187.48543756257928,1.2000000000000002
R,5,77,324.44943101790670,181.27184365613110,-1.2000000000000002
R,5,78,354.78682683738870,182.13057563640191,-0.80000000000000000
R,5,79,384.68424397601154,183.44232663076540,-0.40000000000000000
R,5,80,122.66666666666667,210.00000000000000,0.0000000000000000
R,5,81,151.45616265067437,211.03844891282307,0.40000000000000000
R,5,82,179.85788455825912,211.91294957573206,0.80000000000000000
R,5,83,207.96628734527113,212.48543756257928,1.2000000000000002
R,5,84,236.96628734527113,207.51456243742072,-1.2000000000000002
R,5,85,266.85788455825910,208.08705042426794,-0.80000000000000000
R,5,86,296.45616265067434,208.96155108717693,-0.40000000000000000
R,5,87,327.00000000000000,210.00000000000000,0.0000000000000000
R,5,88,355.68424397601154,211.55767336923460,0.40000000000000000
R,5,89,383.78682683738870,212.86942436359809,0.80000000000000000
R,5,90,120.96628734527113,237.48543756257928,1.2000000000000002
R,5,91,149.96628734527113,232.51456243742072,-1.2000000000000002
R,5,92,179.85788455825912,233.08705042426794,-0.80000000000000000
R,5,93,209.45616265067437,233.96155108717693,-0.40000000000000000
R,5,94,238.66666666666666,235.00000000000000,0.0000000000000000
R,5,95,267.45616265067434,236.03844891282307,0.40000000000000000
R,5,96,295.85788455825910,236.91294957573206,0.80000000000000000
R,5,97,324.44943101790670,238.72815634386890,1.2000000000000002
R,5,98,353.44943101790670,231.27184365613110,-1.2000000000000002
R,5,99,383.78682683738870,232.13057563640191,-0.80000000000000000
I,6,0,1.0000000000000000
I,6,1,1.0000000000000000
I,6,2,1.0000000000000000
I,6,3,1.0000000000000000
I,6,4,1.0000000000000000
I,6,5,1.5000000000000000
I,6,6,1.5000000000000000
I,6,7,1.5000000000000000
I,6,8,1.5000000000000000
I,6,9,1.5000000000000000
I,6,10,1.5000000000000000
I,6,11,1.5000000000000000
I,6,12,1.5000000000000000
I,6,13,1.5000000000000000
I,6,14,1.5000000000000000
I,6,15,1.5000000000000000
I,6,16,1.5000000000000000
I,6,17,1.5000000000000000
I,6,18,1.5000000000000000
I,6,19,1.5000000000000000
I,6,20,1.5000000000000000
I,6,21,1.5000000000000000
I,6,22,1.5000000000000000
I,6,23,1.5000000000000000
I,6,24,1.5000000000000000
I,6,25,1.5000000000000000
I,6,26,1.5000000000000000
I,6,27,1.5000000000000000
I,6,28,1.5000000000000000
I,6,29,1.5000000000000000
I,6,30,1.5000000000000000
I,6,31,1.5000000000000000
I,6,32,1.5000000000000000
I,6,33,1.5000000000000000
I,6,34,1.5000000000000000
I,6,35,1.5000000000000000
I,6,36,1.5000000000000000
I,6,37,1.5000000000000000
I,6,38,1.5000000000000000
I,6,39,1.5000000000000000
I,6,40,1.0000000000000000
I,6,41,1.0000000000000000
I,6,42,1.0000000000000000
I,6,43,1.0000000000000000
I,6,44,1.0000000000000000
I,6,45,1.0000000000000000
I,6,46,1.0000000000000000
I,6,47,1.0000000000000000
I,6,48,1.0000000000000000
I,6,49,1.5000000000000000
I,6,50,1.5000000000000000
I,6,51,1.5000000000000000
I,6,52,1.5000000000000000
I,6,53,1.5000000000000000
I,6,54,1.5000000000000000
I,6,55,1.5000000000000000
I,6,56,1.5000000000000000
I,6,57,1.5000000000000000
I,6,58,1.5000000000000000
I,6,59,1.5000000000000000
I,6,60,1.5000000000000000
I,6,61,1.5000000000000000
I,6,62,1.5000000000000000
I,6,63,1.5000000000000000
I,6,64,1.5000000000000000
I,6,65,1.5000000000000000
I,6,66,1.5000000000000000
I,6,67,1.5000000000000000
I,6,68,1.5000000000000000
I,6,69,1.5000000000000000
I,6,70,1.5000000000000000
I,6,71,1.5000000000000000
I,6,72,1.5000000000000000
I,6,73,1.5000000000000000
I,6,74,1.5000000000000000
I,6,75,1.5000000000000000
I,6,76,1.5000000000000000
I,6,77,1.5000000000000000
I,6,78,1.5000000000000000
I,6,79,1.5000000000000000
I,6,80,1.0000000000000000
I,6,81,1.0000000000000000
I,6,82,1.0000000000000000
I,6,83,1.0000000000000000
I,6,84,1.0000000000000000
I,6,85,1.0000000000000000
I,6,86,1.0000000000000000
I,6,87,1.0000000000000000
I,6,88,1.0000000000000000
I,6,89,1.0000000000000000
I,6,90,1.0000000000000000
I,6,91,1.5000000000000000
I,6,92,1.5000000000000000
I,6,93,1.5000000000000000
I,6,94,1.5000000000000000
I,6,95,1.5000000000000000
I,6,96,1.5000000000000000
I,6,97,1.5000000000000000
I,6,98,1.5000000000000000
I,6,99,1.5000000000000000
I,6,100,1.5000000000000000
I,6,101,1.5000000000000000
I,6,102,1.5000000000000000
I,6,103,1.5000000000000000
I,6,104,1.5000000000000000
I,6,105,1.5000000000000000
I,6,106,1.5000000000000000
I,6,107,1.5000000000000000
I,6,108,1.5000000000000000
I,6,109,1.5000000000000000
I,6,110,1.5000000000000000
I,6,111,1.5000000000000000
I,6,112,1.5000000000000000
I,6,113,1.5000000000000000
I,6,114,1.5000000000000000
I,6,115,1.5000000000000000
I,6,116,1.5000000000000000
I,6,117,1.5000000000000000
I,6,118,1.5000000000000000
I,6,119,1.5000000000000000
I,6,120,1.0000000000000000
I,6,121,1.0000000000000000
I,6,122,1.0000000000000000
I,6,123,1.0000000000000000
I,6,124,1.0000000000000000
I,6,125,1.0000000000000000
I,6,126,1.0000000000000000
I,6,127,1.0000000000000000
I,6,128,1.0000000000000000
I,6,129,1.0000000000000000
I,6,130,1.0000000000000000
I,6,131,1.0000000000000000
I,6,132,1.0000000000000000
I,6,133,1.0000000000000000
I,6,134,1.5000000000000000
I,6,135,1.5000000000000000
I,6,136,1.5000000000000000
I,6,137,1.5000000000000000
I,6,138,1.5000000000000000
I,6,139,1.5000000000000000
I,6,140,1.5000000000000000
I,6,141,1.5000000000000000
I,6,142,1.5000000000000000
I,6,143,1.5000000000000000
I,6,144,1.5000000000000000
I,6,145,1.5000000000000000
I,6,146,1.5000000000000000
I,6,147,1.5000000000000000
I,6,148,1.5000000000000000
I,6,149,1.5000000000000000
I,6,150,1.5000000000000000
I,6,151,1.5000000000000000
I,6,152,1.5000000000000000
I,6,153,1.5000000000000000
I,6,154,1.5000000000000000
I,6,155,1.5000000000000000
I,6,156,1.5000000000000000
I,6,157,1.5000000000000000
I,6,158,1.5000000000000000
I,6,159,1.5000000000000000
I,6,160,1.0000000000000000
I,6,161,1.0000000000000000
I,6,162,1.0000000000000000
I,6,163,1.0000000000000000
I,6,164,1.0000000000000000
I,6,165,1.0000000000000000
I,6,166,1.0000000000000000
I,6,167,1.0000000000000000
I,6,168,1.0000000000000000
I,6,169,1.0000000000000000
I,6,170,1.0000000000000000
I,6,171,1.0000000000000000
I,6,172,1.0000000000000000
I,6,173,1.0000000000000000
I,6,174,1.0000000000000000
I,6,175,1.0000000000000000
I,6,176,1.5000000000000000
I,6,177,1.5000000000000000
I,6,178,1.5000000000000000
I,6,179,1.5000000000000000
I,6,180,1.5000000000000000
I,6,181,1.5000000000000000
I,6,182,1.5000000000000000
I,6,183,1.5000000000000000
I,6,184,1.5000000000000000
I,6,185,1.5000000000000000
I,6,186,1.5000000000000000
I,6,187,1.5000000000000000
I,6,188,1.5000000000000000
I,6,189,1.5000000000000000
I,6,190,1.5000000000000000
I,6,191,1.5000000000000000
I,6,192,1.5000000000000000
I,6,193,1.5000000000000000
I,6,194,1.5000000000000000
I,6,195,1.5000000000000000
I,6,196,1.5000000000000000
I,6,197,1.5000000000000000
I,6,198,1.5000000000000000
I,6,199,1.5000000000000000
I,6,200,1.0000000000000000
I,6,201,1.0000000000000000
I,6,202,1.0000000000000000
I,6,203,1.0000000000000000
I,6,204,1.0000000000000000
I,6,205,1.0000000000000000
I,6,206,1.0000000000000000
I,6,207,1.0000000000000000
I,6,208,1.0000000000000000
I,6,209,1.0000000000000000
I,6,210,1.0000000000000000
I,6,211,1.0000000000000000
I,6,212,1.0000000000000000
I,6,213,1.0000000000000000
I,6,214,1.0000000000000000
I,6,215,1.0000000000000000
I,6,216,1.0000000000000000
I,6,217,1.5000000000000000
I,6,218,1.5000000000000000
I,6,219,1.5000000000000000
I,6,220,1.5000000000000000
I,6,221,1.5000000000000000
I,6,222,1.5000000000000000
I,6,223,1.5000000000000000
I,6,224,1.5000000000000000
I,6,225,1.5000000000000000
I,6,226,1.5000000000000000
I,6,227,1.5000000000000000
I,6,228,1.5000000000000000
I,6,229,1.5000000000000000
I,6,230,1.5000000000000000
I,6,231,1.5000000000000000
I,6,232,1.5000000000000000
I,6,233,1.5000000000000000
I,6,234,1.5000000000000000
I,6,235,1.5000000000000000
I,6,236,1.5000000000000000
I,6,237,1.5000000000000000
I,6,238,1.5000000000000000
I,6,239,1.5000000000000000
I,6,240,1.0000000000000000
I,6,241,1.0000000000000000
I,6,242,1.0000000000000000
I,6,243,1.0000000000000000
I,6,244,1.0000000000000000
I,6,245,1.0000000000000000
I,6,246,1.0000000000000000
I,6,247,1.0000000000000000
I,6,248,1.0000000000000000
I,6,249,1.0000000000000000
I,6,250,1.0000000000000000
I,6,251,1.0000000000000000
I,6,252,1.0000000000000000
I,6,253,1.0000000000000000
I,6,254,1.0000000000000000
I,6,255,1.0000000000000000
I,6,256,1.0000000000000000
I,6,257,1.0000000000000000
I,6,258,1.0000000000000000
I,6,259,1.5000000000000000
I,6,260,1.5000000000000000
I,6,261,1.5000000000000000
I,6,262,1.5000000000000000
I,6,263,1.5000000000000000
I,6,264,1.5000000000000000
I,6,265,1.5000000000000000
I,6,266,1.5000000000000000
I,6,267,1.5000000000000000
I,6,268,1.5000000000000000
I,6,269,1.5000000000000000
I,6,270,1.5000000000000000
I,6,271,1.5000000000000000
I,6,272,1.5000000000000000
I,6,273,1.5000000000000000
I,6,274,1.5000000000000000
I,6,275,1.5000000000000000
I,6,276,1.5000000000000000
I,6,277,1.5000000000000000
I,6,278,1.5000000000000000
I,6,279,1.5000000000000000
I,6,280,1.0000000000000000
I,6,281,1.0000000000000000
I,6,282,1.0000000000000000
I,6,283,1.0000000000000000
I,6,284,1.0000000000000000
I,6,285,1.0000000000000000
I,6,286,1.0000000000000000
I,6,287,1.0000000000000000
I,6,288,1.0000000000000000
I,6,289,1.0000000000000000
I,6,290,1.0000000000000000
I,6,291,1.0000000000000000
I,6,292,1.0000000000000000
I,6,293,1.0000000000000000
I,6,294,1.0000000000000000
I,6,295,1.0000000000000000
I,6,296,1.0000000000000000
I,6,297,1.0000000000000000
I,6,298,1.0000000000000000
I,6,299,1.5000000000000000
I,6,300,1.5000000000000000
I,6,301,1.5000000000000000
I,6,302,1.5000000000000000
I,6,303,1.5000000000000000
I,6,304,1.5000000000000000
I,6,305,1.5000000000000000
I,6,306,1.5000000000000000
I,6,307,1.5000000000000000
I,6,308,1.5000000000000000
I,6,309,1.5000000000000000
I,6,310,1.5000000000000000
I,6,311,1.5000000000000000
I,6,312,1.5000000000000000
I,6,313,1.5000000000000000
I,6,314,1.5000000000000000
I,6,315,1.5000000000000000
I,6,316,1.5000000000000000
I,6,317,1.5000000000000000
I,6,318,1.5000000000000000
I,6,319,1.5000000000000000
I,6,320,1.0000000000000000
I,6,321,1.0000000000000000
I,6,322,1.0000000000000000
I,6,323,1.0000000000000000
I,6,324,1.0000000000000000
I,6,325,1.0000000000000000
I,6,326,1.0000000000000000
I,6,327,1.0000000000000000
I,6,328,1.0000000000000000
I,6,329,1.0000000000000000
I,6,330,1.0000000000000000
I,6,331,1.0000000000000000
I,6,332,1.0000000000000000
I,6,333,1.0000000000000000
I,6,334,1.0000000000000000
I,6,335,1.0000000000000000
I,6,336,1.0000000000000000
I,6,337,1.0000000000000000
I,6,338,1.0000000000000000
I,6,339,1.0000000000000000
I,6,340,1.5000000000000000
I,6,341,1.5000000000000000
I,6,342,1.5000000000000000
I,6,343,1.5000000000000000
I,6,344,1.5000000000000000
I,6,345,1.5000000000000000
I,6,346,1.5000000000000000
I,6,347,1.5000000000000000
I,6,348,1.5000000000000000
I,6,349,1.5000000000000000
I,6,350,1.5000000000000000
I,6,351,1.5000000000000000
I,6,352,1.5000000000000000
I,6,353,1.5000000000000000
I,6,354,1.5000000000000000
I,6,355,1.5000000000000000
I,6,356,1.5000000000000000
I,6,357,1.5000000000000000
I,6,358,1.5000000000000000
I,6,359,1.5000000000000000
I,6,360,1.0000000000000000
I,6,361,1.0000000000000000
I,6,362,1.0000000000000000
I,6,363,1.0000000000000000
I,6,364,1.0000000000000000
I,6,365,1.0000000000000000
I,6,366,1.0000000000000000
I,6,367,1.0000000000000000
I,6,368,1.0000000000000000
I,6,369,1.0000000000000000
I,6,370,1.0000000000000000
I,6,371,1.0000000000000000
I,6,372,1.0000000000000000
I,6,373,1.0000000000000000
I,6,374,1.0000000000000000
I,6,375,1.0000000000000000
I,6,376,1.0000000000000000
I,6,377,1.0000000000000000
I,6,378,1.0000000000000000
I,6,379,1.0000000000000000
I,6,380,1.5000000000000000
I,6,381,1.5000000000000000
I,6,382,1.5000000000000000
I,6,383,1.5000000000000000
I,6,384,1.5000000000000000
I,6,385,1.5000000000000000
I,6,386,1.5000000000000000
I,6,387,1.5000000000000000
I,6,388,1.5000000000000000
I,6,389,1.5000000000000000
I,6,390,1.5000000000000000
I,6,391,1.5000000000000000
I,6,392,1.5000000000000000
I,6,393,1.5000000000000000
I,6,394,1.5000000000000000
I,6,395,1.5000000000000000
I,6,396,1.5000000000000000
I,6,397,1.5000000000000000
I,6,398,1.5000000000000000
I,6,399,1.5000000000000000
I,6,400,1.0000000000000000
I,6,401,1.0000000000000000
I,6,402,1.0000000000000000
I,6,403,1.0000000000000000
I,6,404,1.0000000000000000
I,6,405,1.0000000000000000
I,6,406,1.0000000000000000
I,6,407,1.0000000000000000
I,6,408,1.0000000000000000
I,6,409,1.0000000000000000
I,6,410,1.0000000000000000
I,6,411,1.0000000000000000
I,6,412,1.0000000000000000
I,6,413,1.0000000000000000
I,6,414,1.0000000000000000
I,6,415,1.0000000000000000
I,6,416,1.0000000000000000
I,6,417,1.0000000000000000
I,6,418,1.0000000000000000
I,6,419,1.5000000000000000
I,6,420,1.5000000000000000
I,6,421,1.5000000000000000
I,6,422,1.5000000000000000
I,6,423,1.5000000000000000
I,6,424,1.5000000000000000
I,6,425,1.5000000000000000
I,6,426,1.5000000000000000
I,6,427,1.5000000000000000
I,6,428,1.5000000000000000
I,6,429,1.5000000000000000
I,6,430,1.5000000000000000
I,6,431,1.5000000000000000
I,6,432,1.5000000000000000
I,6,433,1.5000000000000000
I,6,434,1.5000000000000000
I,6,435,1.5000000000000000
I,6,436,1.5000000000000000
I,6,437,1.5000000000000000
I,6,438,1.5000000000000000
I,6,439,1.5000000000000000
I,6,440,1.0000000000000000
I,6,441,1.0000000000000000
I,6,442,1.0000000000000000
I,6,443,1.0000000000000000
I,6,444,1.0000000000000000
I,6,445,1.0000000000000000
I,6,446,1.0000000000000000
I,6,447,1.0000000000000000
I,6,448,1.0000000000000000
I,6,449,1.0000000000000000
I,6,450,1.0000000000000000
I,6,451,1.0000000000000000
I,6,452,1.0000000000000000
I,6,453,1.0000000000000000
I,6,454,1.0000000000000000
I,6,455,1.0000000000000000
I,6,456,1.0000000000000000
I,6,457,1.0000000000000000
I,6,458,1.0000000000000000
I,6,459,1.5000000000000000
I,6,460,1.5000000000000000
I,6,461,1.5000000000000000
I,6,462,1.5000000000000000
I,6,463,1.5000000000000000
I,6,464,1.5000000000000000
I,6,465,1.5000000000000000
I,6,466,1.5000000000000000
I,6,467,1.5000000000000000
I,6,468,1.5000000000000000
I,6,469,1.5000000000000000
I,6,470,1.5000000000000000
I,6,471,1.5000000000000000
I,6,472,1.5000000000000000
I,6,473,1.5000000000000000
I,6,474,1.5000000000000000
I,6,475,1.5000000000000000
I,6,476,1.5000000000000000
I,6,477,1.5000000000000000
I,6,478,1.5000000000000000
I,6,479,1.5000000000000000
I,6,480,1.0000000000000000
I,6,481,1.0000000000000000
I,6,482,1.0000000000000000
I,6,483,1.0000000000000000
I,6,484,1.0000000000000000
I,6,485,1.0000000000000000
I,6,486,1.0000000000000000
I,6,487,1.0000000000000000
I,6,488,1.0000000000000000
I,6,489,1.0000000000000000
I,6,490,1.0000000000000000
I,6,491,1.0000000000000000
I,6,492,1.0000000000000000
I,6,493,1.0000000000000000
I,6,494,1.0000000000000000
I,6,495,1.0000000000000000
I,6,496,1.0000000000000000
I,6,497,1.0000000000000000
I,6,498,1.5000000000000000
I,6,499,1.5000000000000000
I,6,500,1.5000000000000000
I,6,501,1.5000000000000000
I,6,502,1.5000000000000000
I,6,503,1.5000000000000000
I,6,504,1.5000000000000000
I,6,505,1.5000000000000000
I,6,506,1.5000000000000000
I,6,507,1.5000000000000000
I,6,508,1.5000000000000000
I,6,509,1.5000000000000000
I,6,510,1.5000000000000000
I,6,511,1.5000000000000000
I,6,512,1.5000000000000000
I,6,513,1.5000000000000000
I,6,514,1.5000000000000000
I,6,515,1.5000000000000000
I,6,516,1.5000000000000000
I,6,517,1.5000000000000000
I,6,518,1.5000000000000000
I,6,519,1.5000000000000000
I,6,520,1.0000000000000000
I,6,521,1.0000000000000000
I,6,522,1.0000000000000000
I,6,523,1.0000000000000000
I,6,524,1.0000000000000000
I,6,525,1.0000000000000000
I,6,526,1.0000000000000000
I,6,527,1.0000000000000000
I,6,528,1.0000000000000000
I,6,529,1.0000000000000000
I,6,530,1.0000000000000000
I,6,531,1.0000000000000000
I,6,532,1.0000000000000000
I,6,533,1.0000000000000000
I,6,534,1.0000000000000000
I,6,535,1.0000000000000000
I,6,536,1.5000000000000000
I,6,537,1.5000000000000000
I,6,538,1.5000000000000000
I,6,539,1.5000000000000000
I,6,540,1.5000000000000000
I,6,541,1.5000000000000000
I,6,542,1.5000000000000000
I,6,543,1.5000000000000000
I,6,544,1.5000000000000000
I,6,545,1.5000000000000000
I,6,546,1.5000000000000000
I,6,547,1.5000000000000000
I,6,548,1.5000000000000000
I,6,549,1.5000000000000000
I,6,550,1.5000000000000000
I,6,551,1.5000000000000000
I,6,552,1.5000000000000000
I,6,553,1.5000000000000000
I,6,554,1.5000000000000000
I,6,555,1.5000000000000000
I,6,556,1.5000000000000000
I,6,557,1.5000000000000000
I,6,558,1.5000000000000000
I,6,559,1.5000000000000000
I,6,560,1.0000000000000000
I,6,561,1.0000000000000000
I,6,562,1.0000000000000000
I,6,563,1.0000000000000000
I,6,564,1.0000000000000000
I,6,565,1.0000000000000000
I,6,566,1.0000000000000000
I,6,567,1.0000000000000000
I,6,568,1.0000000000000000
I,6,569,1.0000000000000000
I,6,570,1.0000000000000000
I,6,571,1.0000000000000000
I,6,572,1.0000000000000000
I,6,573,1.0000000000000000
I,6,574,1.5000000000000000
I,6,575,1.5000000000000000
I,6,576,1.5000000000000000
I,6,577,1.5000000000000000
I,6,578,1.5000000000000000
I,6,579,1.5000000000000000
I,6,580,1.5000000000000000
I,6,581,1.5000000000000000
I,6,582,1.5000000000000000
I,6,583,1.5000000000000000
I,6,584,1.5000000000000000
I,6,585,1.5000000000000000
I,6,586,1.5000000000000000
I,6,587,1.5000000000000000
I,6,588,1.5000000000000000
I,6,589,1.5000000000000000
I,6,590,1.5000000000000000
I,6,591,1.5000000000000000
I,6,592,1.5000000000000000
I,6,593,1.5000000000000000
I,6,594,1.5000000000000000
I,6,595,1.5000000000000000
I,6,596,1.5000000000000000
I,6,597,1.5000000000000000
I,6,598,1.5000000000000000
I,6,599,1.5000000000000000
I,6,600,1.0000000000000000
I,6,601,1.0000000000000000
I,6,602,1.0000000000000000
I,6,603,1.0000000000000000
I,6,604,1.0000000000000000
I,6,605,1.0000000000000000
I,6,606,1.0000000000000000
I,6,607,1.0000000000000000
I,6,608,1.0000000000000000
I,6,609,1.0000000000000000
I,6,610,1.0000000000000000
I,6,611,1.0000000000000000
I,6,612,1.5000000000000000
I,6,613,1.5000000000000000
I,6,614,1.5000000000000000
I,6,615,1.5000000000000000
I,6,616,1.5000000000000000
I,6,617,1.5000000000000000
I,6,618,1.5000000000000000
I,6,619,1.5000000000000000
I,6,620,1.5000000000000000
I,6,621,1.5000000000000000
I,6,622,1.5000000000000000
I,6,623,1.5000000000000000
I,6,624,1.5000000000000000
I,6,625,1.5000000000000000
I,6,626,1.5000000000000000
I,6,627,1.5000000000000000
I,6,628,1.5000000000000000
I,6,629,1.5000000000000000
I,6,630,1.5000000000000000
I,6,631,1.5000000000000000
I,6,632,1.5000000000000000
I,6,633,1.5000000000000000
I,6,634,1.5000000000000000
I,6,635,1.5000000000000000
I,6,636,1.5000000000000000
I,6,637,1.5000000000000000
I,6,638,1.5000000000000000
I,6,639,1.5000000000000000
I,6,640,1.0000000000000000
I,6,641,1.0000000000000000
I,6,642,1.0000000000000000
I,6,643,1.0000000000000000
I,6,644,1.0000000000000000
I,6,645,1.0000000000000000
I,6,646,1.0000000000000000
I,6,647,1.0000000000000000
I,6,648,1.0000000000000000
I,6,649,1.5000000000000000
I,6,650,1.5000000000000000
I,6,651,1.5000000000000000
I,6,652,1.5000000000000000
I,6,653,1.5000000000000000
I,6,654,1.5000000000000000
I,6,655,1.5000000000000000
I,6,656,1.5000000000000000
I,6,657,1.5000000000000000
I,6,658,1.5000000000000000
I,6,659,1.5000000000000000
I,6,660,1.5000000000000000
I,6,661,1.5000000000000000
I,6,662,1.5000000000000000
I,6,663,1.5000000000000000
I,6,664,1.5000000000000000
I,6,665,1.5000000000000000
I,6,666,1.5000000000000000
I,6,667,1.5000000000000000
I,6,668,1.5000000000000000
I,6,669,1.5000000000000000
I,6,670,1.5000000000000000
I,6,671,1.5000000000000000
I,6,672,1.5000000000000000
I,6,673,1.5000000000000000
I,6,674,1.5000000000000000
I,6,675,1.5000000000000000
I,6,676,1.5000000000000000
I,6,677,1.5000000000000000
I,6,678,1.5000000000000000
I,6,679,1.5000000000000000
I,6,680,1.0000000000000000
I,6,681,1.0000000000000000
I,6,682,1.0000000000000000
I,6,683,1.0000000000000000
I,6,684,1.0000000000000000
I,6,685,1.0000000000000000
I,6,686,1.5000000000000000
I,6,687,1.5000000000000000
I,6,688,1.5000000000000000
I,6,689,1.5000000000000000
I,6,690,1.5000000000000000
I,6,691,1.5000000000000000
I,6,692,1.5000000000000000
I,6,693,1.5000000000000000
I,6,694,1.5000000000000000
I,6,695,1.5000000000000000
I,6,696,1.5000000000000000
I,6,697,1.5000000000000000
I,6,698,1.5000000000000000
I,6,699,1.5000000000000000
I,6,700,1.5000000000000000
I,6,701,1.5000000000000000
I,6,702,1.5000000000000000
I,6,703,1.5000000000000000
I,6,704,1.5000000000000000
I,6,705,1.5000000000000000
I,6,706,1.5000000000000000
I,6,707,1.5000000000000000
I,6,708,1.5000000000000000
I,6,709,1.5000000000000000
I,6,710,1.5000000000000000
I,6,711,1.5000000000000000
I,6,712,1.5000000000000000
I,6,713,1.5000000000000000
I,6,714,1.5000000000000000
I,6,715,1.5000000000000000
I,6,716,1.5000000000000000
I,6,717,1.5000000000000000
I,6,718,1.5000000000000000
I,6,719,1.5000000000000000
I,6,720,1.0000000000000000
I,6,721,1.0000000000000000
I,6,722,1.5000000000000000
I,6,723,1.5000000000000000
I,6,724,1.5000000000000000
I,6,725,1.5000000000000000
I,6,726,1.5000000000000000
I,6,727,1.5000000000000000
I,6,728,1.5000000000000000
I,6,729,1.5000000000000000
I,6,730,1.5000000000000000
I,6,731,1.5000000000000000
I,6,732,1.5000000000000000
I,6,733,1.5000000000000000
I,6,734,1.5000000000000000
I,6,735,1.5000000000000000
I,6,736,1.5000000000000000
I,6,737,1.5000000000000000
I,6,738,1.5000000000000000
I,6,739,1.5000000000000000
I,6,740,1.5000000000000000
I,6,741,1.5000000000000000
I,6,742,1.5000000000000000
I,6,743,1.5000000000000000
I,6,744,1.5000000000000000
I,6,745,1.5000000000000000
I,6,746,1.5000000000000000
I,6,747,1.5000000000000000
I,6,748,1.5000000000000000
I,6,749,1.5000000000000000
I,6,750,1.5000000000000000
I,6,751,1.5000000000000000
I,6,752,1.5000000000000000
I,6,753,1.5000000000000000
I,6,754,1.5000000000000000
I,6,755,1.5000000000000000
I,6,756,1.5000000000000000
I,6,757,1.5000000000000000
I,6,758,1.5000000000000000
I,6,759,1.5000000000000000
I,6,760,1.5000000000000000
I,6,761,1.5000000000000000
I,6,762,1.5000000000000000
I,6,763,1.5000000000000000
I,6,764,1.5000000000000000
I,6,765,1.5000000000000000
I,6,766,1.5000000000000000
I,6,767,1.5000000000000000
I,6,768,1.5000000000000000
I,6,769,1.5000000000000000
I,6,770,1.5000000000000000
I,6,771,1.5000000000000000
I,6,772,1.5000000000000000
I,6,773,1.5000000000000000
I,6,774,1.5000000000000000
I,6,775,1.5000000000000000
I,6,776,1.5000000000000000
I,6,777,1.5000000000000000
I,6,778,1.5000000000000000
I,6,779,1.5000000000000000
I,6,780,1.5000000000000000
I,6,781,1.5000000000000000
I,6,782,1.5000000000000000
I,6,783,1.5000000000000000
I,6,784,1.5000000000000000
I,6,785,1.5000000000000000
I,6,786,1.5000000000000000
I,6,787,1.5000000000000000
I,6,788,1.5000000000000000
I,6,789,1.5000000000000000
I,6,790,1.5000000000000000
I,6,791,1.5000000000000000
I,6,792,1.5000000000000000
I,6,793,1.5000000000000000
I,6,794,1.5000000000000000
I,6,795,1.5000000000000000
I,6,796,1.5000000000000000
I,6,797,1.5000000000000000
I,6,798,1.5000000000000000
I,6,799,1.5000000000000000
I,6,800,1.5000000000000000
I,6,801,1.5000000000000000
I,6,802,1.5000000000000000
I,6,803,1.5000000000000000
I,6,804,1.5000000000000000
I,6,805,1.5000000000000000
I,6,806,1.5000000000000000
I,6,807,1.5000000000000000
I,6,808,1.5000000000000000
I,6,809,1.5000000000000000
I,6,810,1.5000000000000000
I,6,811,1.5000000000000000
I,6,812,1.5000000000000000
I,6,813,1.5000000000000000
I,6,814,1.5000000000000000
I,6,815,1.5000000000000000
I,6,816,1.5000000000000000
I,6,817,1.5000000000000000
I,6,818,1.5000000000000000
I,6,819,1.5000000000000000
I,6,820,1.5000000000000000
I,6,821,1.5000000000000000
I,6,822,1.5000000000000000
I,6,823,1.5000000000000000
I,6,824,1.5000000000000000
I,6,825,1.5000000000000000
I,6,826,1.5000000000000000
I,6,827,1.5000000000000000
I,6,828,1.5000000000000000
I,6,829,1.5000000000000000
I,6,830,1.5000000000000000
I,6,831,1.5000000000000000
I,6,832,1.5000000000000000
I,6,833,1.5000000000000000
I,6,834,1.5000000000000000
I,6,835,1.5000000000000000
I,6,836,1.5000000000000000
I,6,837,1.5000000000000000
I,6,838,1.5000000000000000
I,6,839,1.5000000000000000
I,6,840,1.5000000000000000
I,6,841,1.5000000000000000
I,6,842,1.5000000000000000
I,6,843,1.5000000000000000
I,6,844,1.5000000000000000
I,6,845,1.5000000000000000
I,6,846,1.5000000000000000
I,6,847,1.5000000000000000
I,6,848,1.5000000000000000
I,6,849,1.5000000000000000
I,6,850,1.5000000000000000
I,6,851,1.5000000000000000
I,6,852,1.5000000000000000
I,6,853,1.5000000000000000
I,6,854,1.5000000000000000
I,6,855,1.5000000000000000
I,6,856,1.5000000000000000
I,6,857,1.5000000000000000
I,6,858,1.5000000000000000
I,6,859,1.5000000000000000
I,6,860,1.5000000000000000
I,6,861,1.5000000000000000
I,6,862,1.5000000000000000
I,6,863,1.5000000000000000
I,6,864,1.5000000000000000
I,6,865,1.5000000000000000
I,6,866,1.5000000000000000
I,6,867,1.5000000000000000
I,6,868,1.5000000000000000
I,6,869,1.5000000000000000
I,6,870,1.5000000000000000
I,6,871,1.5000000000000000
I,6,872,1.5000000000000000
I,6,873,1.5000000000000000
I,6,874,1.5000000000000000
I,6,875,1.5000000000000000
I,6,876,1.5000000000000000
I,6,877,1.5000000000000000
I,6,878,1.5000000000000000
I,6,879,1.5000000000000000
I,6,880,1.5000000000000000
I,6,881,1.5000000000000000
I,6,882,1.5000000000000000
I,6,883,1.5000000000000000
I,6,884,1.5000000000000000
I,6,885,1.5000000000000000
I,6,886,1.5000000000000000
I,6,887,1.5000000000000000
I,6,888,1.5000000000000000
I,6,889,1.5000000000000000
I,6,890,1.5000000000000000
I,6,891,1.5000000000000000
I,6,892,1.5000000000000000
I,6,893,1.5000000000000000
I,6,894,1.5000000000000000
I,6,895,1.5000000000000000
I,6,896,1.5000000000000000
I,6,897,1.5000000000000000
I,6,898,1.5000000000000000
I,6,899,1.5000000000000000
I,6,900,1.5000000000000000
I,6,901,1.5000000000000000
I,6,902,1.5000000000000000
I,6,903,1.5000000000000000
I,6,904,1.5000000000000000
I,6,905,0.0000000000000000
I,6,906,0.0000000000000000
I,6,907,0.0000000000000000
I,6,908,0.0000000000000000
I,6,909,0.0000000000000000
I,6,910,0.0000000000000000
I,6,911,1.5000000000000000
I,6,912,1.5000000000000000
I,6,913,1.5000000000000000
I,6,914,1.5000000000000000
I,6,915,1.5000000000000000
I,6,916,1.5000000000000000
I,6,917,1.5000000000000000
I,6,918,1.5000000000000000
I,6,919,1.5000000000000000
I,6,920,1.5000000000000000
I,6,921,1.5000000000000000
I,6,922,1.5000000000000000
I,6,923,1.5000000000000000
I,6,924,1.5000000000000000
I,6,925,1.5000000000000000
I,6,926,1.5000000000000000
I,6,927,1.5000000000000000
I,6,928,1.5000000000000000
I,6,929,1.5000000000000000
I,6,930,1.5000000000000000
I,6,931,1.5000000000000000
I,6,932,1.5000000000000000
I,6,933,1.5000000000000000
I,6,934,1.5000000000000000
I,6,935,1.5000000000000000
I,6,936,1.5000000000000000
I,6,937,1.5000000000000000
I,6,938,1.5000000000000000
I,6,939,1.5000000000000000
I,6,940,1.5000000000000000
I,6,941,1.5000000000000000
I,6,942,1.5000000000000000
I,6,943,1.5000000000000000
I,6,944,1.5000000000000000
I,6,945,1.5000000000000000
I,6,946,1.5000000000000000
I,6,947,1.5000000000000000
I,6,948,1.5000000000000000
I,6,949,1.5000000000000000
I,6,950,1.5000000000000000
I,6,951,1.5000000000000000
I,6,952,1.5000000000000000
I,6,953,1.5000000000000000
I,6,954,1.5000000000000000
I,6,955,1.5000000000000000
I,6,956,1.5000000000000000
I,6,957,1.5000000000000000
I,6,958,1.5000000000000000
I,6,959,1.5000000000000000
I,6,960,1.5000000000000000
I,6,961,1.5000000000000000
I,6,962,1.5000000000000000
I,6,963,1.5000000000000000
I,6,964,1.5000000000000000
I,6,965,1.5000000000000000
I,6,966,1.5000000000000000
I,6,967,1.5000000000000000
I,6,968,1.5000000000000000
I,6,969,1.5000000000000000
I,6,970,1.5000000000000000
I,6,971,1.5000000000000000
I,6,972,1.5000000000000000
I,6,973,1.5000000000000000
I,6,974,1.5000000000000000
I,6,975,1.5000000000000000
I,6,976,1.5000000000000000
I,6,977,1.5000000000000000
I,6,978,1.5000000000000000
I,6,979,1.5000000000000000
I,6,980,1.5000000000000000
I,6,981,1.5000000000000000
I,6,982,1.5000000000000000
I,6,983,1.5000000000000000
I,6,984,1.5000000000000000
I,6,985,1.5000000000000000
I,6,986,1.5000000000000000
I,6,987,1.5000000000000000
I,6,988,1.5000000000000000
I,6,989,1.5000000000000000
I,6,990,1.5000000000000000
I,6,991,1.5000000000000000
I,6,992,1.5000000000000000
I,6,993,1.5000000000000000
I,6,994,1.5000000000000000
I,6,995,1.5000000000000000
I,6,996,1.5000000000000000
I,6,997,1.5000000000000000
I,6,998,1.5000000000000000
I,6,999,1.5000000000000000
R,6,0,120.96628734527113,7.5145624374207300,-1.2000000000000002
R,6,1,150.85788455825912,8.0870504242679400,-0.80000000000000000
R,6,2,180.45616265067437,8.9615510871769320,-0.40000000000000000
R,6,3,209.66666666666666,10.000000000000000,0.0000000000000000
R,6,4,238.45616265067437,11.038448912823068,0.40000000000000000
R,6,5,266.85788455825910,11.912949575732060,0.80000000000000000
R,6,6,294.96628734527116,12.485437562579271,1.2000000000000002
R,6,7,323.96628734527116,7.5145624374207300,-1.2000000000000002
R,6,8,353.85788455825910,8.0870504242679400,-0.80000000000000000
R,6,9,383.45616265067434,8.9615510871769320,-0.40000000000000000
R,6,10,124.00000000000000,35.000000000000000,0.0000000000000000
R,6,11,152.68424397601154,36.557673369234600,0.40000000000000000
R,6,12,179.85788455825912,36.912949575732064,0.80000000000000000
R,6,13,207.96628734527113,37.485437562579270,1.2000000000000002
R,6,14,236.96628734527113,32.514562437420730,-1.2000000000000002
R,6,15,266.85788455825910,33.087050424267936,-0.80000000000000000
R,6,16,296.45616265067434,33.961551087176930,-0.40000000000000000
R,6,17,325.66666666666670,35.000000000000000,0.0000000000000000
R,6,18,354.45616265067434,36.038448912823070,0.40000000000000000
R,6,19,382.85788455825910,36.912949575732064,0.80000000000000000
R,6,20,121.44943101790669,63.728156343868900,1.2000000000000002
R,6,21,150.44943101790670,56.271843656131100,-1.2000000000000002
R,6,22,180.78682683738867,57.130575636401910,-0.80000000000000000
R,6,23,210.68424397601154,58.442326630765400,-0.40000000000000000
R,6,24,238.66666666666666,60.000000000000000,0.0000000000000000
R,6,25,267.45616265067434,61.038448912823070,0.40000000000000000
R,6,26,295.85788455825910,61.912949575732064,0.80000000000000000
R,6,27,323.96628734527116,62.485437562579270,1.2000000000000002
R,6,28,352.96628734527116,57.514562437420730,-1.2000000000000002
R,6,29,382.85788455825910,58.087050424267936,-0.80000000000000000
R,6,30,123.68424397601154,83.442326630765400,-0.40000000000000000
R,6,31,153.00000000000000,85.000000000000000,0.0000000000000000
R,6,32,181.68424397601154,86.557673369234600,0.40000000000000000
R,6,33,209.78682683738867,87.869424363598090,0.80000000000000000
R,6,34,237.44943101790670,88.728156343868900,1.2000000000000002
R,6,35,265.96628734527116,82.514562437420740,-1.2000000000000002
R,6,36,295.85788455825910,83.087050424267940,-0.80000000000000000
R,6,37,325.45616265067434,83.961551087176930,-0.40000000000000000
R,6,38,354.66666666666670,85.000000000000000,0.0000000000000000
R,6,39,383.45616265067434,86.038448912823070,0.40000000000000000
R,6,40,122.78682683738866,112.86942436359809,0.80000000000000000
R,6,41,150.44943101790670,113.72815634386890,1.2000000000000002
R,6,42,179.44943101790670,106.27184365613110,-1.2000000000000002
R,6,43,209.78682683738867,107.13057563640191,-0.80000000000000000
R,6,44,239.68424397601154,108.44232663076540,-0.40000000000000000
R,6,45,269.00000000000000,110.00000000000000,0.0000000000000000
R,6,46,296.45616265067434,111.03844891282307,0.40000000000000000
R,6,47,324.85788455825910,111.91294957573206,0.80000000000000000
R,6,48,352.96628734527116,112.48543756257926,1.2000000000000002
R,6,49,381.96628734527116,107.51456243742074,-1.2000000000000002
R,6,50,122.78682683738866,132.13057563640191,-0.80000000000000000
R,6,51,152.68424397601154,133.44232663076540,-0.40000000000000000
R,6,52,182.00000000000000,135.00000000000000,0.0000000000000000
R,6,53,210.68424397601154,136.55767336923460,0.40000000000000000
R,6,54,238.78682683738867,137.86942436359809,0.80000000000000000
R,6,55,266.44943101790670,138.72815634386890,1.2000000000000002
R,6,56,295.44943101790670,131.27184365613110,-1.2000000000000002
R,6,57,324.85788455825910,133.08705042426794,-0.80000000000000000
R,6,58,354.45616265067434,133.96155108717693,-0.40000000000000000
R,6,59,383.66666666666670,135.00000000000000,0.0000000000000000
R,6,60,123.68424397601154,161.55767336923460,0.40000000000000000
R,6,61,151.78682683738867,162.86942436359809,0.80000000000000000
R,6,62,179.44943101790670,163.72815634386890,1.2000000000000002
R,6,63,208.44943101790670,156.27184365613110,-1.2000000000000002
R,6,64,238.78682683738867,157.13057563640191,-0.80000000000000000
R,6,65,268.68424397601154,158.44232663076540,-0.40000000000000000
R,6,66,298.00000000000000,160.00000000000000,0.0000000000000000
R,6,67,325.45616265067434,161.03844891282307,0.40000000000000000
R,6,68,353.85788455825910,161.91294957573206,0.80000000000000000
R,6,69,381.96628734527116,162.48543756257928,1.2000000000000002
R,6,70,121.44943101790669,181.27184365613110,-1.2000000000000002
R,6,71,151.78682683738867,182.13057563640191,-0.80000000000000000
R,6,72,181.68424397601154,183.44232663076540,-0.40000000000000000
R,6,73,211.00000000000000,185.00000000000000,0.0000000000000000
R,6,74,239.68424397601154,186.55767336923460,0.40000000000000000
R,6,75,267.78682683738870,187.86942436359809,0.80000000000000000
R,6,76,294.96628734527116,187.48543756257928,1.2000000000000002
R,6,77,323.96628734527116,182.51456243742072,-1.2000000000000002
R,6,78,353.85788455825910,183.08705042426794,-0.80000000000000000
R,6,79,383.45616265067434,183.96155108717693,-0.40000000000000000
R,6,80,124.00000000000000,210.00000000000000,0.0000000000000000
R,6,81,152.68424397601154,211.55767336923460,0.40000000000000000
R,6,82,180.78682683738867,212.86942436359809,0.80000000000000000
R,6,83,208.44943101790670,213.72815634386890,1.2000000000000002
R,6,84,237.44943101790670,206.27184365613110,-1.2000000000000002
R,6,85,266.85788455825910,208.08705042426794,-0.80000000000000000
R,6,86,296.45616265067434,208.96155108717693,-0.40000000000000000
R,6,87,325.66666666666670,210.00000000000000,0.0000000000000000
R,6,88,354.45616265067434,211.03844891282307,0.40000000000000000
R,6,89,382.85788455825910,211.91294957573206,0.80000000000000000
R,6,90,121.44943101790669,238.72815634386890,1.2000000000000002
R,6,91,150.44943101790670,231.27184365613110,-1.2000000000000002
R,6,92,180.78682683738867,232.13057563640191,-0.80000000000000000
R,6,93,210.68424397601154,233.44232663076540,-0.40000000000000000
R,6,94,238.66666666666666,235.00000000000000,0.0000000000000000
R,6,95,267.45616265067434,236.03844891282307,0.40000000000000000
R,6,96,295.85788455825910,236.91294957573206,0.80000000000000000
R,6,97,323.96628734527116,237.48543756257928,1.2000000000000002
R,6,98,352.96628734527116,232.51456243742072,-1.2000000000000002
R,6,99,382.85788455825910,233.08705042426794,-0.80000000000000000
I,7,0,1.0000000000000000
I,7,1,1.0000000000000000
I,7,2,1.0000000000000000
I,7,3,1.0000000000000000
I,7,4,1.0000000000000000
I,7,5,1.0000000000000000
I,7,6,1.0000000000000000
I,7,7,1.0000000000000000
I,7,8,1.0000000000000000
I,7,9,1.0000000000000000
I,7,10,1.5000000000000000
I,7,11,1.5000000000000000
I,7,12,1.5000000000000000
I,7,13,1.5000000000000000
I,7,14,1.5000000000000000
I,7,15,1.5000000000000000
I,7,16,1.5000000000000000
I,7,17,1.0000000000000000
I,7,18,1.0000000000000000
I,7,19,1.0000000000000000
I,7,20,1.0000000000000000
I,7,21,1.0000000000000000
I,7,22,1.0000000000000000
I,7,23,1.0000000000000000
I,7,24,1.0000000000000000
I,7,25,1.0000000000000000
I,7,26,1.0000000000000000
I,7,27,1.0000000000000000
I,7,28,1.0000000000000000
I,7,29,1.0000000000000000
I,7,30,1.0000000000000000
I,7,31,1.0000000000000000
I,7,32,1.0000000000000000
I,7,33,1.0000000000000000
I,7,34,1.0000000000000000
I,7,35,1.0000000000000000
I,7,36,1.0000000000000000
I,7,37,1.0000000000000000
I,7,38,1.0000000000000000
I,7,39,1.0000000000000000
I,7,40,1.0000000000000000
I,7,41,1.0000000000000000
I,7,42,1.0000000000000000
I,7,43,1.0000000000000000
I,7,44,1.0000000000000000
I,7,45,1.0000000000000000
I,7,46,1.0000000000000000
I,7,47,1.0000000000000000
I,7,48,1.0000000000000000
I,7,49,1.5000000000000000
I,7,50,1.5000000000000000
I,7,51,1.5000000000000000
I,7,52,1.5000000000000000
I,7,53,1.5000000000000000
I,7,54,1.5000000000000000
I,7,55,1.5000000000000000
I,7,56,1.5000000000000000
I,7,57,1.5000000000000000
I,7,58,1.0000000000000000
I,7,59,1.0000000000000000
I,7,60,1.0000000000000000
I,7,61,1.0000000000000000
I,7,62,1.0000000000000000
I,7,63,1.0000000000000000
I,7,64,1.0000000000000000
I,7,65,1.0000000000000000
I,7,66,1.0000000000000000
I,7,67,1.0000000000000000
I,7,68,1.0000000000000000
I,7,69,1.0000000000000000
I,7,70,1.0000000000000000
I,7,71,1.0000000000000000
I,7,72,1.0000000000000000
I,7,73,1.0000000000000000
I,7,74,1.0000000000000000
I,7,75,1.0000000000000000
I,7,76,1.0000000000000000
I,7,77,1.0000000000000000
I,7,78,1.0000000000000000
I,7,79,1.0000000000000000
I,7,80,1.0000000000000000
I,7,81,1.0000000000000000
I,7,82,1.0000000000000000
I,7,83,1.0000000000000000
I,7,84,1.0000000000000000
I,7,85,1.0000000000000000
I,7,86,1.0000000000000000
I,7,87,1.0000000000000000
I,7,88,1.0000000000000000
I,7,89,1.5000000000000000
I,7,90,1.5000000000000000
I,7,91,1.5000000000000000
I,7,92,1.5000000000000000
I,7,93,1.5000000000000000
I,7,94,1.5000000000000000
I,7,95,1.5000000000000000
I,7,96,1.5000000000000000
I,7,97,1.5000000000000000
I,7,98,1.0000000000000000
I,7,99,1.0000000000000000
I,7,100,1.0000000000000000
I,7,101,1.0000000000000000
I,7,102,1.0000000000000000
I,7,103,1.0000000000000000
I,7,104,1.0000000000000000
I,7,105,1.0000000000000000
I,7,106,1.0000000000000000
I,7,107,1.0000000000000000
I,7,108,1.0000000000000000
I,7,109,1.0000000000000000
I,7,110,1.0000000000000000
I,7,111,1.0000000000000000
I,7,112,1.0000000000000000
I,7,113,1.0000000000000000
I,7,114,1.0000000000000000
I,7,115,1.0000000000000000
I,7,116,1.0000000000000000
I,7,117,1.0000000000000000
I,7,118,1.0000000000000000
I,7,119,1.0000000000000000
I,7,120,1.0000000000000000
I,7,121,1.0000000000000000
I,7,122,1.0000000000000000
I,7,123,1.0000000000000000
I,7,124,1.0000000000000000
I,7,125,1.0000000000000000
I,7,126,1.0000000000000000
I,7,127,1.0000000000000000
I,7,128,1.5000000000000000
I,7,129,1.5000000000000000
I,7,130,1.5000000000000000
I,7,131,1.5000000000000000
I,7,132,1.5000000000000000
I,7,133,1.5000000000000000
I,7,134,1.5000000000000000
I,7,135,1.5000000000000000
I,7,136,1.5000000000000000
I,7,137,1.5000000000000000
I,7,138,1.5000000000000000
I,7,139,1.0000000000000000
I,7,140,1.0000000000000000
I,7,141,1.0000000000000000
I,7,142,1.0000000000000000
I,7,143,1.0000000000000000
I,7,144,1.0000000000000000
I,7,145,1.0000000000000000
I,7,146,1.0000000000000000
I,7,147,1.0000000000000000
I,7,148,1.0000000000000000
I,7,149,1.0000000000000000
I,7,150,1.0000000000000000
I,7,151,1.0000000000000000
I,7,152,1.0000000000000000
I,7,153,1.0000000000000000
I,7,154,1.0000000000000000
I,7,155,1.0000000000000000
I,7,156,1.0000000000000000
I,7,157,1.0000000000000000
I,7,158,1.0000000000000000
I,7,159,1.0000000000000000
I,7,160,1.0000000000000000
I,7,161,1.0000000000000000
I,7,162,1.0000000000000000
I,7,163,1.0000000000000000
I,7,164,1.0000000000000000
I,7,165,1.0000000000000000
I,7,166,1.0000000000000000
I,7,167,1.0000000000000000
I,7,168,1.5000000000000000
I,7,169,1.5000000000000000
I,7,170,1.5000000000000000
I,7,171,1.5000000000000000
I,7,172,1.5000000000000000
I,7,173,1.5000000000000000
I,7,174,1.5000000000000000
I,7,175,1.5000000000000000
I,7,176,1.5000000000000000
I,7,177,1.5000000000000000
I,7,178,1.5000000000000000
I,7,179,1.0000000000000000
I,7,180,1.0000000000000000
I,7,181,1.0000000000000000
I,7,182,1.0000000000000000
I,7,183,1.0000000000000000
I,7,184,1.0000000000000000
I,7,185,1.0000000000000000
I,7,186,1.0000000000000000
I,7,187,1.0000000000000000
I,7,188,1.0000000000000000
I,7,189,1.0000000000000000
I,7,190,1.0000000000000000
I,7,191,1.0000000000000000
I,7,192,1.0000000000000000
I,7,193,1.0000000000000000
I,7,194,1.0000000000000000
I,7,195,1.0000000000000000
I,7,196,1.0000000000000000
I,7,197,1.0000000000000000
I,7,198,1.0000000000000000
I,7,199,1.0000000000000000
I,7,200,1.0000000000000000
I,7,201,1.0000000000000000
I,7,202,1.0000000000000000
I,7,203,1.0000000000000000
I,7,204,1.0000000000000000
I,7,205,1.0000000000000000
I,7,206,1.0000000000000000
I,7,207,1.5000000000000000
I,7,208,1.5000000000000000
I,7,209,1.5000000000000000
I,7,210,1.5000000000000000
I,7,211,1.5000000000000000
I,7,212,1.5000000000000000
I,7,213,1.5000000000000000
I,7,214,1.5000000000000000
I,7,215,1.5000000000000000
I,7,216,1.5000000000000000
I,7,217,1.5000000000000000
I,7,218,1.5000000000000000
I,7,219,1.0000000000000000
I,7,220,1.0000000000000000
I,7,221,1.0000000000000000
I,7,222,1.0000000000000000
I,7,223,1.0000000000000000
I,7,224,1.0000000000000000
I,7,225,1.0000000000000000
I,7,226,1.0000000000000000
I,7,227,1.0000000000000000
I,7,228,1.0000000000000000
I,7,229,1.0000000000000000
I,7,230,1.0000000000000000
I,7,231,1.0000000000000000
I,7,232,1.0000000000000000
I,7,233,1.0000000000000000
I,7,234,1.0000000000000000
I,7,235,1.0000000000000000
I,7,236,1.0000000000000000
I,7,237,1.0000000000000000
I,7,238,1.0000000000000000
I,7,239,1.0000000000000000
I,7,240,1.0000000000000000
I,7,241,1.0000000000000000
I,7,242,1.0000000000000000
I,7,243,1.0000000000000000
I,7,244,1.0000000000000000
I,7,245,1.0000000000000000
I,7,246,1.0000000000000000
I,7,247,1.5000000000000000
I,7,248,1.5000000000000000
I,7,249,1.5000000000000000
I,7,250,1.5000000000000000
I,7,251,1.5000000000000000
I,7,252,1.5000000000000000
I,7,253,1.5000000000000000
I,7,254,1.5000000000000000
I,7,255,1.5000000000000000
I,7,256,1.5000000000000000
I,7,257,1.5000000000000000
I,7,258,1.5000000000000000
I,7,259,1.5000000000000000
I,7,260,1.0000000000000000
I,7,261,1.0000000000000000
I,7,262,1.0000000000000000
I,7,263,1.0000000000000000
I,7,264,1.0000000000000000
I,7,265,1.0000000000000000
I,7,266,1.0000000000000000
I,7,267,1.0000000000000000
I,7,268,1.0000000000000000
I,7,269,1.0000000000000000
I,7,270,1.0000000000000000
I,7,271,1.0000000000000000
I,7,272,1.0000000000000000
I,7,273,1.0000000000000000
I,7,274,1.0000000000000000
I,7,275,1.0000000000000000
I,7,276,1.0000000000000000
I,7,277,1.0000000000000000
I,7,278,1.0000000000000000
I,7,279,1.0000000000000000
I,7,280,1.0000000000000000
I,7,281,1.0000000000000000
I,7,282,1.0000000000000000
I,7,283,1.0000000000000000
I,7,284,1.0000000000000000
I,7,285,1.0000000000000000
I,7,286,1.0000000000000000
I,7,287,1.5000000000000000
I,7,288,1.5000000000000000
I,7,289,1.5000000000000000
I,7,290,1.5000000000000000
I,7,291,1.5000000000000000
I,7,292,1.5000000000000000
I,7,293,1.5000000000000000
I,7,294,1.5000000000000000
I,7,295,1.5000000000000000
I,7,296,1.5000000000000000
I,7,297,1.5000000000000000
I,7,298,1.5000000000000000
I,7,299,1.5000000000000000
I,7,300,1.0000000000000000
I,7,301,1.0000000000000000
I,7,302,1.0000000000000000
I,7,303,1.0000000000000000
I,7,304,1.0000000000000000
I,7,305,1.0000000000000000
I,7,306,1.0000000000000000
I,7,307,1.0000000000000000
I,7,308,1.0000000000000000
I,7,309,1.0000000000000000
I,7,310,1.0000000000000000
I,7,311,1.0000000000000000
I,7,312,1.0000000000000000
I,7,313,1.0000000000000000
I,7,314,1.0000000000000000
I,7,315,1.0000000000000000
I,7,316,1.0000000000000000
I,7,317,1.0000000000000000
I,7,318,1.0000000000000000
I,7,319,1.0000000000000000
I,7,320,1.0000000000000000
I,7,321,1.0000000000000000
I,7,322,1.0000000000000000
I,7,323,1.0000000000000000
I,7,324,1.0000000000000000
I,7,325,1.0000000000000000
I,7,326,1.0000000000000000
I,7,327,1.5000000000000000
I,7,328,1.5000000000000000
I,7,329,1.5000000000000000
I,7,330,1.5000000000000000
I,7,331,1.5000000000000000
I,7,332,1.5000000000000000
I,7,333,1.5000000000000000
I,7,334,1.5000000000000000
I,7,335,1.5000000000000000
I,7,336,1.5000000000000000
I,7,337,1.5000000000000000
I,7,338,1.5000000000000000
I,7,339,1.5000000000000000
I,7,340,1.0000000000000000
I,7,341,1.0000000000000000
I,7,342,1.0000000000000000
I,7,343,1.0000000000000000
I,7,344,1.0000000000000000
I,7,345,1.0000000000000000
I,7,346,1.0000000000000000
I,7,347,1.0000000000000000
I,7,348,1.0000000000000000
I,7,349,1.0000000000000000
I,7,350,1.0000000000000000
I,7,351,1.0000000000000000
I,7,352,1.0000000000000000
I,7,353,1.0000000000000000
I,7,354,1.0000000000000000
I,7,355,1.0000000000000000
I,7,356,1.0000000000000000
I,7,357,1.0000000000000000
I,7,358,1.0000000000000000
I,7,359,1.0000000000000000
I,7,360,1.0000000000000000
I,7,361,1.0000000000000000
I,7,362,1.0000000000000000
I,7,363,1.0000000000000000
I,7,364,1.0000000000000000
I,7,365,1.0000000000000000
I,7,366,1.0000000000000000
I,7,367,1.5000000000000000
I,7,368,1.5000000000000000
I,7,369,1.5000000000000000
I,7,370,1.5000000000000000
I,7,371,1.5000000000000000
I,7,372,1.5000000000000000
I,7,373,1.5000000000000000
I,7,374,1.5000000000000000
I,7,375,1.5000000000000000
I,7,376,1.5000000000000000
I,7,377,1.5000000000000000
I,7,378,1.5000000000000000
I,7,379,1.5000000000000000
I,7,380,1.0000000000000000
I,7,381,1.0000000000000000
I,7,382,1.0000000000000000
I,7,383,1.0000000000000000
I,7,384,1.0000000000000000
I,7,385,1.0000000000000000
I,7,386,1.0000000000000000
I,7,387,1.0000000000000000
I,7,388,1.0000000000000000
I,7,389,1.0000000000000000
I,7,390,1.0000000000000000
I,7,391,1.0000000000000000
I,7,392,1.0000000000000000
I,7,393,1.0000000000000000
I,7,394,1.0000000000000000
I,7,395,1.0000000000000000
I,7,396,1.0000000000000000
I,7,397,1.0000000000000000
I,7,398,1.0000000000000000
I,7,399,1.0000000000000000
I,7,400,1.0000000000000000
I,7,401,1.0000000000000000
I,7,402,1.0000000000000000
I,7,403,1.0000000000000000
I,7,404,1.0000000000000000
I,7,405,1.0000000000000000
I,7,406,1.0000000000000000
I,7,407,1.5000000000000000
I,7,408,1.5000000000000000
I,7,409,1.5000000000000000
I,7,410,1.5000000000000000
I,7,411,1.5000000000000000
I,7,412,1.5000000000000000
I,7,413,1.5000000000000000
I,7,414,1.5000000000000000
I,7,415,1.5000000000000000
I,7,416,1.5000000000000000
I,7,417,1.5000000000000000
I,7,418,1.5000000000000000
I,7,419,1.5000000000000000
I,7,420,1.0000000000000000
I,7,421,1.0000000000000000
I,7,422,1.0000000000000000
I,7,423,1.0000000000000000
I,7,424,1.0000000000000000
I,7,425,1.0000000000000000
I,7,426,1.0000000000000000
I,7,427,1.0000000000000000
I,7,428,1.0000000000000000
I,7,429,1.0000000000000000
I,7,430,1.0000000000000000
I,7,431,1.0000000000000000
I,7,432,1.0000000000000000
I,7,433,1.0000000000000000
I,7,434,1.0000000000000000
I,7,435,1.0000000000000000
I,7,436,1.0000000000000000
I,7,437,1.0000000000000000
I,7,438,1.0000000000000000
I,7,439,1.0000000000000000
I,7,440,1.0000000000000000
I,7,441,1.0000000000000000
I,7,442,1.0000000000000000
I,7,443,1.0000000000000000
I,7,444,1.0000000000000000
I,7,445,1.0000000000000000
I,7,446,1.0000000000000000
I,7,447,1.5000000000000000
I,7,448,1.5000000000000000
I,7,449,1.5000000000000000
I,7,450,1.5000000000000000
I,7,451,1.5000000000000000
I,7,452,1.5000000000000000
I,7,453,1.5000000000000000
I,7,454,1.5000000000000000
I,7,455,1.5000000000000000
I,7,456,1.5000000000000000
I,7,457,1.5000000000000000
I,7,458,1.5000000000000000
I,7,459,1.5000000000000000
I,7,460,1.0000000000000000
I,7,461,1.0000000000000000
I,7,462,1.0000000000000000
I,7,463,1.0000000000000000
I,7,464,1.0000000000000000
I,7,465,1.0000000000000000
I,7,466,1.0000000000000000
I,7,467,1.0000000000000000
I,7,468,1.0000000000000000
I,7,469,1.0000000000000000
I,7,470,1.0000000000000000
I,7,471,1.0000000000000000
I,7,472,1.0000000000000000
I,7,473,1.0000000000000000
I,7,474,1.0000000000000000
I,7,475,1.0000000000000000
I,7,476,1.0000000000000000
I,7,477,1.0000000000000000
I,7,478,1.0000000000000000
I,7,479,1.0000000000000000
I,7,480,1.0000000000000000
I,7,481,1.0000000000000000
I,7,482,1.0000000000000000
I,7,483,1.0000000000000000
I,7,484,1.0000000000000000
I,7,485,1.0000000000000000
I,7,486,1.0000000000000000
I,7,487,1.5000000000000000
I,7,488,1.5000000000000000
I,7,489,1.5000000000000000
I,7,490,1.5000000000000000
I,7,491,1.5000000000000000
I,7,492,1.5000000000000000
I,7,493,1.5000000000000000
I,7,494,1.5000000000000000
I,7,495,1.5000000000000000
I,7,496,1.5000000000000000
I,7,497,1.5000000000000000
I,7,498,1.5000000000000000
I,7,499,1.0000000000000000
I,7,500,1.0000000000000000
I,7,501,1.0000000000000000
I,7,502,1.0000000000000000
I,7,503,1.0000000000000000
I,7,504,1.0000000000000000
I,7,505,1.0000000000000000
I,7,506,1.0000000000000000
I,7,507,1.0000000000000000
I,7,508,1.0000000000000000
I,7,509,1.0000000000000000
I,7,510,1.0000000000000000
I,7,511,1.0000000000000000
I,7,512,1.0000000000000000
I,7,513,1.0000000000000000
I,7,514,1.0000000000000000
I,7,515,1.0000000000000000
I,7,516,1.0000000000000000
I,7,517,1.0000000000000000
I,7,518,1.0000000000000000
I,7,519,1.0000000000000000
I,7,520,1.0000000000000000
I,7,521,1.0000000000000000
I,7,522,1.0000000000000000
I,7,523,1.0000000000000000
I,7,524,1.0000000000000000
I,7,525,1.0000000000000000
I,7,526,1.0000000000000000
I,7,527,1.0000000000000000
I,7,528,1.5000000000000000
I,7,529,1.5000000000000000
I,7,530,1.5000000000000000
I,7,531,1.5000000000000000
I,7,532,1.5000000000000000
I,7,533,1.5000000000000000
I,7,534,1.5000000000000000
I,7,535,1.5000000000000000
I,7,536,1.5000000000000000
I,7,537,1.5000000000000000
I,7,538,1.5000000000000000
I,7,539,1.0000000000000000
I,7,540,1.0000000000000000
I,7,541,1.0000000000000000
I,7,542,1.0000000000000000
I,7,543,1.0000000000000000
I,7,544,1.0000000000000000
I,7,545,1.0000000000000000
I,7,546,1.0000000000000000
I,7,547,1.0000000000000000
I,7,548,1.0000000000000000
I,7,549,1.0000000000000000
I,7,550,1.0000000000000000
I,7,551,1.0000000000000000
I,7,552,1.0000000000000000
I,7,553,1.0000000000000000
I,7,554,1.0000000000000000
I,7,555,1.0000000000000000
I,7,556,1.0000000000000000
I,7,557,1.0000000000000000
I,7,558,1.0000000000000000
I,7,559,1.0000000000000000
I,7,560,1.0000000000000000
I,7,561,1.0000000000000000
I,7,562,1.0000000000000000
I,7,563,1.0000000000000000
I,7,564,1.0000000000000000
I,7,565,1.0000000000000000
I,7,566,1.0000000000000000
I,7,567,1.0000000000000000
I,7,568,1.5000000000000000
I,7,569,1.5000000000000000
I,7,570,1.5000000000000000
I,7,571,1.5000000000000000
I,7,572,1.5000000000000000
I,7,573,1.5000000000000000
I,7,574,1.5000000000000000
I,7,575,1.5000000000000000
I,7,576,1.5000000000000000
I,7,577,1.5000000000000000
I,7,578,1.5000000000000000
I,7,579,1.0000000000000000
I,7,580,1.0000000000000000
I,7,581,1.0000000000000000
I,7,582,1.0000000000000000
I,7,583,1.0000000000000000
I,7,584,1.0000000000000000
I,7,585,1.0000000000000000
I,7,586,1.0000000000000000
I,7,587,1.0000000000000000
I,7,588,1.0000000000000000
I,7,589,1.0000000000000000
I,7,590,1.0000000000000000
I,7,591,1.0000000000000000
I,7,592,1.0000000000000000
I,7,593,1.0000000000000000
I,7,594,1.0000000000000000
I,7,595,1.0000000000000000
I,7,596,1.0000000000000000
I,7,597,1.0000000000000000
I,7,598,1.0000000000000000
I,7,599,1.0000000000000000
I,7,600,1.0000000000000000
I,7,601,1.0000000000000000
I,7,602,1.0000000000000000
I,7,603,1.0000000000000000
I,7,604,1.0000000000000000
I,7,605,1.0000000000000000
I,7,606,1.0000000000000000
I,7,607,1.0000000000000000
I,7,608,1.5000000000000000
I,7,609,1.5000000000000000
I,7,610,1.5000000000000000
I,7,611,1.5000000000000000
I,7,612,1.5000000000000000
I,7,613,1.5000000000000000
I,7,614,1.5000000000000000
I,7,615,1.5000000000000000
I,7,616,1.5000000000000000
I,7,617,1.5000000000000000
I,7,618,1.0000000000000000
I,7,619,1.0000000000000000
I,7,620,1.0000000000000000
I,7,621,1.0000000000000000
I,7,622,1.0000000000000000
I,7,623,1.0000000000000000
I,7,624,1.0000000000000000
I,7,625,1.0000000000000000
I,7,626,1.0000000000000000
I,7,627,1.0000000000000000
I,7,628,1.0000000000000000
I,7,629,1.0000000000000000
I,7,630,1.0000000000000000
I,7,631,1.0000000000000000
I,7,632,1.0000000000000000
I,7,633,1.0000000000000000
I,7,634,1.0000000000000000
I,7,635,1.0000000000000000
I,7,636,1.0000000000000000
I,7,637,1.0000000000000000
I,7,638,1.0000000000000000
I,7,639,1.0000000000000000
I,7,640,1.0000000000000000
I,7,641,1.0000000000000000
I,7,642,1.0000000000000000
I,7,643,1.0000000000000000
I,7,644,1.0000000000000000
I,7,645,1.0000000000000000
I,7,646,1.0000000000000000
I,7,647,1.0000000000000000
I,7,648,1.0000000000000000
I,7,649,1.5000000000000000
I,7,650,1.5000000000000000
I,7,651,1.5000000000000000
I,7,652,1.5000000000000000
I,7,653,1.5000000000000000
I,7,654,1.5000000000000000
I,7,655,1.5000000000000000
I,7,656,1.5000000000000000
I,7,657,1.5000000000000000
I,7,658,1.0000000000000000
I,7,659,1.0000000000000000
I,7,660,1.0000000000000000
I,7,661,1.0000000000000000
I,7,662,1.0000000000000000
I,7,663,1.0000000000000000
I,7,664,1.0000000000000000
I,7,665,1.0000000000000000
I,7,666,1.0000000000000000
I,7,667,1.0000000000000000
I,7,668,1.0000000000000000
I,7,669,1.0000000000000000
I,7,670,1.0000000000000000
I,7,671,1.0000000000000000
I,7,672,1.0000000000000000
I,7,673,1.0000000000000000
I,7,674,1.0000000000000000
I,7,675,1.0000000000000000
I,7,676,1.0000000000000000
I,7,677,1.0000000000000000
I,7,678,1.0000000000000000
I,7,679,1.0000000000000000
I,7,680,1.0000000000000000
I,7,681,1.0000000000000000
I,7,682,1.0000000000000000
I,7,683,1.0000000000000000
I,7,684,1.0000000000000000
I,7,685,1.0000000000000000
I,7,686,1.0000000000000000
I,7,687,1.0000000000000000
I,7,688,1.0000000000000000
I,7,689,1.0000000000000000
I,7,690,1.5000000000000000
I,7,691,1.5000000000000000
I,7,692,1.5000000000000000
I,7,693,1.5000000000000000
I,7,694,1.5000000000000000
I,7,695,1.5000000000000000
I,7,696,1.5000000000000000
I,7,697,1.0000000000000000
I,7,698,1.0000000000000000
I,7,699,1.0000000000000000
I,7,700,1.0000000000000000
I,7,701,1.0000000000000000
I,7,702,1.0000000000000000
I,7,703,1.0000000000000000
I,7,704,1.0000000000000000
I,7,705,1.0000000000000000
I,7,706,1.0000000000000000
I,7,707,1.0000000000000000
I,7,708,1.0000000000000000
I,7,709,1.0000000000000000
I,7,710,1.0000000000000000
I,7,711,1.0000000000000000
I,7,712,1.0000000000000000
I,7,713,1.0000000000000000
I,7,714,1.0000000000000000
I,7,715,1.0000000000000000
I,7,716,1.0000000000000000
I,7,717,1.0000000000000000
I,7,718,1.0000000000000000
I,7,719,1.0000000000000000
I,7,720,1.0000000000000000
I,7,721,1.0000000000000000
I,7,722,1.0000000000000000
I,7,723,1.0000000000000000
I,7,724,1.0000000000000000
I,7,725,1.0000000000000000
I,7,726,1.0000000000000000
I,7,727,1.0000000000000000
I,7,728,1.0000000000000000
I,7,729,1.0000000000000000
I,7,730,1.0000000000000000
I,7,731,1.5000000000000000
I,7,732,1.5000000000000000
I,7,733,1.5000000000000000
I,7,734,1.5000000000000000
I,7,735,1.0000000000000000
I,7,736,1.0000000000000000
I,7,737,1.0000000000000000
I,7,738,1.0000000000000000
I,7,739,1.0000000000000000
I,7,740,1.0000000000000000
I,7,741,1.0000000000000000
I,7,742,1.0000000000000000
I,7,743,1.0000000000000000
I,7,744,1.0000000000000000
I,7,745,1.0000000000000000
I,7,746,1.0000000000000000
I,7,747,1.0000000000000000
I,7,748,1.0000000000000000
I,7,749,1.0000000000000000
I,7,750,1.0000000000000000
I,7,751,1.0000000000000000
I,7,752,1.0000000000000000
I,7,753,1.0000000000000000
I,7,754,1.0000000000000000
I,7,755,1.0000000000000000
I,7,756,1.0000000000000000
I,7,757,1.0000000000000000
I,7,758,1.0000000000000000
I,7,759,1.0000000000000000
I,7,760,1.0000000000000000
I,7,761,1.0000000000000000
I,7,762,1.0000000000000000
I,7,763,1.0000000000000000
I,7,764,1.0000000000000000
I,7,765,1.0000000000000000
I,7,766,1.0000000000000000
I,7,767,1.0000000000000000
I,7,768,1.0000000000000000
I,7,769,1.0000000000000000
I,7,770,1.0000000000000000
I,7,771,1.0000000000000000
I,7,772,1.0000000000000000
I,7,773,1.0000000000000000
I,7,774,1.0000000000000000
I,7,775,1.0000000000000000
I,7,776,1.0000000000000000
I,7,777,1.0000000000000000
I,7,778,1.0000000000000000
I,7,779,1.0000000000000000
I,7,780,1.0000000000000000
I,7,781,1.0000000000000000
I,7,782,1.0000000000000000
I,7,783,1.0000000000000000
I,7,784,1.0000000000000000
I,7,785,1.0000000000000000
I,7,786,1.0000000000000000
I,7,787,1.0000000000000000
I,7,788,1.0000000000000000
I,7,789,1.0000000000000000
I,7,790,1.0000000000000000
I,7,791,1.0000000000000000
I,7,792,1.0000000000000000
I,7,793,1.0000000000000000
I,7,794,1.0000000000000000
I,7,795,1.0000000000000000
I,7,796,1.0000000000000000
I,7,797,1.0000000000000000
I,7,798,1.0000000000000000
I,7,799,1.0000000000000000
I,7,800,1.0000000000000000
I,7,801,1.0000000000000000
I,7,802,1.0000000000000000
I,7,803,1.0000000000000000
I,7,804,1.0000000000000000
I,7,805,1.0000000000000000
I,7,806,1.0000000000000000
I,7,807,1.0000000000000000
I,7,808,1.0000000000000000
I,7,809,1.0000000000000000
I,7,810,1.0000000000000000
I,7,811,1.0000000000000000
I,7,812,1.0000000000000000
I,7,813,1.0000000000000000
I,7,814,1.0000000000000000
I,7,815,1.0000000000000000
I,7,816,1.0000000000000000
I,7,817,1.0000000000000000
I,7,818,1.0000000000000000
I,7,819,1.0000000000000000
I,7,820,1.0000000000000000
I,7,821,1.0000000000000000
I,7,822,1.0000000000000000
I,7,823,1.0000000000000000
I,7,824,1.0000000000000000
I,7,825,1.0000000000000000
I,7,826,1.0000000000000000
I,7,827,1.0000000000000000
I,7,828,1.0000000000000000
I,7,829,1.0000000000000000
I,7,830,1.0000000000000000
I,7,831,1.0000000000000000
I,7,832,1.0000000000000000
I,7,833,1.0000000000000000
I,7,834,1.0000000000000000
I,7,835,1.0000000000000000
I,7,836,1.0000000000000000
I,7,837,1.0000000000000000
I,7,838,1.0000000000000000
I,7,839,1.0000000000000000
I,7,840,1.0000000000000000
I,7,841,1.0000000000000000
I,7,842,1.0000000000000000
I,7,843,1.0000000000000000
I,7,844,1.0000000000000000
I,7,845,1.0000000000000000
I,7,846,1.0000000000000000
I,7,847,1.0000000000000000
I,7,848,1.0000000000000000
I,7,849,1.0000000000000000
I,7,850,1.0000000000000000
I,7,851,1.0000000000000000
I,7,852,1.0000000000000000
I,7,853,1.0000000000000000
I,7,854,1.0000000000000000
I,7,855,1.0000000000000000
I,7,856,1.0000000000000000
I,7,857,1.0000000000000000
I,7,858,1.0000000000000000
I,7,859,1.0000000000000000
I,7,860,1.0000000000000000
I,7,861,1.0000000000000000
I,7,862,1.0000000000000000
I,7,863,1.0000000000000000
I,7,864,1.0000000000000000
I,7,865,1.0000000000000000
I,7,866,1.0000000000000000
I,7,867,1.0000000000000000
I,7,868,1.0000000000000000
I,7,869,1.0000000000000000
I,7,870,1.0000000000000000
I,7,871,1.0000000000000000
I,7,872,1.0000000000000000
I,7,873,1.0000000000000000
I,7,874,1.0000000000000000
I,7,875,1.0000000000000000
I,7,876,1.0000000000000000
I,7,877,1.0000000000000000
I,7,878,1.0000000000000000
I,7,879,1.0000000000000000
I,7,880,1.0000000000000000
I,7,881,1.0000000000000000
I,7,882,1.0000000000000000
I,7,883,1.0000000000000000
I,7,884,1.0000000000000000
I,7,885,1.0000000000000000
I,7,886,1.0000000000000000
I,7,887,1.0000000000000000
I,7,888,1.0000000000000000
I,7,889,1.0000000000000000
I,7,890,1.0000000000000000
I,7,891,1.0000000000000000
I,7,892,1.0000000000000000
I,7,893,1.0000000000000000
I,7,894,1.0000000000000000
I,7,895,1.0000000000000000
I,7,896,1.0000000000000000
I,7,897,1.0000000000000000
I,7,898,1.0000000000000000
I,7,899,1.0000000000000000
I,7,900,1.0000000000000000
I,7,901,1.0000000000000000
I,7,902,1.0000000000000000
I,7,903,1.0000000000000000
I,7,904,1.0000000000000000
I,7,905,0.0000000000000000
I,7,906,0.0000000000000000
I,7,907,0.0000000000000000
I,7,908,0.0000000000000000
I,7,909,0.0000000000000000
I,7,910,0.0000000000000000
I,7,911,1.0000000000000000
I,7,912,1.0000000000000000
I,7,913,1.0000000000000000
I,7,914,1.0000000000000000
I,7,915,1.0000000000000000
I,7,916,1.0000000000000000
I,7,917,1.0000000000000000
I,7,918,1.0000000000000000
I,7,919,1.0000000000000000
I,7,920,1.0000000000000000
I,7,921,1.0000000000000000
I,7,922,1.0000000000000000
I,7,923,1.0000000000000000
I,7,924,1.0000000000000000
I,7,925,1.0000000000000000
I,7,926,1.0000000000000000
I,7,927,1.0000000000000000
I,7,928,1.0000000000000000
I,7,929,1.0000000000000000
I,7,930,1.0000000000000000
I,7,931,1.0000000000000000
I,7,932,1.0000000000000000
I,7,933,1.0000000000000000
I,7,934,1.0000000000000000
I,7,935,1.0000000000000000
I,7,936,1.0000000000000000
I,7,937,1.0000000000000000
I,7,938,1.0000000000000000
I,7,939,1.0000000000000000
I,7,940,1.0000000000000000
I,7,941,1.0000000000000000
I,7,942,1.0000000000000000
I,7,943,1.0000000000000000
I,7,944,1.0000000000000000
I,7,945,1.0000000000000000
I,7,946,1.0000000000000000
I,7,947,1.0000000000000000
I,7,948,1.0000000000000000
I,7,949,1.0000000000000000
I,7,950,1.0000000000000000
I,7,951,1.0000000000000000
I,7,952,1.0000000000000000
I,7,953,1.0000000000000000
I,7,954,1.0000000000000000
I,7,955,1.0000000000000000
I,7,956,1.0000000000000000
I,7,957,1.0000000000000000
I,7,958,1.0000000000000000
I,7,959,1.0000000000000000
I,7,960,1.0000000000000000
I,7,961,1.0000000000000000
I,7,962,1.0000000000000000
I,7,963,1.0000000000000000
I,7,964,1.0000000000000000
I,7,965,1.0000000000000000
I,7,966,1.0000000000000000
I,7,967,1.0000000000000000
I,7,968,1.0000000000000000
I,7,969,1.0000000000000000
I,7,970,1.0000000000000000
I,7,971,1.0000000000000000
I,7,972,1.0000000000000000
I,7,973,1.0000000000000000
I,7,974,1.0000000000000000
I,7,975,1.0000000000000000
I,7,976,1.0000000000000000
I,7,977,1.0000000000000000
I,7,978,1.0000000000000000
I,7,979,1.0000000000000000
I,7,980,1.0000000000000000
I,7,981,1.0000000000000000
I,7,982,1.0000000000000000
I,7,983,1.0000000000000000
I,7,984,1.0000000000000000
I,7,985,1.0000000000000000
I,7,986,1.0000000000000000
I,7,987,1.0000000000000000
I,7,988,1.0000000000000000
I,7,989,1.0000000000000000
I,7,990,1.0000000000000000
I,7,991,1.0000000000000000
I,7,992,1.0000000000000000
I,7,993,1.0000000000000000
I,7,994,1.0000000000000000
I,7,995,1.0000000000000000
I,7,996,1.0000000000000000
I,7,997,1.0000000000000000
I,7,998,1.0000000000000000
I,7,999,1.0000000000000000
R,7,0,121.44943101790669,6.2718436561310950,-1.2000000000000002
R,7,1,150.85788455825912,8.0870504242679400,-0.80000000000000000
R,7,2,180.45616265067437,8.9615510871769320,-0.40000000000000000
R,7,3,209.66666666666666,10.000000000000000,0.0000000000000000
R,7,4,238.45616265067437,11.038448912823068,0.40000000000000000
R,7,5,267.78682683738870,12.869424363598090,0.80000000000000000
R,7,6,295.44943101790670,13.728156343868905,1.2000000000000002
R,7,7,324.44943101790670,6.2718436561310950,-1.2000000000000002
R,7,8,354.78682683738870,7.1305756364019090,-0.80000000000000000
R,7,9,384.68424397601154,8.4423266307653990,-0.40000000000000000
R,7,10,124.00000000000000,35.000000000000000,0.0000000000000000
R,7,11,151.45616265067437,36.038448912823070,0.40000000000000000
R,7,12,179.85788455825912,36.912949575732064,0.80000000000000000
R,7,13,207.96628734527113,37.485437562579270,1.2000000000000002
R,7,14,236.96628734527113,32.514562437420730,-1.2000000000000002
R,7,15,266.85788455825910,33.087050424267936,-0.80000000000000000
R,7,16,297.68424397601154,33.442326630765400,-0.40000000000000000
R,7,17,327.00000000000000,35.000000000000000,0.0000000000000000
R,7,18,355.68424397601154,36.557673369234600,0.40000000000000000
R,7,19,383.78682683738870,37.869424363598090,0.80000000000000000
R,7,20,120.96628734527113,62.485437562579270,1.2000000000000002
R,7,21,149.96628734527113,57.514562437420730,-1.2000000000000002
R,7,22,179.85788455825912,58.087050424267936,-0.80000000000000000
R,7,23,209.45616265067437,58.961551087176930,-0.40000000000000000
R,7,24,238.66666666666666,60.000000000000000,0.0000000000000000
R,7,25,267.45616265067434,61.038448912823070,0.40000000000000000
R,7,26,296.78682683738870,62.869424363598090,0.80000000000000000
R,7,27,324.44943101790670,63.728156343868900,1.2000000000000002
R,7,28,353.44943101790670,56.271843656131100,-1.2000000000000002
R,7,29,383.78682683738870,57.130575636401910,-0.80000000000000000
R,7,30,122.45616265067436,83.961551087176930,-0.40000000000000000
R,7,31,151.66666666666666,85.000000000000000,0.0000000000000000
R,7,32,180.45616265067437,86.038448912823070,0.40000000000000000
R,7,33,208.85788455825912,86.912949575732060,0.80000000000000000
R,7,34,236.96628734527113,87.485437562579260,1.2000000000000002
R,7,35,265.96628734527116,82.514562437420740,-1.2000000000000002
R,7,36,296.78682683738870,82.130575636401910,-0.80000000000000000
R,7,37,326.68424397601154,83.442326630765400,-0.40000000000000000
R,7,38,356.00000000000000,85.000000000000000,0.0000000000000000
R,7,39,384.68424397601154,86.557673369234600,0.40000000000000000
R,7,40,121.85788455825910,111.91294957573206,0.80000000000000000
R,7,41,149.96628734527113,112.48543756257926,1.2000000000000002
R,7,42,178.96628734527113,107.51456243742074,-1.2000000000000002
R,7,43,208.85788455825912,108.08705042426794,-0.80000000000000000
R,7,44,238.45616265067437,108.96155108717693,-0.40000000000000000
R,7,45,267.66666666666670,110.00000000000000,0.0000000000000000
R,7,46,296.45616265067434,111.03844891282307,0.40000000000000000
R,7,47,325.78682683738870,112.86942436359809,0.80000000000000000
R,7,48,353.44943101790670,113.72815634386890,1.2000000000000002
R,7,49,382.44943101790670,106.27184365613110,-1.2000000000000002
R,7,50,121.85788455825910,133.08705042426794,-0.80000000000000000
R,7,51,151.45616265067437,133.96155108717693,-0.40000000000000000
R,7,52,180.66666666666666,135.00000000000000,0.0000000000000000
R,7,53,209.45616265067437,136.03844891282307,0.40000000000000000
R,7,54,237.85788455825912,136.91294957573206,0.80000000000000000
R,7,55,265.96628734527116,137.48543756257928,1.2000000000000002
R,7,56,294.96628734527116,132.51456243742072,-1.2000000000000002
R,7,57,325.78682683738870,132.13057563640191,-0.80000000000000000
R,7,58,355.68424397601154,133.44232663076540,-0.40000000000000000
R,7,59,385.00000000000000,135.00000000000000,0.0000000000000000
R,7,60,122.45616265067436,161.03844891282307,0.40000000000000000
R,7,61,150.85788455825912,161.91294957573206,0.80000000000000000
R,7,62,178.96628734527113,162.48543756257928,1.2000000000000002
R,7,63,207.96628734527113,157.51456243742072,-1.2000000000000002
R,7,64,237.85788455825912,158.08705042426794,-0.80000000000000000
R,7,65,267.45616265067434,158.96155108717693,-0.40000000000000000
R,7,66,296.66666666666670,160.00000000000000,0.0000000000000000
R,7,67,326.68424397601154,161.55767336923460,0.40000000000000000
R,7,68,354.78682683738870,162.86942436359809,0.80000000000000000
R,7,69,382.44943101790670,163.72815634386890,1.2000000000000002
R,7,70,120.96628734527113,182.51456243742072,-1.2000000000000002
R,7,71,150.85788455825912,183.08705042426794,-0.80000000000000000
R,7,72,180.45616265067437,183.96155108717693,-0.40000000000000000
R,7,73,209.66666666666666,185.00000000000000,0.0000000000000000
R,7,74,238.45616265067437,186.03844891282307,0.40000000000000000
R,7,75,266.85788455825910,186.91294957573206,0.80000000000000000
R,7,76,294.96628734527116,187.48543756257928,1.2000000000000002
R,7,77,324.44943101790670,181.27184365613110,-1.2000000000000002
R,7,78,354.78682683738870,182.13057563640191,-0.80000000000000000
R,7,79,384.68424397601154,183.44232663076540,-0.40000000000000000
R,7,80,122.66666666666667,210.00000000000000,0.0000000000000000
R,7,81,151.45616265067437,211.03844891282307,0.40000000000000000
R,7,82,179.85788455825912,211.91294957573206,0.80000000000000000
R,7,83,207.96628734527113,212.48543756257928,1.2000000000000002
R,7,84,236.96628734527113,207.51456243742072,-1.2000000000000002
R,7,85,266.85788455825910,208.08705042426794,-0.80000000000000000
R,7,86,297.68424397601154,208.44232663076540,-0.40000000000000000
R,7,87,327.00000000000000,210.00000000000000,0.0000000000000000
R,7,88,355.68424397601154,211.55767336923460,0.40000000000000000
R,7,89,383.78682683738870,212.86942436359809,0.80000000000000000
R,7,90,120.96628734527113,237.48543756257928,1.2000000000000002
R,7,91,149.96628734527113,232.51456243742072,-1.2000000000000002
R,7,92,179.85788455825912,233.08705042426794,-0.80000000000000000
R,7,93,209.45616265067437,233.96155108717693,-0.40000000000000000
R,7,94,238.66666666666666,235.00000000000000,0.0000000000000000
R,7,95,267.45616265067434,236.03844891282307,0.40000000000000000
R,7,96,296.78682683738870,237.86942436359809,0.80000000000000000
R,7,97,324.44943101790670,238.72815634386890,1.2000000000000002
R,7,98,353.44943101790670,231.27184365613110,-1.2000000000000002
R,7,99,383.78682683738870,232.13057563640191,-0.80000000000000000
I,8,0,1.0000000000000000
I,8,1,1.0000000000000000
I,8,2,1.0000000000000000
I,8,3,1.0000000000000000
I,8,4,1.0000000000000000
I,8,5,1.0000000000000000
I,8,6,1.0000000000000000
I,8,7,1.0000000000000000
I,8,8,1.0000000000000000
I,8,9,1.0000000000000000
I,8,10,1.0000000000000000
I,8,11,1.0000000000000000
I,8,12,1.0000000000000000
I,8,13,1.0000000000000000
I,8,14,1.0000000000000000
I,8,15,1.0000000000000000
I,8,16,1.0000000000000000
I,8,17,1.0000000000000000
I,8,18,1.0000000000000000
I,8,19,1.0000000000000000
I,8,20,1.0000000000000000
I,8,21,1.0000000000000000
I,8,22,1.0000000000000000
I,8,23,1.0000000000000000
I,8,24,1.0000000000000000
I,8,25,1.0000000000000000
I,8,26,1.0000000000000000
I,8,27,1.0000000000000000
I,8,28,1.0000000000000000
I,8,29,1.0000000000000000
I,8,30,1.0000000000000000
I,8,31,1.0000000000000000
I,8,32,1.0000000000000000
I,8,33,1.0000000000000000
I,8,34,1.0000000000000000
I,8,35,1.0000000000000000
I,8,36,1.0000000000000000
I,8,37,1.0000000000000000
I,8,38,1.0000000000000000
I,8,39,1.0000000000000000
I,8,40,1.0000000000000000
I,8,41,1.0000000000000000
I,8,42,1.0000000000000000
I,8,43,1.0000000000000000
I,8,44,1.0000000000000000
I,8,45,1.0000000000000000
I,8,46,1.0000000000000000
I,8,47,1.0000000000000000
I,8,48,1.0000000000000000
I,8,49,1.0000000000000000
I,8,50,1.0000000000000000
I,8,51,1.0000000000000000
I,8,52,1.0000000000000000
I,8,53,1.0000000000000000
I,8,54,1.0000000000000000
I,8,55,1.0000000000000000
I,8,56,1.0000000000000000
I,8,57,1.0000000000000000
I,8,58,1.0000000000000000
I,8,59,1.0000000000000000
I,8,60,1.0000000000000000
I,8,61,1.0000000000000000
I,8,62,1.0000000000000000
I,8,63,1.0000000000000000
I,8,64,1.0000000000000000
I,8,65,1.0000000000000000
I,8,66,1.0000000000000000
I,8,67,1.0000000000000000
I,8,68,1.0000000000000000
I,8,69,1.0000000000000000
I,8,70,1.0000000000000000
I,8,71,1.0000000000000000
I,8,72,1.0000000000000000
I,8,73,1.0000000000000000
I,8,74,1.0000000000000000
I,8,75,1.0000000000000000
I,8,76,1.0000000000000000
I,8,77,1.0000000000000000
I,8,78,1.0000000000000000
I,8,79,1.0000000000000000
I,8,80,1.0000000000000000
I,8,81,1.0000000000000000
I,8,82,1.0000000000000000
I,8,83,1.0000000000000000
I,8,84,1.0000000000000000
I,8,85,1.0000000000000000
I,8,86,1.0000000000000000
I,8,87,1.0000000000000000
I,8,88,1.0000000000000000
I,8,89,1.0000000000000000
I,8,90,1.0000000000000000
I,8,91,1.0000000000000000
I,8,92,1.0000000000000000
I,8,93,1.0000000000000000
I,8,94,1.0000000000000000
I,8,95,1.0000000000000000
I,8,96,1.0000000000000000
I,8,97,1.0000000000000000
I,8,98,1.0000000000000000
I,8,99,1.0000000000000000
I,8,100,1.0000000000000000
I,8,101,1.0000000000000000
I,8,102,1.0000000000000000
I,8,103,1.0000000000000000
I,8,104,1.0000000000000000
I,8,105,1.0000000000000000
I,8,106,1.0000000000000000
I,8,107,1.0000000000000000
I,8,108,1.0000000000000000
I,8,109,1.0000000000000000
I,8,110,1.0000000000000000
I,8,111,1.0000000000000000
I,8,112,1.0000000000000000
I,8,113,1.0000000000000000
I,8,114,1.0000000000000000
I,8,115,1.0000000000000000
I,8,116,1.0000000000000000
I,8,117,1.0000000000000000
I,8,118,1.0000000000000000
I,8,119,1.0000000000000000
I,8,120,1.0000000000000000
I,8,121,1.0000000000000000
I,8,122,1.0000000000000000
I,8,123,1.0000000000000000
I,8,124,1.0000000000000000
I,8,125,1.0000000000000000
I,8,126,1.0000000000000000
I,8,127,1.0000000000000000
I,8,128,1.0000000000000000
I,8,129,1.0000000000000000
I,8,130,1.0000000000000000
I,8,131,1.0000000000000000
I,8,132,1.0000000000000000
I,8,133,1.0000000000000000
I,8,134,1.0000000000000000
I,8,135,1.0000000000000000
I,8,136,1.0000000000000000
I,8,137,1.0000000000000000
I,8,138,1.0000000000000000
I,8,139,1.0000000000000000
I,8,140,1.0000000000000000
I,8,141,1.0000000000000000
I,8,142,1.0000000000000000
I,8,143,1.0000000000000000
I,8,144,1.0000000000000000
I,8,145,1.0000000000000000
I,8,146,1.0000000000000000
I,8,147,1.0000000000000000
I,8,148,1.0000000000000000
I,8,149,1.0000000000000000
I,8,150,1.0000000000000000
I,8,151,1.0000000000000000
I,8,152,1.0000000000000000
I,8,153,1.0000000000000000
I,8,154,1.0000000000000000
I,8,155,1.0000000000000000
I,8,156,1.0000000000000000
I,8,157,1.0000000000000000
I,8,158,1.0000000000000000
I,8,159,1.0000000000000000
I,8,160,1.0000000000000000
I,8,161,1.0000000000000000
I,8,162,1.0000000000000000
I,8,163,1.0000000000000000
I,8,164,1.0000000000000000
I,8,165,1.0000000000000000
I,8,166,1.0000000000000000
I,8,167,1.0000000000000000
I,8,168,1.0000000000000000
I,8,169,1.0000000000000000
I,8,170,1.0000000000000000
I,8,171,1.0000000000000000
I,8,172,1.0000000000000000
I,8,173,1.0000000000000000
I,8,174,1.0000000000000000
I,8,175,1.0000000000000000
I,8,176,1.0000000000000000
I,8,177,1.0000000000000000
I,8,178,1.0000000000000000
I,8,179,1.0000000000000000
I,8,180,1.0000000000000000
I,8,181,1.0000000000000000
I,8,182,1.0000000000000000
I,8,183,1.0000000000000000
I,8,184,1.0000000000000000
I,8,185,1.0000000000000000
I,8,186,1.0000000000000000
I,8,187,1.0000000000000000
I,8,188,1.0000000000000000
I,8,189,1.0000000000000000
I,8,190,1.0000000000000000
I,8,191,1.0000000000000000
I,8,192,1.0000000000000000
I,8,193,1.0000000000000000
I,8,194,1.0000000000000000
I,8,195,1.0000000000000000
I,8,196,1.0000000000000000
I,8,197,1.0000000000000000
I,8,198,1.0000000000000000
I,8,199,1.0000000000000000
I,8,200,1.0000000000000000
I,8,201,1.0000000000000000
I,8,202,1.0000000000000000
I,8,203,1.0000000000000000
I,8,204,1.0000000000000000
I,8,205,1.0000000000000000
I,8,206,1.0000000000000000
I,8,207,1.0000000000000000
I,8,208,1.0000000000000000
I,8,209,1.0000000000000000
I,8,210,1.0000000000000000
I,8,211,1.0000000000000000
I,8,212,1.0000000000000000
I,8,213,1.0000000000000000
I,8,214,1.0000000000000000
I,8,215,1.0000000000000000
I,8,216,1.0000000000000000
I,8,217,1.0000000000000000
I,8,218,1.0000000000000000
I,8,219,1.0000000000000000
I,8,220,1.0000000000000000
I,8,221,1.0000000000000000
I,8,222,1.0000000000000000
I,8,223,1.0000000000000000
I,8,224,1.0000000000000000
I,8,225,1.0000000000000000
I,8,226,1.0000000000000000
I,8,227,1.0000000000000000
I,8,228,1.0000000000000000
I,8,229,1.0000000000000000
I,8,230,1.0000000000000000
I,8,231,1.0000000000000000
I,8,232,1.0000000000000000
I,8,233,1.0000000000000000
I,8,234,1.0000000000000000
I,8,235,1.0000000000000000
I,8,236,1.0000000000000000
I,8,237,1.0000000000000000
I,8,238,1.0000000000000000
I,8,239,1.0000000000000000
I,8,240,1.0000000000000000
I,8,241,1.0000000000000000
I,8,242,1.0000000000000000
I,8,243,1.0000000000000000
I,8,244,1.0000000000000000
I,8,245,1.0000000000000000
I,8,246,1.0000000000000000
I,8,247,1.0000000000000000
I,8,248,1.0000000000000000
I,8,249,1.0000000000000000
I,8,250,1.0000000000000000
I,8,251,1.0000000000000000
I,8,252,1.0000000000000000
I,8,253,1.0000000000000000
I,8,254,1.0000000000000000
I,8,255,1.0000000000000000
I,8,256,1.0000000000000000
I,8,257,1.0000000000000000
I,8,258,1.0000000000000000
I,8,259,1.0000000000000000
I,8,260,1.0000000000000000
I,8,261,1.0000000000000000
I,8,262,1.0000000000000000
I,8,263,1.0000000000000000
I,8,264,1.0000000000000000
I,8,265,1.0000000000000000
I,8,266,1.0000000000000000
I,8,267,1.0000000000000000
I,8,268,1.0000000000000000
I,8,269,1.0000000000000000
I,8,270,1.0000000000000000
I,8,271,1.0000000000000000
I,8,272,1.0000000000000000
I,8,273,1.0000000000000000
I,8,274,1.0000000000000000
I,8,275,1.0000000000000000
I,8,276,1.0000000000000000
I,8,277,1.0000000000000000
I,8,278,1.0000000000000000
I,8,279,1.0000000000000000
I,8,280,1.0000000000000000
I,8,281,1.0000000000000000
I,8,282,1.0000000000000000
I,8,283,1.0000000000000000
I,8,284,1.0000000000000000
I,8,285,1.0000000000000000
I,8,286,1.0000000000000000
I,8,287,1.0000000000000000
I,8,288,1.0000000000000000
I,8,289,1.0000000000000000
I,8,290,1.0000000000000000
I,8,291,1.0000000000000000
I,8,292,1.0000000000000000
I,8,293,1.0000000000000000
I,8,294,1.0000000000000000
I,8,295,1.0000000000000000
I,8,296,1.0000000000000000
I,8,297,1.0000000000000000
I,8,298,1.0000000000000000
I,8,299,1.0000000000000000
I,8,300,1.0000000000000000
I,8,301,1.0000000000000000
I,8,302,1.0000000000000000
I,8,303,1.0000000000000000
I,8,304,1.0000000000000000
I,8,305,1.0000000000000000
I,8,306,1.0000000000000000
I,8,307,1.0000000000000000
I,8,308,1.0000000000000000
I,8,309,1.0000000000000000
I,8,310,1.0000000000000000
I,8,311,1.0000000000000000
I,8,312,1.0000000000000000
I,8,313,1.0000000000000000
I,8,314,1.0000000000000000
I,8,315,1.0000000000000000
I,8,316,1.0000000000000000
I,8,317,1.0000000000000000
I,8,318,1.0000000000000000
I,8,319,1.0000000000000000
I,8,320,1.0000000000000000
I,8,321,1.0000000000000000
I,8,322,1.0000000000000000
I,8,323,1.0000000000000000
I,8,324,1.0000000000000000
I,8,325,1.0000000000000000
I,8,326,1.0000000000000000
I,8,327,1.0000000000000000
I,8,328,1.0000000000000000
I,8,329,1.0000000000000000
I,8,330,1.0000000000000000
I,8,331,1.0000000000000000
I,8,332,1.0000000000000000
I,8,333,1.0000000000000000
I,8,334,1.0000000000000000
I,8,335,1.0000000000000000
I,8,336,1.0000000000000000
I,8,337,1.0000000000000000
I,8,338,1.0000000000000000
I,8,339,1.0000000000000000
I,8,340,1.0000000000000000
I,8,341,1.0000000000000000
I,8,342,1.0000000000000000
I,8,343,1.0000000000000000
I,8,344,1.0000000000000000
I,8,345,1.0000000000000000
I,8,346,1.0000000000000000
I,8,347,1.0000000000000000
I,8,348,1.0000000000000000
I,8,349,1.0000000000000000
I,8,350,1.0000000000000000
I,8,351,1.0000000000000000
I,8,352,1.0000000000000000
I,8,353,1.0000000000000000
I,8,354,1.0000000000000000
I,8,355,1.0000000000000000
I,8,356,1.0000000000000000
I,8,357,1.0000000000000000
I,8,358,1.0000000000000000
I,8,359,1.0000000000000000
I,8,360,1.0000000000000000
I,8,361,1.0000000000000000
I,8,362,1.0000000000000000
I,8,363,1.0000000000000000
I,8,364,1.0000000000000000
I,8,365,1.0000000000000000
I,8,366,1.0000000000000000
I,8,367,1.0000000000000000
I,8,368,1.0000000000000000
I,8,369,1.0000000000000000
I,8,370,1.0000000000000000
I,8,371,1.0000000000000000
I,8,372,1.0000000000000000
I,8,373,1.0000000000000000
I,8,374,1.0000000000000000
I,8,375,1.0000000000000000
I,8,376,1.0000000000000000
I,8,377,1.0000000000000000
I,8,378,1.0000000000000000
I,8,379,1.0000000000000000
I,8,380,1.0000000000000000
I,8,381,1.0000000000000000
I,8,382,1.0000000000000000
I,8,383,1.0000000000000000
I,8,384,1.0000000000000000
I,8,385,1.0000000000000000
I,8,386,1.0000000000000000
I,8,387,1.0000000000000000
I,8,388,1.0000000000000000
I,8,389,1.0000000000000000
I,8,390,1.0000000000000000
I,8,391,1.0000000000000000
I,8,392,1.0000000000000000
I,8,393,1.0000000000000000
I,8,394,1.0000000000000000
I,8,395,1.0000000000000000
I,8,396,1.0000000000000000
I,8,397,1.0000000000000000
I,8,398,1.0000000000000000
I,8,399,1.0000000000000000
I,8,400,1.0000000000000000
I,8,401,1.0000000000000000
I,8,402,1.0000000000000000
I,8,403,1.0000000000000000
I,8,404,1.0000000000000000
I,8,405,1.0000000000000000
I,8,406,1.0000000000000000
I,8,407,1.0000000000000000
I,8,408,1.0000000000000000
I,8,409,1.0000000000000000
I,8,410,1.0000000000000000
I,8,411,1.0000000000000000
I,8,412,1.0000000000000000
I,8,413,1.0000000000000000
I,8,414,1.0000000000000000
I,8,415,1.0000000000000000
I,8,416,1.0000000000000000
I,8,417,1.0000000000000000
I,8,418,1.0000000000000000
I,8,419,1.0000000000000000
I,8,420,1.0000000000000000
I,8,421,1.0000000000000000
I,8,422,1.0000000000000000
I,8,423,1.0000000000000000
I,8,424,1.0000000000000000
I,8,425,1.0000000000000000
I,8,426,1.0000000000000000
I,8,427,1.0000000000000000
I,8,428,1.0000000000000000
I,8,429,1.0000000000000000
I,8,430,1.0000000000000000
I,8,431,1.0000000000000000
I,8,432,1.0000000000000000
I,8,433,1.0000000000000000
I,8,434,1.0000000000000000
I,8,435,1.0000000000000000
I,8,436,1.0000000000000000
I,8,437,1.0000000000000000
I,8,438,1.0000000000000000
I,8,439,1.0000000000000000
I,8,440,1.0000000000000000
I,8,441,1.0000000000000000
I,8,442,1.0000000000000000
I,8,443,1.0000000000000000
I,8,444,1.0000000000000000
I,8,445,1.0000000000000000
I,8,446,1.0000000000000000
I,8,447,1.0000000000000000
I,8,448,1.0000000000000000
I,8,449,1.0000000000000000
I,8,450,1.0000000000000000
I,8,451,1.0000000000000000
I,8,452,1.0000000000000000
I,8,453,1.0000000000000000
I,8,454,1.0000000000000000
I,8,455,1.0000000000000000
I,8,456,1.0000000000000000
I,8,457,1.0000000000000000
I,8,458,1.0000000000000000
I,8,459,1.0000000000000000
I,8,460,1.0000000000000000
I,8,461,1.0000000000000000
I,8,462,1.0000000000000000
I,8,463,1.0000000000000000
I,8,464,1.0000000000000000
I,8,465,1.0000000000000000
I,8,466,1.0000000000000000
I,8,467,1.0000000000000000
I,8,468,1.0000000000000000
I,8,469,1.0000000000000000
I,8,470,1.0000000000000000
I,8,471,1.0000000000000000
I,8,472,1.0000000000000000
I,8,473,1.0000000000000000
I,8,474,1.0000000000000000
I,8,475,1.0000000000000000
I,8,476,1.0000000000000000
I,8,477,1.0000000000000000
I,8,478,1.0000000000000000
I,8,479,1.0000000000000000
I,8,480,1.0000000000000000
I,8,481,1.0000000000000000
I,8,482,1.0000000000000000
I,8,483,1.0000000000000000
I,8,484,1.0000000000000000
I,8,485,1.0000000000000000
I,8,486,1.0000000000000000
I,8,487,1.0000000000000000
I,8,488,1.0000000000000000
I,8,489,1.0000000000000000
I,8,490,1.0000000000000000
I,8,491,1.0000000000000000
I,8,492,1.0000000000000000
I,8,493,1.0000000000000000
I,8,494,1.0000000000000000
I,8,495,1.0000000000000000
I,8,496,1.0000000000000000
I,8,497,1.0000000000000000
I,8,498,1.0000000000000000
I,8,499,1.0000000000000000
I,8,500,1.0000000000000000
I,8,501,1.0000000000000000
I,8,502,1.0000000000000000
I,8,503,1.0000000000000000
I,8,504,1.0000000000000000
I,8,505,1.0000000000000000
I,8,506,1.0000000000000000
I,8,507,1.0000000000000000
I,8,508,1.0000000000000000
I,8,509,1.0000000000000000
I,8,510,1.0000000000000000
I,8,511,1.0000000000000000
I,8,512,1.0000000000000000
I,8,513,1.0000000000000000
I,8,514,1.0000000000000000
I,8,515,1.0000000000000000
I,8,516,1.0000000000000000
I,8,517,1.0000000000000000
I,8,518,1.0000000000000000
I,8,519,1.0000000000000000
I,8,520,1.0000000000000000
I,8,521,1.0000000000000000
I,8,522,1.0000000000000000
I,8,523,1.0000000000000000
I,8,524,1.0000000000000000
I,8,525,1.0000000000000000
I,8,526,1.0000000000000000
I,8,527,1.0000000000000000
I,8,528,1.0000000000000000
I,8,529,1.0000000000000000
I,8,530,1.0000000000000000
I,8,531,1.0000000000000000
I,8,532,1.0000000000000000
I,8,533,1.0000000000000000
I,8,534,1.0000000000000000
I,8,535,1.0000000000000000
I,8,536,1.0000000000000000
I,8,537,1.0000000000000000
I,8,538,1.0000000000000000
I,8,539,1.0000000000000000
I,8,540,1.0000000000000000
I,8,541,1.0000000000000000
I,8,542,1.0000000000000000
I,8,543,1.0000000000000000
I,8,544,1.0000000000000000
I,8,545,1.0000000000000000
I,8,546,1.0000000000000000
I,8,547,1.0000000000000000
I,8,548,1.0000000000000000
I,8,549,1.0000000000000000
I,8,550,1.0000000000000000
I,8,551,1.0000000000000000
I,8,552,1.0000000000000000
I,8,553,1.0000000000000000
I,8,554,1.0000000000000000
I,8,555,1.0000000000000000
I,8,556,1.0000000000000000
I,8,557,1.0000000000000000
I,8,558,1.0000000000000000
I,8,559,1.0000000000000000
I,8,560,1.0000000000000000
I,8,561,1.0000000000000000
I,8,562,1.0000000000000000
I,8,563,1.0000000000000000
I,8,564,1.0000000000000000
I,8,565,1.0000000000000000
I,8,566,1.0000000000000000
I,8,567,1.0000000000000000
I,8,568,1.0000000000000000
I,8,569,1.0000000000000000
I,8,570,1.0000000000000000
I,8,571,1.0000000000000000
I,8,572,1.0000000000000000
I,8,573,1.0000000000000000
I,8,574,1.0000000000000000
I,8,575,1.0000000000000000
I,8,576,1.0000000000000000
I,8,577,1.0000000000000000
I,8,578,1.0000000000000000
I,8,579,1.0000000000000000
I,8,580,1.0000000000000000
I,8,581,1.0000000000000000
I,8,582,1.0000000000000000
I,8,583,1.0000000000000000
I,8,584,1.0000000000000000
I,8,585,1.0000000000000000
I,8,586,1.0000000000000000
I,8,587,1.0000000000000000
I,8,588,1.0000000000000000
I,8,589,1.0000000000000000
I,8,590,1.0000000000000000
I,8,591,1.0000000000000000
I,8,592,1.0000000000000000
I,8,593,1.0000000000000000
I,8,594,1.0000000000000000
I,8,595,1.0000000000000000
I,8,596,1.0000000000000000
I,8,597,1.0000000000000000
I,8,598,1.0000000000000000
I,8,599,1.0000000000000000
I,8,600,1.0000000000000000
I,8,601,1.0000000000000000
I,8,602,1.0000000000000000
I,8,603,1.0000000000000000
I,8,604,1.0000000000000000
I,8,605,1.0000000000000000
I,8,606,1.0000000000000000
I,8,607,1.0000000000000000
I,8,608,1.0000000000000000
I,8,609,1.0000000000000000
I,8,610,1.0000000000000000
I,8,611,1.0000000000000000
I,8,612,1.0000000000000000
I,8,613,1.0000000000000000
I,8,614,1.0000000000000000
I,8,615,1.0000000000000000
I,8,616,1.0000000000000000
I,8,617,1.0000000000000000
I,8,618,1.0000000000000000
I,8,619,1.0000000000000000
I,8,620,1.0000000000000000
I,8,621,1.0000000000000000
I,8,622,1.0000000000000000
I,8,623,1.0000000000000000
I,8,624,1.0000000000000000
I,8,625,1.0000000000000000
I,8,626,1.0000000000000000
I,8,627,1.0000000000000000
I,8,628,1.0000000000000000
I,8,629,1.0000000000000000
I,8,630,1.0000000000000000
I,8,631,1.0000000000000000
I,8,632,1.0000000000000000
I,8,633,1.0000000000000000
I,8,634,1.0000000000000000
I,8,635,1.0000000000000000
I,8,636,1.0000000000000000
I,8,637,1.0000000000000000
I,8,638,1.0000000000000000
I,8,639,1.0000000000000000
I,8,640,1.0000000000000000
I,8,641,1.0000000000000000
I,8,642,1.0000000000000000
I,8,643,1.0000000000000000
I,8,644,1.0000000000000000
I,8,645,1.0000000000000000
I,8,646,1.0000000000000000
I,8,647,1.0000000000000000
I,8,648,1.0000000000000000
I,8,649,1.0000000000000000
I,8,650,1.0000000000000000
I,8,651,1.0000000000000000
I,8,652,1.0000000000000000
I,8,653,1.0000000000000000
I,8,654,1.0000000000000000
I,8,655,1.0000000000000000
I,8,656,1.0000000000000000
I,8,657,1.0000000000000000
I,8,658,1.0000000000000000
I,8,659,1.0000000000000000
I,8,660,1.0000000000000000
I,8,661,1.0000000000000000
I,8,662,1.0000000000000000
I,8,663,1.0000000000000000
I,8,664,1.0000000000000000
I,8,665,1.0000000000000000
I,8,666,1.0000000000000000
I,8,667,1.0000000000000000
I,8,668,1.0000000000000000
I,8,669,1.0000000000000000
I,8,670,1.0000000000000000
I,8,671,1.0000000000000000
I,8,672,1.0000000000000000
I,8,673,1.0000000000000000
I,8,674,1.0000000000000000
I,8,675,1.0000000000000000
I,8,676,1.0000000000000000
I,8,677,1.0000000000000000
I,8,678,1.0000000000000000
I,8,679,1.0000000000000000
I,8,680,1.0000000000000000
I,8,681,1.0000000000000000
I,8,682,1.0000000000000000
I,8,683,1.0000000000000000
I,8,684,1.0000000000000000
I,8,685,1.0000000000000000
I,8,686,1.0000000000000000
I,8,687,1.0000000000000000
I,8,688,1.0000000000000000
I,8,689,1.0000000000000000
I,8,690,1.0000000000000000
I,8,691,1.0000000000000000
I,8,692,1.0000000000000000
I,8,693,1.0000000000000000
I,8,694,1.0000000000000000
I,8,695,1.0000000000000000
I,8,696,1.0000000000000000
I,8,697,1.0000000000000000
I,8,698,1.0000000000000000
I,8,699,1.0000000000000000
I,8,700,1.0000000000000000
I,8,701,1.0000000000000000
I,8,702,1.0000000000000000
I,8,703,1.0000000000000000
I,8,704,1.0000000000000000
I,8,705,1.0000000000000000
I,8,706,1.0000000000000000
I,8,707,1.0000000000000000
I,8,708,1.0000000000000000
I,8,709,1.0000000000000000
I,8,710,1.0000000000000000
I,8,711,1.0000000000000000
I,8,712,1.0000000000000000
I,8,713,1.0000000000000000
I,8,714,1.0000000000000000
I,8,715,1.0000000000000000
I,8,716,1.0000000000000000
I,8,717,1.0000000000000000
I,8,718,1.0000000000000000
I,8,719,1.0000000000000000
I,8,720,1.0000000000000000
I,8,721,1.0000000000000000
I,8,722,1.0000000000000000
I,8,723,1.0000000000000000
I,8,724,1.0000000000000000
I,8,725,1.0000000000000000
I,8,726,1.0000000000000000
I,8,727,1.0000000000000000
I,8,728,1.0000000000000000
I,8,729,1.0000000000000000
I,8,730,1.0000000000000000
I,8,731,1.0000000000000000
I,8,732,1.0000000000000000
I,8,733,1.0000000000000000
I,8,734,1.0000000000000000
I,8,735,1.0000000000000000
I,8,736,1.0000000000000000
I,8,737,1.0000000000000000
I,8,738,1.0000000000000000
I,8,739,1.0000000000000000
I,8,740,1.0000000000000000
I,8,741,1.0000000000000000
I,8,742,1.0000000000000000
I,8,743,1.0000000000000000
I,8,744,1.0000000000000000
I,8,745,1.0000000000000000
I,8,746,1.0000000000000000
I,8,747,1.0000000000000000
I,8,748,1.0000000000000000
I,8,749,1.0000000000000000
I,8,750,1.0000000000000000
I,8,751,1.0000000000000000
I,8,752,1.0000000000000000
I,8,753,1.0000000000000000
I,8,754,1.0000000000000000
I,8,755,1.0000000000000000
I,8,756,1.0000000000000000
I,8,757,1.0000000000000000
I,8,758,1.0000000000000000
I,8,759,1.0000000000000000
I,8,760,1.0000000000000000
I,8,761,1.0000000000000000
I,8,762,1.0000000000000000
I,8,763,1.0000000000000000
I,8,764,1.0000000000000000
I,8,765,1.0000000000000000
I,8,766,1.0000000000000000
I,8,767,1.0000000000000000
I,8,768,1.0000000000000000
I,8,769,1.0000000000000000
I,8,770,1.0000000000000000
I,8,771,1.0000000000000000
I,8,772,1.0000000000000000
I,8,773,1.0000000000000000
I,8,774,1.0000000000000000
I,8,775,1.0000000000000000
I,8,776,1.0000000000000000
I,8,777,1.0000000000000000
I,8,778,1.0000000000000000
I,8,779,1.0000000000000000
I,8,780,1.0000000000000000
I,8,781,1.0000000000000000
I,8,782,1.0000000000000000
I,8,783,1.0000000000000000
I,8,784,1.0000000000000000
I,8,785,1.0000000000000000
I,8,786,1.0000000000000000
I,8,787,1.0000000000000000
I,8,788,1.0000000000000000
I,8,789,1.0000000000000000
I,8,790,1.0000000000000000
I,8,791,1.0000000000000000
I,8,792,1.0000000000000000
I,8,793,1.0000000000000000
I,8,794,1.0000000000000000
I,8,795,1.0000000000000000
I,8,796,1.0000000000000000
I,8,797,1.0000000000000000
I,8,798,1.0000000000000000
I,8,799,1.0000000000000000
I,8,800,1.0000000000000000
I,8,801,1.0000000000000000
I,8,802,1.0000000000000000
I,8,803,1.0000000000000000
I,8,804,1.0000000000000000
I,8,805,1.0000000000000000
I,8,806,1.0000000000000000
I,8,807,1.0000000000000000
I,8,808,1.0000000000000000
I,8,809,1.0000000000000000
I,8,810,1.0000000000000000
I,8,811,1.0000000000000000
I,8,812,1.0000000000000000
I,8,813,1.0000000000000000
I,8,814,1.0000000000000000
I,8,815,1.0000000000000000
I,8,816,1.0000000000000000
I,8,817,1.0000000000000000
I,8,818,1.0000000000000000
I,8,819,1.0000000000000000
I,8,820,1.0000000000000000
I,8,821,1.0000000000000000
I,8,822,1.0000000000000000
I,8,823,1.0000000000000000
I,8,824,1.0000000000000000
I,8,825,1.0000000000000000
I,8,826,1.0000000000000000
I,8,827,1.0000000000000000
I,8,828,1.0000000000000000
I,8,829,1.0000000000000000
I,8,830,1.0000000000000000
I,8,831,1.0000000000000000
I,8,832,1.0000000000000000
I,8,833,1.0000000000000000
I,8,834,1.0000000000000000
I,8,835,1.0000000000000000
I,8,836,1.0000000000000000
I,8,837,1.0000000000000000
I,8,838,1.0000000000000000
I,8,839,1.0000000000000000
I,8,840,1.0000000000000000
I,8,841,1.0000000000000000
I,8,842,1.0000000000000000
I,8,843,1.0000000000000000
I,8,844,1.0000000000000000
I,8,845,1.0000000000000000
I,8,846,1.0000000000000000
I,8,847,1.0000000000000000
I,8,848,1.0000000000000000
I,8,849,1.0000000000000000
I,8,850,1.0000000000000000
I,8,851,1.0000000000000000
I,8,852,1.0000000000000000
I,8,853,1.0000000000000000
I,8,854,1.0000000000000000
I,8,855,1.0000000000000000
I,8,856,1.0000000000000000
I,8,857,1.0000000000000000
I,8,858,1.0000000000000000
I,8,859,1.0000000000000000
I,8,860,1.0000000000000000
I,8,861,1.0000000000000000
I,8,862,1.0000000000000000
I,8,863,1.0000000000000000
I,8,864,1.0000000000000000
I,8,865,1.0000000000000000
I,8,866,1.0000000000000000
I,8,867,1.0000000000000000
I,8,868,1.0000000000000000
I,8,869,1.0000000000000000
I,8,870,1.0000000000000000
I,8,871,1.0000000000000000
I,8,872,1.0000000000000000
I,8,873,1.0000000000000000
I,8,874,1.0000000000000000
I,8,875,1.0000000000000000
I,8,876,1.0000000000000000
I,8,877,1.0000000000000000
I,8,878,1.0000000000000000
I,8,879,1.0000000000000000
I,8,880,1.0000000000000000
I,8,881,1.0000000000000000
I,8,882,1.0000000000000000
I,8,883,1.0000000000000000
I,8,884,1.0000000000000000
I,8,885,1.0000000000000000
I,8,886,1.0000000000000000
I,8,887,1.0000000000000000
I,8,888,1.0000000000000000
I,8,889,1.0000000000000000
I,8,890,1.0000000000000000
I,8,891,1.0000000000000000
I,8,892,1.0000000000000000
I,8,893,1.0000000000000000
I,8,894,1.0000000000000000
I,8,895,1.0000000000000000
I,8,896,1.0000000000000000
I,8,897,1.0000000000000000
I,8,898,1.0000000000000000
I,8,899,1.0000000000000000
I,8,900,1.0000000000000000
I,8,901,1.0000000000000000
I,8,902,1.0000000000000000
I,8,903,1.0000000000000000
I,8,904,1.0000000000000000
I,8,905,0.0000000000000000
I,8,906,0.0000000000000000
I,8,907,0.0000000000000000
I,8,908,0.0000000000000000
I,8,909,0.0000000000000000
I,8,910,0.0000000000000000
I,8,911,1.0000000000000000
I,8,912,1.0000000000000000
I,8,913,1.0000000000000000
I,8,914,1.0000000000000000
I,8,915,1.0000000000000000
I,8,916,1.0000000000000000
I,8,917,1.0000000000000000
I,8,918,1.0000000000000000
I,8,919,1.0000000000000000
I,8,920,1.0000000000000000
I,8,921,1.0000000000000000
I,8,922,1.0000000000000000
I,8,923,1.0000000000000000
I,8,924,1.0000000000000000
I,8,925,1.0000000000000000
I,8,926,1.0000000000000000
I,8,927,1.0000000000000000
I,8,928,1.0000000000000000
I,8,929,1.0000000000000000
I,8,930,1.0000000000000000
I,8,931,1.0000000000000000
I,8,932,1.0000000000000000
I,8,933,1.0000000000000000
I,8,934,1.0000000000000000
I,8,935,1.0000000000000000
I,8,936,1.0000000000000000
I,8,937,1.0000000000000000
I,8,938,1.0000000000000000
I,8,939,1.0000000000000000
I,8,940,1.0000000000000000
I,8,941,1.0000000000000000
I,8,942,1.0000000000000000
I,8,943,1.0000000000000000
I,8,944,1.0000000000000000
I,8,945,1.0000000000000000
I,8,946,1.0000000000000000
I,8,947,1.0000000000000000
I,8,948,1.0000000000000000
I,8,949,1.0000000000000000
I,8,950,1.0000000000000000
I,8,951,1.0000000000000000
I,8,952,1.0000000000000000
I,8,953,1.0000000000000000
I,8,954,1.0000000000000000
I,8,955,1.0000000000000000
I,8,956,1.0000000000000000
I,8,957,1.0000000000000000
I,8,958,1.0000000000000000
I,8,959,1.0000000000000000
I,8,960,1.0000000000000000
I,8,961,1.0000000000000000
I,8,962,1.0000000000000000
I,8,963,1.0000000000000000
I,8,964,1.0000000000000000
I,8,965,1.0000000000000000
I,8,966,1.0000000000000000
I,8,967,1.0000000000000000
I,8,968,1.0000000000000000
I,8,969,1.0000000000000000
I,8,970,1.0000000000000000
I,8,971,1.0000000000000000
I,8,972,1.0000000000000000
I,8,973,1.0000000000000000
I,8,974,1.0000000000000000
I,8,975,1.0000000000000000
I,8,976,1.0000000000000000
I,8,977,1.0000000000000000
I,8,978,1.0000000000000000
I,8,979,1.0000000000000000
I,8,980,1.0000000000000000
I,8,981,1.0000000000000000
I,8,982,1.0000000000000000
I,8,983,1.0000000000000000
I,8,984,1.0000000000000000
I,8,985,1.0000000000000000
I,8,986,1.0000000000000000
I,8,987,1.0000000000000000
I,8,988,1.0000000000000000
I,8,989,1.0000000000000000
I,8,990,1.0000000000000000
I,8,991,1.0000000000000000
I,8,992,1.0000000000000000
I,8,993,1.0000000000000000
I,8,994,1.0000000000000000
I,8,995,1.0000000000000000
I,8,996,1.0000000000000000
I,8,997,1.0000000000000000
I,8,998,1.0000000000000000
I,8,999,1.0000000000000000
R,8,0,121.44943101790669,6.2718436561310950,-1.2000000000000002
R,8,1,151.78682683738867,7.1305756364019090,-0.80000000000000000
R,8,2,181.68424397601154,8.4423266307653990,-0.40000000000000000
R,8,3,211.00000000000000,10.000000000000000,0.0000000000000000
R,8,4,239.68424397601154,11.557673369234601,0.40000000000000000
R,8,5,267.78682683738870,12.869424363598090,0.80000000000000000
R,8,6,295.44943101790670,13.728156343868905,1.2000000000000002
R,8,7,324.44943101790670,6.2718436561310950,-1.2000000000000002
R,8,8,354.78682683738870,7.1305756364019090,-0.80000000000000000
R,8,9,384.68424397601154,8.4423266307653990,-0.40000000000000000
R,8,10,124.00000000000000,35.000000000000000,0.0000000000000000
R,8,11,152.68424397601154,36.557673369234600,0.40000000000000000
R,8,12,180.78682683738867,37.869424363598090,0.80000000000000000
R,8,13,208.44943101790670,38.728156343868900,1.2000000000000002
R,8,14,237.44943101790670,31.271843656131093,-1.2000000000000002
R,8,15,267.78682683738870,32.130575636401910,-0.80000000000000000
R,8,16,297.68424397601154,33.442326630765400,-0.40000000000000000
R,8,17,327.00000000000000,35.000000000000000,0.0000000000000000
R,8,18,355.68424397601154,36.557673369234600,0.40000000000000000
R,8,19,383.78682683738870,37.869424363598090,0.80000000000000000
R,8,20,121.44943101790669,63.728156343868900,1.2000000000000002
R,8,21,150.44943101790670,56.271843656131100,-1.2000000000000002
R,8,22,180.78682683738867,57.130575636401910,-0.80000000000000000
R,8,23,210.68424397601154,58.442326630765400,-0.40000000000000000
R,8,24,240.00000000000000,60.000000000000000,0.0000000000000000
R,8,25,268.68424397601154,61.557673369234600,0.40000000000000000
R,8,26,296.78682683738870,62.869424363598090,0.80000000000000000
R,8,27,324.44943101790670,63.728156343868900,1.2000000000000002
R,8,28,353.44943101790670,56.271843656131100,-1.2000000000000002
R,8,29,383.78682683738870,57.130575636401910,-0.80000000000000000
R,8,30,123.68424397601154,83.442326630765400,-0.40000000000000000
R,8,31,153.00000000000000,85.000000000000000,0.0000000000000000
R,8,32,181.68424397601154,86.557673369234600,0.40000000000000000
R,8,33,209.78682683738867,87.869424363598090,0.80000000000000000
R,8,34,237.44943101790670,88.728156343868900,1.2000000000000002
R,8,35,266.44943101790670,81.271843656131100,-1.2000000000000002
R,8,36,296.78682683738870,82.130575636401910,-0.80000000000000000
R,8,37,326.68424397601154,83.442326630765400,-0.40000000000000000
R,8,38,356.00000000000000,85.000000000000000,0.0000000000000000
R,8,39,384.68424397601154,86.557673369234600,0.40000000000000000
R,8,40,122.78682683738866,112.86942436359809,0.80000000000000000
R,8,41,150.44943101790670,113.72815634386890,1.2000000000000002
R,8,42,179.44943101790670,106.27184365613110,-1.2000000000000002
R,8,43,209.78682683738867,107.13057563640191,-0.80000000000000000
R,8,44,239.68424397601154,108.44232663076540,-0.40000000000000000
R,8,45,269.00000000000000,110.00000000000000,0.0000000000000000
R,8,46,297.68424397601154,111.55767336923460,0.40000000000000000
R,8,47,325.78682683738870,112.86942436359809,0.80000000000000000
R,8,48,353.44943101790670,113.72815634386890,1.2000000000000002
R,8,49,382.44943101790670,106.27184365613110,-1.2000000000000002
R,8,50,122.78682683738866,132.13057563640191,-0.80000000000000000
R,8,51,152.68424397601154,133.44232663076540,-0.40000000000000000
R,8,52,182.00000000000000,135.00000000000000,0.0000000000000000
R,8,53,210.68424397601154,136.55767336923460,0.40000000000000000
R,8,54,238.78682683738867,137.86942436359809,0.80000000000000000
R,8,55,266.44943101790670,138.72815634386890,1.2000000000000002
R,8,56,295.44943101790670,131.27184365613110,-1.2000000000000002
R,8,57,325.78682683738870,132.13057563640191,-0.80000000000000000
R,8,58,355.68424397601154,133.44232663076540,-0.40000000000000000
R,8,59,385.00000000000000,135.00000000000000,0.0000000000000000
R,8,60,123.68424397601154,161.55767336923460,0.40000000000000000
R,8,61,151.78682683738867,162.86942436359809,0.80000000000000000
R,8,62,179.44943101790670,163.72815634386890,1.2000000000000002
R,8,63,208.44943101790670,156.27184365613110,-1.2000000000000002
R,8,64,238.78682683738867,157.13057563640191,-0.80000000000000000
R,8,65,268.68424397601154,158.44232663076540,-0.40000000000000000
R,8,66,298.00000000000000,160.00000000000000,0.0000000000000000
R,8,67,326.68424397601154,161.55767336923460,0.40000000000000000
R,8,68,354.78682683738870,162.86942436359809,0.80000000000000000
R,8,69,382.44943101790670,163.72815634386890,1.2000000000000002
R,8,70,121.44943101790669,181.27184365613110,-1.2000000000000002
R,8,71,151.78682683738867,182.13057563640191,-0.80000000000000000
R,8,72,181.68424397601154,183.44232663076540,-0.40000000000000000
R,8,73,211.00000000000000,185.00000000000000,0.0000000000000000
R,8,74,239.68424397601154,186.55767336923460,0.40000000000000000
R,8,75,267.78682683738870,187.86942436359809,0.80000000000000000
R,8,76,295.44943101790670,188.72815634386890,1.2000000000000002
R,8,77,324.44943101790670,181.27184365613110,-1.2000000000000002
R,8,78,354.78682683738870,182.13057563640191,-0.80000000000000000
R,8,79,384.68424397601154,183.44232663076540,-0.40000000000000000
R,8,80,124.00000000000000,210.00000000000000,0.0000000000000000
R,8,81,152.68424397601154,211.55767336923460,0.40000000000000000
R,8,82,180.78682683738867,212.86942436359809,0.80000000000000000
R,8,83,208.44943101790670,213.72815634386890,1.2000000000000002
R,8,84,237.44943101790670,206.27184365613110,-1.2000000000000002
R,8,85,267.78682683738870,207.13057563640191,-0.80000000000000000
R,8,86,297.68424397601154,208.44232663076540,-0.40000000000000000
R,8,87,327.00000000000000,210.00000000000000,0.0000000000000000
R,8,88,355.68424397601154,211.55767336923460,0.40000000000000000
R,8,89,383.78682683738870,212.86942436359809,0.80000000000000000
R,8,90,121.44943101790669,238.72815634386890,1.2000000000000002
R,8,91,150.44943101790670,231.27184365613110,-1.2000000000000002
R,8,92,180.78682683738867,232.13057563640191,-0.80000000000000000
R,8,93,210.68424397601154,233.44232663076540,-0.40000000000000000
R,8,94,240.00000000000000,235.00000000000000,0.0000000000000000
R,8,95,268.68424397601154,236.55767336923460,0.40000000000000000
R,8,96,296.78682683738870,237.86942436359809,0.80000000000000000
R,8,97,324.44943101790670,238.72815634386890,1.2000000000000002
R,8,98,353.44943101790670,231.27184365613110,-1.2000000000000002
R,8,99,383.78682683738870,232.13057563640191,-0.80000000000000000
I,9,0,1.0000000000000000
I,9,1,1.0000000000000000
I,9,2,1.0000000000000000
I,9,3,1.0000000000000000
I,9,4,1.0000000000000000
I,9,5,1.0000000000000000
I,9,6,1.0000000000000000
I,9,7,1.0000000000000000
I,9,8,1.0000000000000000
I,9,9,1.0000000000000000
I,9,10,1.0000000000000000
I,9,11,1.0000000000000000
I,9,12,1.0000000000000000
I,9,13,1.0000000000000000
I,9,14,1.0000000000000000
I,9,15,1.0000000000000000
I,9,16,1.0000000000000000
I,9,17,1.0000000000000000
I,9,18,1.0000000000000000
I,9,19,1.0000000000000000
I,9,20,1.0000000000000000
I,9,21,1.0000000000000000
I,9,22,1.0000000000000000
I,9,23,1.0000000000000000
I,9,24,1.0000000000000000
I,9,25,1.0000000000000000
I,9,26,1.0000000000000000
I,9,27,1.0000000000000000
I,9,28,1.0000000000000000
I,9,29,1.0000000000000000
I,9,30,1.0000000000000000
I,9,31,1.0000000000000000
I,9,32,1.0000000000000000
I,9,33,1.0000000000000000
I,9,34,1.0000000000000000
I,9,35,1.0000000000000000
I,9,36,1.0000000000000000
I,9,37,1.0000000000000000
I,9,38,1.0000000000000000
I,9,39,1.0000000000000000
I,9,40,1.0000000000000000
I,9,41,1.0000000000000000
I,9,42,1.0000000000000000
I,9,43,1.0000000000000000
I,9,44,1.0000000000000000
I,9,45,1.0000000000000000
I,9,46,1.0000000000000000
I,9,47,1.0000000000000000
I,9,48,1.0000000000000000
I,9,49,1.0000000000000000
I,9,50,1.0000000000000000
I,9,51,1.0000000000000000
I,9,52,1.0000000000000000
I,9,53,1.0000000000000000
I,9,54,1.0000000000000000
I,9,55,1.0000000000000000
I,9,56,1.0000000000000000
I,9,57,1.0000000000000000
I,9,58,1.0000000000000000
I,9,59,1.0000000000000000
I,9,60,1.0000000000000000
I,9,61,1.0000000000000000
I,9,62,1.0000000000000000
I,9,63,1.0000000000000000
I,9,64,1.0000000000000000
I,9,65,1.0000000000000000
I,9,66,1.0000000000000000
I,9,67,1.0000000000000000
I,9,68,1.0000000000000000
I,9,69,1.0000000000000000
I,9,70,1.0000000000000000
I,9,71,1.0000000000000000
I,9,72,1.0000000000000000
I,9,73,1.0000000000000000
I,9,74,1.0000000000000000
I,9,75,1.0000000000000000
I,9,76,1.0000000000000000
I,9,77,1.0000000000000000
I,9,78,1.0000000000000000
I,9,79,1.0000000000000000
I,9,80,1.0000000000000000
I,9,81,1.0000000000000000
I,9,82,1.0000000000000000
I,9,83,1.0000000000000000
I,9,84,1.0000000000000000
I,9,85,1.0000000000000000
I,9,86,1.0000000000000000
I,9,87,1.0000000000000000
I,9,88,1.0000000000000000
I,9,89,1.0000000000000000
I,9,90,1.0000000000000000
I,9,91,1.0000000000000000
I,9,92,1.0000000000000000
I,9,93,1.0000000000000000
I,9,94,1.0000000000000000
I,9,95,1.0000000000000000
I,9,96,1.0000000000000000
I,9,97,1.0000000000000000
I,9,98,1.0000000000000000
I,9,99,1.0000000000000000
I,9,100,1.0000000000000000
I,9,101,1.0000000000000000
I,9,102,1.0000000000000000
I,9,103,1.0000000000000000
I,9,104,1.0000000000000000
I,9,105,1.0000000000000000
I,9,106,1.0000000000000000
I,9,107,1.0000000000000000
I,9,108,1.0000000000000000
I,9,109,1.0000000000000000
I,9,110,1.0000000000000000
I,9,111,1.0000000000000000
I,9,112,1.0000000000000000
I,9,113,1.0000000000000000
I,9,114,1.0000000000000000
I,9,115,1.0000000000000000
I,9,116,1.0000000000000000
I,9,117,1.0000000000000000
I,9,118,1.0000000000000000
I,9,119,1.0000000000000000
I,9,120,1.0000000000000000
I,9,121,1.0000000000000000
I,9,122,1.0000000000000000
I,9,123,1.0000000000000000
I,9,124,1.0000000000000000
I,9,125,1.0000000000000000
I,9,126,1.0000000000000000
I,9,127,1.0000000000000000
I,9,128,1.0000000000000000
I,9,129,1.0000000000000000
I,9,130,1.0000000000000000
I,9,131,1.0000000000000000
I,9,132,1.0000000000000000
I,9,133,1.0000000000000000
I,9,134,1.0000000000000000
I,9,135,1.0000000000000000
I,9,136,1.0000000000000000
I,9,137,1.0000000000000000
I,9,138,1.0000000000000000
I,9,139,1.0000000000000000
I,9,140,1.0000000000000000
I,9,141,1.0000000000000000
I,9,142,1.0000000000000000
I,9,143,1.0000000000000000
I,9,144,1.0000000000000000
I,9,145,1.0000000000000000
I,9,146,1.0000000000000000
I,9,147,1.0000000000000000
I,9,148,1.0000000000000000
I,9,149,1.0000000000000000
I,9,150,1.0000000000000000
I,9,151,1.0000000000000000
I,9,152,1.0000000000000000
I,9,153,1.0000000000000000
I,9,154,1.0000000000000000
I,9,155,1.0000000000000000
I,9,156,1.0000000000000000
I,9,157,1.0000000000000000
I,9,158,1.0000000000000000
I,9,159,1.0000000000000000
I,9,160,1.0000000000000000
I,9,161,1.0000000000000000
I,9,162,1.0000000000000000
I,9,163,1.0000000000000000
I,9,164,1.0000000000000000
I,9,165,1.0000000000000000
I,9,166,1.0000000000000000
I,9,167,1.0000000000000000
I,9,168,1.0000000000000000
I,9,169,1.0000000000000000
I,9,170,1.0000000000000000
I,9,171,1.0000000000000000
I,9,172,1.0000000000000000
I,9,173,1.0000000000000000
I,9,174,1.0000000000000000
I,9,175,1.0000000000000000
I,9,176,1.0000000000000000
I,9,177,1.0000000000000000
I,9,178,1.0000000000000000
I,9,179,1.0000000000000000
I,9,180,1.0000000000000000
I,9,181,1.0000000000000000
I,9,182,1.0000000000000000
I,9,183,1.0000000000000000
I,9,184,1.0000000000000000
I,9,185,1.0000000000000000
I,9,186,1.0000000000000000
I,9,187,1.0000000000000000
I,9,188,1.0000000000000000
I,9,189,1.0000000000000000
I,9,190,1.0000000000000000
I,9,191,1.0000000000000000
I,9,192,1.0000000000000000
I,9,193,1.0000000000000000
I,9,194,1.0000000000000000
I,9,195,1.0000000000000000
I,9,196,1.0000000000000000
I,9,197,1.0000000000000000
I,9,198,1.0000000000000000
I,9,199,1.0000000000000000
I,9,200,1.0000000000000000
I,9,201,1.0000000000000000
I,9,202,1.0000000000000000
I,9,203,1.0000000000000000
I,9,204,1.0000000000000000
I,9,205,1.0000000000000000
I,9,206,1.0000000000000000
I,9,207,1.0000000000000000
I,9,208,1.0000000000000000
I,9,209,1.0000000000000000
I,9,210,1.0000000000000000
I,9,211,1.0000000000000000
I,9,212,1.0000000000000000
I,9,213,1.0000000000000000
I,9,214,1.0000000000000000
I,9,215,1.0000000000000000
I,9,216,1.0000000000000000
I,9,217,1.0000000000000000
I,9,218,1.0000000000000000
I,9,219,1.0000000000000000
I,9,220,1.0000000000000000
I,9,221,1.0000000000000000
I,9,222,1.0000000000000000
I,9,223,1.0000000000000000
I,9,224,1.0000000000000000
I,9,225,1.0000000000000000
I,9,226,1.0000000000000000
I,9,227,1.0000000000000000
I,9,228,1.0000000000000000
I,9,229,1.0000000000000000
I,9,230,1.0000000000000000
I,9,231,1.0000000000000000
I,9,232,1.0000000000000000
I,9,233,1.0000000000000000
I,9,234,1.0000000000000000
I,9,235,1.0000000000000000
I,9,236,1.0000000000000000
I,9,237,1.0000000000000000
I,9,238,1.0000000000000000
I,9,239,1.0000000000000000
I,9,240,1.0000000000000000
I,9,241,1.0000000000000000
I,9,242,1.0000000000000000
I,9,243,1.0000000000000000
I,9,244,1.0000000000000000
I,9,245,1.0000000000000000
I,9,246,1.0000000000000000
I,9,247,1.0000000000000000
I,9,248,1.0000000000000000
I,9,249,1.0000000000000000
I,9,250,1.0000000000000000
I,9,251,1.0000000000000000
I,9,252,1.0000000000000000
I,9,253,1.0000000000000000
I,9,254,1.0000000000000000
I,9,255,1.0000000000000000
I,9,256,1.0000000000000000
I,9,257,1.0000000000000000
I,9,258,1.0000000000000000
I,9,259,1.0000000000000000
I,9,260,1.0000000000000000
I,9,261,1.0000000000000000
I,9,262,1.0000000000000000
I,9,263,1.0000000000000000
I,9,264,1.0000000000000000
I,9,265,1.0000000000000000
I,9,266,1.0000000000000000
I,9,267,1.0000000000000000
I,9,268,1.0000000000000000
I,9,269,1.0000000000000000
I,9,270,1.0000000000000000
I,9,271,1.0000000000000000
I,9,272,1.0000000000000000
I,9,273,1.0000000000000000
I,9,274,1.0000000000000000
I,9,275,1.0000000000000000
I,9,276,1.0000000000000000
I,9,277,1.0000000000000000
I,9,278,1.0000000000000000
I,9,279,1.0000000000000000
I,9,280,1.0000000000000000
I,9,281,1.0000000000000000
I,9,282,1.0000000000000000
I,9,283,1.0000000000000000
I,9,284,1.0000000000000000
I,9,285,1.0000000000000000
I,9,286,1.0000000000000000
I,9,287,1.0000000000000000
I,9,288,1.0000000000000000
I,9,289,1.0000000000000000
I,9,290,1.0000000000000000
I,9,291,1.0000000000000000
I,9,292,1.0000000000000000
I,9,293,1.0000000000000000
I,9,294,1.0000000000000000
I,9,295,1.0000000000000000
I,9,296,1.0000000000000000
I,9,297,1.0000000000000000
I,9,298,1.0000000000000000
I,9,299,1.0000000000000000
I,9,300,1.0000000000000000
I,9,301,1.0000000000000000
I,9,302,1.0000000000000000
I,9,303,1.0000000000000000
I,9,304,1.0000000000000000
I,9,305,1.0000000000000000
I,9,306,1.0000000000000000
I,9,307,1.0000000000000000
I,9,308,1.0000000000000000
I,9,309,1.0000000000000000
I,9,310,1.0000000000000000
I,9,311,1.0000000000000000
I,9,312,1.0000000000000000
I,9,313,1.0000000000000000
I,9,314,1.0000000000000000
I,9,315,1.0000000000000000
I,9,316,1.0000000000000000
I,9,317,1.0000000000000000
I,9,318,1.0000000000000000
I,9,319,1.0000000000000000
I,9,320,1.0000000000000000
I,9,321,1.0000000000000000
I,9,322,1.0000000000000000
I,9,323,1.0000000000000000
I,9,324,1.0000000000000000
I,9,325,1.0000000000000000
I,9,326,1.0000000000000000
I,9,327,1.0000000000000000
I,9,328,1.0000000000000000
I,9,329,1.0000000000000000
I,9,330,1.0000000000000000
I,9,331,1.0000000000000000
I,9,332,1.0000000000000000
I,9,333,1.0000000000000000
I,9,334,1.0000000000000000
I,9,335,1.0000000000000000
I,9,336,1.0000000000000000
I,9,337,1.0000000000000000
I,9,338,1.0000000000000000
I,9,339,1.0000000000000000
I,9,340,1.0000000000000000
I,9,341,1.0000000000000000
I,9,342,1.0000000000000000
I,9,343,1.0000000000000000
I,9,344,1.0000000000000000
I,9,345,1.0000000000000000
I,9,346,1.0000000000000000
I,9,347,1.0000000000000000
I,9,348,1.0000000000000000
I,9,349,1.0000000000000000
I,9,350,1.0000000000000000
I,9,351,1.0000000000000000
I,9,352,1.0000000000000000
I,9,353,1.0000000000000000
I,9,354,1.0000000000000000
I,9,355,1.0000000000000000
I,9,356,1.0000000000000000
I,9,357,1.0000000000000000
I,9,358,1.0000000000000000
I,9,359,1.0000000000000000
I,9,360,1.0000000000000000
I,9,361,1.0000000000000000
I,9,362,1.0000000000000000
I,9,363,1.0000000000000000
I,9,364,1.0000000000000000
I,9,365,1.0000000000000000
I,9,366,1.0000000000000000
I,9,367,1.0000000000000000
I,9,368,1.0000000000000000
I,9,369,1.0000000000000000
I,9,370,1.0000000000000000
I,9,371,1.0000000000000000
I,9,372,1.0000000000000000
I,9,373,1.0000000000000000
I,9,374,1.0000000000000000
I,9,375,1.0000000000000000
I,9,376,1.0000000000000000
I,9,377,1.0000000000000000
I,9,378,1.0000000000000000
I,9,379,1.0000000000000000
I,9,380,1.0000000000000000
I,9,381,1.0000000000000000
I,9,382,1.0000000000000000
I,9,383,1.0000000000000000
I,9,384,1.0000000000000000
I,9,385,1.0000000000000000
I,9,386,1.0000000000000000
I,9,387,1.0000000000000000
I,9,388,1.0000000000000000
I,9,389,1.0000000000000000
I,9,390,1.0000000000000000
I,9,391,1.0000000000000000
I,9,392,1.0000000000000000
I,9,393,1.0000000000000000
I,9,394,1.0000000000000000
I,9,395,1.0000000000000000
I,9,396,1.0000000000000000
I,9,397,1.0000000000000000
I,9,398,1.0000000000000000
I,9,399,1.0000000000000000
I,9,400,1.0000000000000000
I,9,401,1.0000000000000000
I,9,402,1.0000000000000000
I,9,403,1.0000000000000000
I,9,404,1.0000000000000000
I,9,405,1.0000000000000000
I,9,406,1.0000000000000000
I,9,407,1.0000000000000000
I,9,408,1.0000000000000000
I,9,409,1.0000000000000000
I,9,410,1.0000000000000000
I,9,411,1.0000000000000000
I,9,412,1.0000000000000000
I,9,413,1.0000000000000000
I,9,414,1.0000000000000000
I,9,415,1.0000000000000000
I,9,416,1.0000000000000000
I,9,417,1.0000000000000000
I,9,418,1.0000000000000000
I,9,419,1.0000000000000000
I,9,420,1.0000000000000000
I,9,421,1.0000000000000000
I,9,422,1.0000000000000000
I,9,423,1.0000000000000000
I,9,424,1.0000000000000000
I,9,425,1.0000000000000000
I,9,426,1.0000000000000000
I,9,427,1.0000000000000000
I,9,428,1.0000000000000000
I,9,429,1.0000000000000000
I,9,430,1.0000000000000000
I,9,431,1.0000000000000000
I,9,432,1.0000000000000000
I,9,433,1.0000000000000000
I,9,434,1.0000000000000000
I,9,435,1.0000000000000000
I,9,436,1.0000000000000000
I,9,437,1.0000000000000000
I,9,438,1.0000000000000000
I,9,439,1.0000000000000000
I,9,440,1.0000000000000000
I,9,441,1.0000000000000000
I,9,442,1.0000000000000000
I,9,443,1.0000000000000000
I,9,444,1.0000000000000000
I,9,445,1.0000000000000000
I,9,446,1.0000000000000000
I,9,447,1.0000000000000000
I,9,448,1.0000000000000000
I,9,449,1.0000000000000000
I,9,450,1.0000000000000000
I,9,451,1.0000000000000000
I,9,452,1.0000000000000000
I,9,453,1.0000000000000000
I,9,454,1.0000000000000000
I,9,455,1.0000000000000000
I,9,456,1.0000000000000000
I,9,457,1.0000000000000000
I,9,458,1.0000000000000000
I,9,459,1.0000000000000000
I,9,460,1.0000000000000000
I,9,461,1.0000000000000000
I,9,462,1.0000000000000000
I,9,463,1.0000000000000000
I,9,464,1.0000000000000000
I,9,465,1.0000000000000000
I,9,466,1.0000000000000000
I,9,467,1.0000000000000000
I,9,468,1.0000000000000000
I,9,469,1.0000000000000000
I,9,470,1.0000000000000000
I,9,471,1.0000000000000000
I,9,472,1.0000000000000000
I,9,473,1.0000000000000000
I,9,474,1.0000000000000000
I,9,475,1.0000000000000000
I,9,476,1.0000000000000000
I,9,477,1.0000000000000000
I,9,478,1.0000000000000000
I,9,479,1.0000000000000000
I,9,480,1.0000000000000000
I,9,481,1.0000000000000000
I,9,482,1.0000000000000000
I,9,483,1.0000000000000000
I,9,484,1.0000000000000000
I,9,485,1.0000000000000000
I,9,486,1.0000000000000000
I,9,487,1.0000000000000000
I,9,488,1.0000000000000000
I,9,489,1.0000000000000000
I,9,490,1.0000000000000000
I,9,491,1.0000000000000000
I,9,492,1.0000000000000000
I,9,493,1.0000000000000000
I,9,494,1.0000000000000000
I,9,495,1.0000000000000000
I,9,496,1.0000000000000000
I,9,497,1.0000000000000000
I,9,498,1.0000000000000000
I,9,499,1.0000000000000000
I,9,500,1.0000000000000000
I,9,501,1.0000000000000000
I,9,502,1.0000000000000000
I,9,503,1.0000000000000000
I,9,504,1.0000000000000000
I,9,505,1.0000000000000000
I,9,506,1.0000000000000000
I,9,507,1.0000000000000000
I,9,508,1.0000000000000000
I,9,509,1.0000000000000000
I,9,510,1.0000000000000000
I,9,511,1.0000000000000000
I,9,512,1.0000000000000000
I,9,513,1.0000000000000000
I,9,514,1.0000000000000000
I,9,515,1.0000000000000000
I,9,516,1.0000000000000000
I,9,517,1.0000000000000000
I,9,518,1.0000000000000000
I,9,519,1.0000000000000000
I,9,520,1.0000000000000000
I,9,521,1.0000000000000000
I,9,522,1.0000000000000000
I,9,523,1.0000000000000000
I,9,524,1.0000000000000000
I,9,525,1.0000000000000000
I,9,526,1.0000000000000000
I,9,527,1.0000000000000000
I,9,528,1.0000000000000000
I,9,529,1.0000000000000000
I,9,530,1.0000000000000000
I,9,531,1.0000000000000000
I,9,532,1.0000000000000000
I,9,533,1.0000000000000000
I,9,534,1.0000000000000000
I,9,535,1.0000000000000000
I,9,536,1.0000000000000000
I,9,537,1.0000000000000000
I,9,538,1.0000000000000000
I,9,539,1.0000000000000000
I,9,540,1.0000000000000000
I,9,541,1.0000000000000000
I,9,542,1.0000000000000000
I,9,543,1.0000000000000000
I,9,544,1.0000000000000000
I,9,545,1.0000000000000000
I,9,546,1.0000000000000000
I,9,547,1.0000000000000000
I,9,548,1.0000000000000000
I,9,549,1.0000000000000000
I,9,550,1.0000000000000000
I,9,551,1.0000000000000000
I,9,552,1.0000000000000000
I,9,553,1.0000000000000000
I,9,554,1.0000000000000000
I,9,555,1.0000000000000000
I,9,556,1.0000000000000000
I,9,557,1.0000000000000000
I,9,558,1.0000000000000000
I,9,559,1.0000000000000000
I,9,560,1.0000000000000000
I,9,561,1.0000000000000000
I,9,562,1.0000000000000000
I,9,563,1.0000000000000000
I,9,564,1.0000000000000000
I,9,565,1.0000000000000000
I,9,566,1.0000000000000000
I,9,567,1.0000000000000000
I,9,568,1.0000000000000000
I,9,569,1.0000000000000000
I,9,570,1.0000000000000000
I,9,571,1.0000000000000000
I,9,572,1.0000000000000000
I,9,573,1.0000000000000000
I,9,574,1.0000000000000000
I,9,575,1.0000000000000000
I,9,576,1.0000000000000000
I,9,577,1.0000000000000000
I,9,578,1.0000000000000000
I,9,579,1.0000000000000000
I,9,580,1.0000000000000000
I,9,581,1.0000000000000000
I,9,582,1.0000000000000000
I,9,583,1.0000000000000000
I,9,584,1.0000000000000000
I,9,585,1.0000000000000000
I,9,586,1.0000000000000000
I,9,587,1.0000000000000000
I,9,588,1.0000000000000000
I,9,589,1.0000000000000000
I,9,590,1.0000000000000000
I,9,591,1.0000000000000000
I,9,592,1.0000000000000000
I,9,593,1.0000000000000000
I,9,594,1.0000000000000000
I,9,595,1.0000000000000000
I,9,596,1.0000000000000000
I,9,597,1.0000000000000000
I,9,598,1.0000000000000000
I,9,599,1.0000000000000000
I,9,600,1.0000000000000000
I,9,601,1.0000000000000000
I,9,602,1.0000000000000000
I,9,603,1.0000000000000000
I,9,604,1.0000000000000000
I,9,605,1.0000000000000000
I,9,606,1.0000000000000000
I,9,607,1.0000000000000000
I,9,608,1.0000000000000000
I,9,609,1.0000000000000000
I,9,610,1.0000000000000000
I,9,611,1.0000000000000000
I,9,612,1.0000000000000000
I,9,613,1.0000000000000000
I,9,614,1.0000000000000000
I,9,615,1.0000000000000000
I,9,616,1.0000000000000000
I,9,617,1.0000000000000000
I,9,618,1.0000000000000000
I,9,619,1.0000000000000000
I,9,620,1.0000000000000000
I,9,621,1.0000000000000000
I,9,622,1.0000000000000000
I,9,623,1.0000000000000000
I,9,624,1.0000000000000000
I,9,625,1.0000000000000000
I,9,626,1.0000000000000000
I,9,627,1.0000000000000000
I,9,628,1.0000000000000000
I,9,629,1.0000000000000000
I,9,630,1.0000000000000000
I,9,631,1.0000000000000000
I,9,632,1.0000000000000000
I,9,633,1.0000000000000000
I,9,634,1.0000000000000000
I,9,635,1.0000000000000000
I,9,636,1.0000000000000000
I,9,637,1.0000000000000000
I,9,638,1.0000000000000000
I,9,639,1.0000000000000000
I,9,640,1.0000000000000000
I,9,641,1.0000000000000000
I,9,642,1.0000000000000000
I,9,643,1.0000000000000000
I,9,644,1.0000000000000000
I,9,645,1.0000000000000000
I,9,646,1.0000000000000000
I,9,647,1.0000000000000000
I,9,648,1.0000000000000000
I,9,649,1.0000000000000000
I,9,650,1.0000000000000000
I,9,651,1.0000000000000000
I,9,652,1.0000000000000000
I,9,653,1.0000000000000000
I,9,654,1.0000000000000000
I,9,655,1.0000000000000000
I,9,656,1.0000000000000000
I,9,657,1.0000000000000000
I,9,658,1.0000000000000000
I,9,659,1.0000000000000000
I,9,660,1.0000000000000000
I,9,661,1.0000000000000000
I,9,662,1.0000000000000000
I,9,663,1.0000000000000000
I,9,664,1.0000000000000000
I,9,665,1.0000000000000000
I,9,666,1.0000000000000000
I,9,667,1.0000000000000000
I,9,668,1.0000000000000000
I,9,669,1.0000000000000000
I,9,670,1.0000000000000000
I,9,671,1.0000000000000000
I,9,672,1.0000000000000000
I,9,673,1.0000000000000000
I,9,674,1.0000000000000000
I,9,675,1.0000000000000000
I,9,676,1.0000000000000000
I,9,677,1.0000000000000000
I,9,678,1.0000000000000000
I,9,679,1.0000000000000000
I,9,680,1.0000000000000000
I,9,681,1.0000000000000000
I,9,682,1.0000000000000000
I,9,683,1.0000000000000000
I,9,684,1.0000000000000000
I,9,685,1.0000000000000000
I,9,686,1.0000000000000000
I,9,687,1.0000000000000000
I,9,688,1.0000000000000000
I,9,689,1.0000000000000000
I,9,690,1.0000000000000000
I,9,691,1.0000000000000000
I,9,692,1.0000000000000000
I,9,693,1.0000000000000000
I,9,694,1.0000000000000000
I,9,695,1.0000000000000000
I,9,696,1.0000000000000000
I,9,697,1.0000000000000000
I,9,698,1.0000000000000000
I,9,699,1.0000000000000000
I,9,700,1.0000000000000000
I,9,701,1.0000000000000000
I,9,702,1.0000000000000000
I,9,703,1.0000000000000000
I,9,704,1.0000000000000000
I,9,705,1.0000000000000000
I,9,706,1.0000000000000000
I,9,707,1.0000000000000000
I,9,708,1.0000000000000000
I,9,709,1.0000000000000000
I,9,710,1.0000000000000000
I,9,711,1.0000000000000000
I,9,712,1.0000000000000000
I,9,713,1.0000000000000000
I,9,714,1.0000000000000000
I,9,715,1.0000000000000000
I,9,716,1.0000000000000000
I,9,717,1.0000000000000000
I,9,718,1.0000000000000000
I,9,719,1.0000000000000000
I,9,720,1.0000000000000000
I,9,721,1.0000000000000000
I,9,722,1.0000000000000000
I,9,723,1.0000000000000000
I,9,724,1.0000000000000000
I,9,725,1.0000000000000000
I,9,726,1.0000000000000000
I,9,727,1.0000000000000000
I,9,728,1.0000000000000000
I,9,729,1.0000000000000000
I,9,730,1.0000000000000000
I,9,731,1.0000000000000000
I,9,732,1.0000000000000000
I,9,733,1.0000000000000000
I,9,734,1.0000000000000000
I,9,735,1.0000000000000000
I,9,736,1.0000000000000000
I,9,737,1.0000000000000000
I,9,738,1.0000000000000000
I,9,739,1.0000000000000000
I,9,740,1.0000000000000000
I,9,741,1.0000000000000000
I,9,742,1.0000000000000000
I,9,743,1.0000000000000000
I,9,744,1.0000000000000000
I,9,745,1.0000000000000000
I,9,746,1.0000000000000000
I,9,747,1.0000000000000000
I,9,748,1.0000000000000000
I,9,749,1.0000000000000000
I,9,750,1.0000000000000000
I,9,751,1.0000000000000000
I,9,752,1.0000000000000000
I,9,753,1.0000000000000000
I,9,754,1.0000000000000000
I,9,755,1.0000000000000000
I,9,756,1.0000000000000000
I,9,757,1.0000000000000000
I,9,758,1.0000000000000000
I,9,759,1.0000000000000000
I,9,760,1.0000000000000000
I,9,761,1.0000000000000000
I,9,762,1.0000000000000000
I,9,763,1.0000000000000000
I,9,764,1.0000000000000000
I,9,765,1.0000000000000000
I,9,766,1.0000000000000000
I,9,767,1.0000000000000000
I,9,768,1.0000000000000000
I,9,769,1.0000000000000000
I,9,770,1.0000000000000000
I,9,771,1.0000000000000000
I,9,772,1.0000000000000000
I,9,773,1.0000000000000000
I,9,774,1.0000000000000000
I,9,775,1.0000000000000000
I,9,776,1.0000000000000000
I,9,777,1.0000000000000000
I,9,778,1.0000000000000000
I,9,779,1.0000000000000000
I,9,780,1.0000000000000000
I,9,781,1.0000000000000000
I,9,782,1.0000000000000000
I,9,783,1.0000000000000000
I,9,784,1.0000000000000000
I,9,785,1.0000000000000000
I,9,786,1.0000000000000000
I,9,787,1.0000000000000000
I,9,788,1.0000000000000000
I,9,789,1.0000000000000000
I,9,790,1.0000000000000000
I,9,791,1.0000000000000000
I,9,792,1.0000000000000000
I,9,793,1.0000000000000000
I,9,794,1.0000000000000000
I,9,795,1.0000000000000000
I,9,796,1.0000000000000000
I,9,797,1.0000000000000000
I,9,798,1.0000000000000000
I,9,799,1.0000000000000000
I,9,800,1.0000000000000000
I,9,801,1.0000000000000000
I,9,802,1.0000000000000000
I,9,803,1.0000000000000000
I,9,804,1.0000000000000000
I,9,805,1.0000000000000000
I,9,806,1.0000000000000000
I,9,807,1.0000000000000000
I,9,808,1.0000000000000000
I,9,809,1.0000000000000000
I,9,810,1.0000000000000000
I,9,811,1.0000000000000000
I,9,812,1.0000000000000000
I,9,813,1.0000000000000000
I,9,814,1.0000000000000000
I,9,815,1.0000000000000000
I,9,816,1.0000000000000000
I,9,817,1.0000000000000000
I,9,818,1.0000000000000000
I,9,819,1.0000000000000000
I,9,820,1.0000000000000000
I,9,821,1.0000000000000000
I,9,822,1.0000000000000000
I,9,823,1.0000000000000000
I,9,824,1.0000000000000000
I,9,825,1.0000000000000000
I,9,826,1.0000000000000000
I,9,827,1.0000000000000000
I,9,828,1.0000000000000000
I,9,829,1.0000000000000000
I,9,830,1.0000000000000000
I,9,831,1.0000000000000000
I,9,832,1.0000000000000000
I,9,833,1.0000000000000000
I,9,834,1.0000000000000000
I,9,835,1.0000000000000000
I,9,836,1.0000000000000000
I,9,837,1.0000000000000000
I,9,838,1.0000000000000000
I,9,839,1.0000000000000000
I,9,840,1.0000000000000000
I,9,841,1.0000000000000000
I,9,842,1.0000000000000000
I,9,843,1.0000000000000000
I,9,844,1.0000000000000000
I,9,845,1.0000000000000000
I,9,846,1.0000000000000000
I,9,847,1.0000000000000000
I,9,848,1.0000000000000000
I,9,849,1.0000000000000000
I,9,850,1.0000000000000000
I,9,851,1.0000000000000000
I,9,852,1.0000000000000000
I,9,853,1.0000000000000000
I,9,854,1.0000000000000000
I,9,855,1.0000000000000000
I,9,856,1.0000000000000000
I,9,857,1.0000000000000000
I,9,858,1.0000000000000000
I,9,859,1.0000000000000000
I,9,860,1.0000000000000000
I,9,861,1.0000000000000000
I,9,862,1.0000000000000000
I,9,863,1.0000000000000000
I,9,864,1.0000000000000000
I,9,865,1.0000000000000000
I,9,866,1.0000000000000000
I,9,867,1.0000000000000000
I,9,868,1.0000000000000000
I,9,869,1.0000000000000000
I,9,870,1.0000000000000000
I,9,871,1.0000000000000000
I,9,872,1.0000000000000000
I,9,873,1.0000000000000000
I,9,874,1.0000000000000000
I,9,875,1.0000000000000000
I,9,876,1.0000000000000000
I,9,877,1.0000000000000000
I,9,878,1.0000000000000000
I,9,879,1.0000000000000000
I,9,880,1.0000000000000000
I,9,881,1.0000000000000000
I,9,882,1.0000000000000000
I,9,883,1.0000000000000000
I,9,884,1.0000000000000000
I,9,885,1.0000000000000000
I,9,886,1.0000000000000000
I,9,887,1.0000000000000000
I,9,888,1.0000000000000000
I,9,889,1.0000000000000000
I,9,890,1.0000000000000000
I,9,891,1.0000000000000000
I,9,892,1.0000000000000000
I,9,893,1.0000000000000000
I,9,894,1.0000000000000000
I,9,895,1.0000000000000000
I,9,896,1.0000000000000000
I,9,897,1.0000000000000000
I,9,898,1.0000000000000000
I,9,899,1.0000000000000000
I,9,900,1.0000000000000000
I,9,901,1.0000000000000000
I,9,902,1.0000000000000000
I,9,903,1.0000000000000000
I,9,904,1.0000000000000000
I,9,905,0.0000000000000000
I,9,906,0.0000000000000000
I,9,907,0.0000000000000000
I,9,908,0.0000000000000000
I,9,909,0.0000000000000000
I,9,910,0.0000000000000000
I,9,911,1.0000000000000000
I,9,912,1.0000000000000000
I,9,913,1.0000000000000000
I,9,914,1.0000000000000000
I,9,915,1.0000000000000000
I,9,916,1.0000000000000000
I,9,917,1.0000000000000000
I,9,918,1.0000000000000000
I,9,919,1.0000000000000000
I,9,920,1.0000000000000000
I,9,921,1.0000000000000000
I,9,922,1.0000000000000000
I,9,923,1.0000000000000000
I,9,924,1.0000000000000000
I,9,925,1.0000000000000000
I,9,926,1.0000000000000000
I,9,927,1.0000000000000000
I,9,928,1.0000000000000000
I,9,929,1.0000000000000000
I,9,930,1.0000000000000000
I,9,931,1.0000000000000000
I,9,932,1.0000000000000000
I,9,933,1.0000000000000000
I,9,934,1.0000000000000000
I,9,935,1.0000000000000000
I,9,936,1.0000000000000000
I,9,937,1.0000000000000000
I,9,938,1.0000000000000000
I,9,939,1.0000000000000000
I,9,940,1.0000000000000000
I,9,941,1.0000000000000000
I,9,942,1.0000000000000000
I,9,943,1.0000000000000000
I,9,944,1.0000000000000000
I,9,945,1.0000000000000000
I,9,946,1.0000000000000000
I,9,947,1.0000000000000000
I,9,948,1.0000000000000000
I,9,949,1.0000000000000000
I,9,950,1.0000000000000000
I,9,951,1.0000000000000000
I,9,952,1.0000000000000000
I,9,953,1.0000000000000000
I,9,954,1.0000000000000000
I,9,955,1.0000000000000000
I,9,956,1.0000000000000000
I,9,957,1.0000000000000000
I,9,958,1.0000000000000000
I,9,959,1.0000000000000000
I,9,960,1.0000000000000000
I,9,961,1.0000000000000000
I,9,962,1.0000000000000000
I,9,963,1.0000000000000000
I,9,964,1.0000000000000000
I,9,965,1.0000000000000000
I,9,966,1.0000000000000000
I,9,967,1.0000000000000000
I,9,968,1.0000000000000000
I,9,969,1.0000000000000000
I,9,970,1.0000000000000000
I,9,971,1.0000000000000000
I,9,972,1.0000000000000000
I,9,973,1.0000000000000000
I,9,974,1.0000000000000000
I,9,975,1.0000000000000000
I,9,976,1.0000000000000000
I,9,977,1.0000000000000000
I,9,978,1.0000000000000000
I,9,979,1.0000000000000000
I,9,980,1.0000000000000000
I,9,981,1.0000000000000000
I,9,982,1.0000000000000000
I,9,983,1.0000000000000000
I,9,984,1.0000000000000000
I,9,985,1.0000000000000000
I,9,986,1.0000000000000000
I,9,987,1.0000000000000000
I,9,988,1.0000000000000000
I,9,989,1.0000000000000000
I,9,990,1.0000000000000000
I,9,991,1.0000000000000000
I,9,992,1.0000000000000000
I,9,993,1.0000000000000000
I,9,994,1.0000000000000000
I,9,995,1.0000000000000000
I,9,996,1.0000000000000000
I,9,997,1.0000000000000000
I,9,998,1.0000000000000000
I,9,999,1.0000000000000000
R,9,0,121.44943101790669,6.2718436561310950,-1.2000000000000002
R,9,1,151.78682683738867,7.1305756364019090,-0.80000000000000000
R,9,2,181.68424397601154,8.4423266307653990,-0.40000000000000000
R,9,3,211.00000000000000,10.000000000000000,0.0000000000000000
R,9,4,239.68424397601154,11.557673369234601,0.40000000000000000
R,9,5,267.78682683738870,12.869424363598090,0.80000000000000000
R,9,6,295.44943101790670,13.728156343868905,1.2000000000000002
R,9,7,324.44943101790670,6.2718436561310950,-1.2000000000000002
R,9,8,354.78682683738870,7.1305756364019090,-0.80000000000000000
R,9,9,384.68424397601154,8.4423266307653990,-0.40000000000000000
R,9,10,124.00000000000000,35.000000000000000,0.0000000000000000
R,9,11,152.68424397601154,36.557673369234600,0.40000000000000000
R,9,12,180.78682683738867,37.869424363598090,0.80000000000000000
R,9,13,208.44943101790670,38.728156343868900,1.2000000000000002
R,9,14,237.44943101790670,31.271843656131093,-1.2000000000000002
R,9,15,267.78682683738870,32.130575636401910,-0.80000000000000000
R,9,16,297.68424397601154,33.442326630765400,-0.40000000000000000
R,9,17,327.00000000000000,35.000000000000000,0.0000000000000000
R,9,18,355.68424397601154,36.557673369234600,0.40000000000000000
R,9,19,383.78682683738870,37.869424363598090,0.80000000000000000
R,9,20,121.44943101790669,63.728156343868900,1.2000000000000002
R,9,21,150.44943101790670,56.271843656131100,-1.2000000000000002
R,9,22,180.78682683738867,57.130575636401910,-0.80000000000000000
R,9,23,210.68424397601154,58.442326630765400,-0.40000000000000000
R,9,24,240.00000000000000,60.000000000000000,0.0000000000000000
R,9,25,268.68424397601154,61.557673369234600,0.40000000000000000
R,9,26,296.78682683738870,62.869424363598090,0.80000000000000000
R,9,27,324.44943101790670,63.728156343868900,1.2000000000000002
R,9,28,353.44943101790670,56.271843656131100,-1.2000000000000002
R,9,29,383.78682683738870,57.130575636401910,-0.80000000000000000
R,9,30,123.68424397601154,83.442326630765400,-0.40000000000000000
R,9,31,153.00000000000000,85.000000000000000,0.0000000000000000
R,9,32,181.68424397601154,86.557673369234600,0.40000000000000000
R,9,33,209.78682683738867,87.869424363598090,0.80000000000000000
R,9,34,237.44943101790670,88.728156343868900,1.2000000000000002
R,9,35,266.44943101790670,81.271843656131100,-1.2000000000000002
R,9,36,296.78682683738870,82.130575636401910,-0.80000000000000000
R,9,37,326.68424397601154,83.442326630765400,-0.40000000000000000
R,9,38,356.00000000000000,85.000000000000000,0.0000000000000000
R,9,39,384.68424397601154,86.557673369234600,0.40000000000000000
R,9,40,122.78682683738866,112.86942436359809,0.80000000000000000
R,9,41,150.44943101790670,113.72815634386890,1.2000000000000002
R,9,42,179.44943101790670,106.27184365613110,-1.2000000000000002
R,9,43,209.78682683738867,107.13057563640191,-0.80000000000000000
R,9,44,239.68424397601154,108.44232663076540,-0.40000000000000000
R,9,45,269.00000000000000,110.00000000000000,0.0000000000000000
R,9,46,297.68424397601154,111.55767336923460,0.40000000000000000
R,9,47,325.78682683738870,112.86942436359809,0.80000000000000000
R,9,48,353.44943101790670,113.72815634386890,1.2000000000000002
R,9,49,382.44943101790670,106.27184365613110,-1.2000000000000002
R,9,50,122.78682683738866,132.13057563640191,-0.80000000000000000
R,9,51,152.68424397601154,133.44232663076540,-0.40000000000000000
R,9,52,182.00000000000000,135.00000000000000,0.0000000000000000
R,9,53,210.68424397601154,136.55767336923460,0.40000000000000000
R,9,54,238.78682683738867,137.86942436359809,0.80000000000000000
R,9,55,266.44943101790670,138.72815634386890,1.2000000000000002
R,9,56,295.44943101790670,131.27184365613110,-1.2000000000000002
R,9,57,325.78682683738870,132.13057563640191,-0.80000000000000000
R,9,58,355.68424397601154,133.44232663076540,-0.40000000000000000
R,9,59,385.00000000000000,135.00000000000000,0.0000000000000000
R,9,60,123.68424397601154,161.55767336923460,0.40000000000000000
R,9,61,151.78682683738867,162.86942436359809,0.80000000000000000
R,9,62,179.44943101790670,163.72815634386890,1.2000000000000002
R,9,63,208.44943101790670,156.27184365613110,-1.2000000000000002
R,9,64,238.78682683738867,157.13057563640191,-0.80000000000000000
R,9,65,268.68424397601154,158.44232663076540,-0.40000000000000000
R,9,66,298.00000000000000,160.00000000000000,0.0000000000000000
R,9,67,326.68424397601154,161.55767336923460,0.40000000000000000
R,9,68,354.78682683738870,162.86942436359809,0.80000000000000000
R,9,69,382.44943101790670,163.72815634386890,1.2000000000000002
R,9,70,121.44943101790669,181.27184365613110,-1.2000000000000002
R,9,71,151.78682683738867,182.13057563640191,-0.80000000000000000
R,9,72,181.68424397601154,183.44232663076540,-0.40000000000000000
R,9,73,211.00000000000000,185.00000000000000,0.0000000000000000
R,9,74,239.68424397601154,186.55767336923460,0.40000000000000000
R,9,75,267.78682683738870,187.86942436359809,0.80000000000000000
R,9,76,295.44943101790670,188.72815634386890,1.2000000000000002
R,9,77,324.44943101790670,181.27184365613110,-1.2000000000000002
R,9,78,354.78682683738870,182.13057563640191,-0.80000000000000000
R,9,79,384.68424397601154,183.44232663076540,-0.40000000000000000
R,9,80,124.00000000000000,210.00000000000000,0.0000000000000000
R,9,81,152.68424397601154,211.55767336923460,0.40000000000000000
R,9,82,180.78682683738867,212.86942436359809,0.80000000000000000
R,9,83,208.44943101790670,213.72815634386890,1.2000000000000002
R,9,84,237.44943101790670,206.27184365613110,-1.2000000000000002
R,9,85,267.78682683738870,207.13057563640191,-0.80000000000000000
R,9,86,297.68424397601154,208.44232663076540,-0.40000000000000000
R,9,87,327.00000000000000,210.00000000000000,0.0000000000000000
R,9,88,355.68424397601154,211.55767336923460,0.40000000000000000
R,9,89,383.78682683738870,212.86942436359809,0.80000000000000000
R,9,90,121.44943101790669,238.72815634386890,1.2000000000000002
R,9,91,150.44943101790670,231.27184365613110,-1.2000000000000002
R,9,92,180.78682683738867,232.13057563640191,-0.80000000000000000
R,9,93,210.68424397601154,233.44232663076540,-0.40000000000000000
R,9,94,240.00000000000000,235.00000000000000,0.0000000000000000
R,9,95,268.68424397601154,236.55767336923460,0.40000000000000000
R,9,96,296.78682683738870,237.86942436359809,0.80000000000000000
R,9,97,324.44943101790670,238.72815634386890,1.2000000000000002
R,9,98,353.44943101790670,231.27184365613110,-1.2000000000000002
R,9,99,383.78682683738870,232.13057563640191,-0.80000000000000000
I,15,0,1.0000000000000000
I,15,1,1.0000000000000000
I,15,2,1.0000000000000000
I,15,3,1.0000000000000000
I,15,4,1.0000000000000000
I,15,5,1.0000000000000000
I,15,6,1.0000000000000000
I,15,7,1.0000000000000000
I,15,8,1.0000000000000000
I,15,9,1.0000000000000000
I,15,10,1.0000000000000000
I,15,11,1.0000000000000000
I,15,12,1.0000000000000000
I,15,13,1.0000000000000000
I,15,14,1.0000000000000000
I,15,15,1.0000000000000000
I,15,16,1.0000000000000000
I,15,17,1.0000000000000000
I,15,18,1.0000000000000000
I,15,19,1.0000000000000000
I,15,20,1.0000000000000000
I,15,21,1.0000000000000000
I,15,22,1.0000000000000000
I,15,23,1.0000000000000000
I,15,24,1.0000000000000000
I,15,25,1.0000000000000000
I,15,26,1.0000000000000000
I,15,27,1.0000000000000000
I,15,28,1.0000000000000000
I,15,29,1.0000000000000000
I,15,30,1.0000000000000000
I,15,31,1.0000000000000000
I,15,32,1.0000000000000000
I,15,33,1.0000000000000000
I,15,34,1.0000000000000000
I,15,35,1.0000000000000000
I,15,36,1.0000000000000000
I,15,37,1.0000000000000000
I,15,38,1.0000000000000000
I,15,39,1.0000000000000000
I,15,40,1.0000000000000000
I,15,41,1.0000000000000000
I,15,42,1.0000000000000000
I,15,43,1.0000000000000000
I,15,44,1.0000000000000000
I,15,45,1.0000000000000000
I,15,46,1.0000000000000000
I,15,47,1.0000000000000000
I,15,48,1.0000000000000000
I,15,49,1.0000000000000000
I,15,50,1.0000000000000000
I,15,51,1.0000000000000000
I,15,52,1.0000000000000000
I,15,53,1.0000000000000000
I,15,54,1.0000000000000000
I,15,55,1.0000000000000000
I,15,56,1.0000000000000000
I,15,57,1.0000000000000000
I,15,58,1.0000000000000000
I,15,59,1.0000000000000000
I,15,60,1.5000000000000000
I,15,61,1.5000000000000000
I,15,62,1.5000000000000000
I,15,63,1.5000000000000000
I,15,64,1.5000000000000000
I,15,65,1.5000000000000000
I,15,66,1.0000000000000000
I,15,67,1.0000000000000000
I,15,68,1.0000000000000000
I,15,69,1.0000000000000000
I,15,70,1.0000000000000000
I,15,71,1.0000000000000000
I,15,72,1.0000000000000000
I,15,73,1.0000000000000000
I,15,74,1.0000000000000000
I,15,75,1.0000000000000000
I,15,76,1.0000000000000000
I,15,77,1.0000000000000000
I,15,78,1.0000000000000000
I,15,79,1.0000000000000000
I,15,80,1.0000000000000000
I,15,81,1.0000000000000000
I,15,82,1.0000000000000000
I,15,83,1.0000000000000000
I,15,84,1.0000000000000000
I,15,85,1.0000000000000000
I,15,86,1.0000000000000000
I,15,87,1.0000000000000000
I,15,88,1.0000000000000000
I,15,89,1.0000000000000000
I,15,90,1.0000000000000000
I,15,91,1.0000000000000000
I,15,92,1.0000000000000000
I,15,93,1.0000000000000000
I,15,94,1.0000000000000000
I,15,95,1.0000000000000000
I,15,96,1.0000000000000000
I,15,97,1.0000000000000000
I,15,98,1.5000000000000000
I,15,99,1.5000000000000000
I,15,100,1.5000000000000000
I,15,101,1.5000000000000000
I,15,102,1.5000000000000000
I,15,103,1.5000000000000000
I,15,104,1.5000000000000000
I,15,105,1.5000000000000000
I,15,106,1.5000000000000000
I,15,107,1.5000000000000000
I,15,108,1.0000000000000000
I,15,109,1.0000000000000000
I,15,110,1.0000000000000000
I,15,111,1.0000000000000000
I,15,112,1.0000000000000000
I,15,113,1.0000000000000000
I,15,114,1.0000000000000000
I,15,115,1.0000000000000000
I,15,116,1.0000000000000000
I,15,117,1.0000000000000000
I,15,118,1.0000000000000000
I,15,119,1.0000000000000000
I,15,120,1.0000000000000000
I,15,121,1.0000000000000000
I,15,122,1.0000000000000000
I,15,123,1.0000000000000000
I,15,124,1.0000000000000000
I,15,125,1.0000000000000000
I,15,126,1.0000000000000000
I,15,127,1.0000000000000000
I,15,128,1.0000000000000000
I,15,129,1.0000000000000000
I,15,130,1.0000000000000000
I,15,131,1.0000000000000000
I,15,132,1.0000000000000000
I,15,133,1.0000000000000000
I,15,134,1.0000000000000000
I,15,135,1.0000000000000000
I,15,136,1.0000000000000000
I,15,137,1.5000000000000000
I,15,138,1.5000000000000000
I,15,139,1.5000000000000000
I,15,140,1.5000000000000000
I,15,141,1.5000000000000000
I,15,142,1.5000000000000000
I,15,143,1.5000000000000000
I,15,144,1.5000000000000000
I,15,145,1.5000000000000000
I,15,146,1.5000000000000000
I,15,147,1.5000000000000000
I,15,148,1.5000000000000000
I,15,149,1.0000000000000000
I,15,150,1.0000000000000000
I,15,151,1.0000000000000000
I,15,152,1.0000000000000000
I,15,153,1.0000000000000000
I,15,154,1.0000000000000000
I,15,155,1.0000000000000000
I,15,156,1.0000000000000000
I,15,157,1.0000000000000000
I,15,158,1.0000000000000000
I,15,159,1.0000000000000000
I,15,160,1.0000000000000000
I,15,161,1.0000000000000000
I,15,162,1.0000000000000000
I,15,163,1.0000000000000000
I,15,164,1.0000000000000000
I,15,165,1.0000000000000000
I,15,166,1.0000000000000000
I,15,167,1.0000000000000000
I,15,168,1.0000000000000000
I,15,169,1.0000000000000000
I,15,170,1.0000000000000000
I,15,171,1.0000000000000000
I,15,172,1.0000000000000000
I,15,173,1.0000000000000000
I,15,174,1.0000000000000000
I,15,175,1.0000000000000000
I,15,176,1.5000000000000000
I,15,177,1.5000000000000000
I,15,178,1.5000000000000000
I,15,179,1.5000000000000000
I,15,180,1.5000000000000000
I,15,181,1.5000000000000000
I,15,182,1.5000000000000000
I,15,183,1.5000000000000000
I,15,184,1.5000000000000000
I,15,185,1.5000000000000000
I,15,186,1.5000000000000000
I,15,187,1.5000000000000000
I,15,188,1.5000000000000000
I,15,189,1.5000000000000000
I,15,190,1.0000000000000000
I,15,191,1.0000000000000000
I,15,192,1.0000000000000000
I,15,193,1.0000000000000000
I,15,194,1.0000000000000000
I,15,195,1.0000000000000000
I,15,196,1.0000000000000000
I,15,197,1.0000000000000000
I,15,198,1.0000000000000000
I,15,199,1.0000000000000000
I,15,200,1.0000000000000000
I,15,201,1.0000000000000000
I,15,202,1.0000000000000000
I,15,203,1.0000000000000000
I,15,204,1.0000000000000000
I,15,205,1.0000000000000000
I,15,206,1.0000000000000000
I,15,207,1.0000000000000000
I,15,208,1.0000000000000000
I,15,209,1.0000000000000000
I,15,210,1.0000000000000000
I,15,211,1.0000000000000000
I,15,212,1.0000000000000000
I,15,213,1.0000000000000000
I,15,214,1.0000000000000000
I,15,215,1.0000000000000000
I,15,216,1.5000000000000000
I,15,217,1.5000000000000000
I,15,218,1.5000000000000000
I,15,219,1.5000000000000000
I,15,220,1.5000000000000000
I,15,221,1.5000000000000000
I,15,222,1.5000000000000000
I,15,223,1.5000000000000000
I,15,224,1.5000000000000000
I,15,225,1.5000000000000000
I,15,226,1.5000000000000000
I,15,227,1.5000000000000000
I,15,228,1.5000000000000000
I,15,229,1.5000000000000000
I,15,230,1.0000000000000000
I,15,231,1.0000000000000000
I,15,232,1.0000000000000000
I,15,233,1.0000000000000000
I,15,234,1.0000000000000000
I,15,235,1.0000000000000000
I,15,236,1.0000000000000000
I,15,237,1.0000000000000000
I,15,238,1.0000000000000000
I,15,239,1.0000000000000000
I,15,240,1.0000000000000000
I,15,241,1.0000000000000000
I,15,242,1.0000000000000000
I,15,243,1.0000000000000000
I,15,244,1.0000000000000000
I,15,245,1.0000000000000000
I,15,246,1.0000000000000000
I,15,247,1.0000000000000000
I,15,248,1.0000000000000000
I,15,249,1.0000000000000000
I,15,250,1.0000000000000000
I,15,251,1.0000000000000000
I,15,252,1.0000000000000000
I,15,253,1.0000000000000000
I,15,254,1.0000000000000000
I,15,255,1.0000000000000000
I,15,256,1.5000000000000000
I,15,257,1.5000000000000000
I,15,258,1.5000000000000000
I,15,259,1.5000000000000000
I,15,260,1.5000000000000000
I,15,261,1.5000000000000000
I,15,262,1.5000000000000000
I,15,263,1.5000000000000000
I,15,264,1.5000000000000000
I,15,265,1.5000000000000000
I,15,266,1.5000000000000000
I,15,267,1.5000000000000000
I,15,268,1.5000000000000000
I,15,269,1.5000000000000000
I,15,270,1.5000000000000000
I,15,271,1.0000000000000000
I,15,272,1.0000000000000000
I,15,273,1.0000000000000000
I,15,274,1.0000000000000000
I,15,275,1.0000000000000000
I,15,276,1.0000000000000000
I,15,277,1.0000000000000000
I,15,278,1.0000000000000000
I,15,279,1.0000000000000000
I,15,280,1.0000000000000000
I,15,281,1.0000000000000000
I,15,282,1.0000000000000000
I,15,283,1.0000000000000000
I,15,284,1.0000000000000000
I,15,285,1.0000000000000000
I,15,286,1.0000000000000000
I,15,287,1.0000000000000000
I,15,288,1.0000000000000000
I,15,289,1.0000000000000000
I,15,290,1.0000000000000000
I,15,291,1.0000000000000000
I,15,292,1.0000000000000000
I,15,293,1.0000000000000000
I,15,294,1.0000000000000000
I,15,295,1.5000000000000000
I,15,296,1.5000000000000000
I,15,297,1.5000000000000000
I,15,298,1.5000000000000000
I,15,299,1.5000000000000000
I,15,300,1.5000000000000000
I,15,301,1.5000000000000000
I,15,302,1.5000000000000000
I,15,303,1.5000000000000000
I,15,304,1.5000000000000000
I,15,305,1.5000000000000000
I,15,306,1.5000000000000000
I,15,307,1.5000000000000000
I,15,308,1.5000000000000000
I,15,309,1.5000000000000000
I,15,310,1.5000000000000000
I,15,311,1.0000000000000000
I,15,312,1.0000000000000000
I,15,313,1.0000000000000000
I,15,314,1.0000000000000000
I,15,315,1.0000000000000000
I,15,316,1.0000000000000000
I,15,317,1.0000000000000000
I,15,318,1.0000000000000000
I,15,319,1.0000000000000000
I,15,320,1.0000000000000000
I,15,321,1.0000000000000000
I,15,322,1.0000000000000000
I,15,323,1.0000000000000000
I,15,324,1.0000000000000000
I,15,325,1.0000000000000000
I,15,326,1.0000000000000000
I,15,327,1.0000000000000000
I,15,328,1.0000000000000000
I,15,329,1.0000000000000000
I,15,330,1.0000000000000000
I,15,331,1.0000000000000000
I,15,332,1.0000000000000000
I,15,333,1.0000000000000000
I,15,334,1.0000000000000000
I,15,335,1.5000000000000000
I,15,336,1.5000000000000000
I,15,337,1.5000000000000000
I,15,338,1.5000000000000000
I,15,339,1.5000000000000000
I,15,340,1.5000000000000000
I,15,341,1.5000000000000000
I,15,342,1.5000000000000000
I,15,343,1.5000000000000000
I,15,344,1.5000000000000000
I,15,345,1.5000000000000000
I,15,346,1.5000000000000000
I,15,347,1.5000000000000000
I,15,348,1.5000000000000000
I,15,349,1.5000000000000000
I,15,350,1.5000000000000000
I,15,351,1.0000000000000000
I,15,352,1.0000000000000000
I,15,353,1.0000000000000000
I,15,354,1.0000000000000000
I,15,355,1.0000000000000000
I,15,356,1.0000000000000000
I,15,357,1.0000000000000000
I,15,358,1.0000000000000000
I,15,359,1.0000000000000000
I,15,360,1.0000000000000000
I,15,361,1.0000000000000000
I,15,362,1.0000000000000000
I,15,363,1.0000000000000000
I,15,364,1.0000000000000000
I,15,365,1.0000000000000000
I,15,366,1.0000000000000000
I,15,367,1.0000000000000000
I,15,368,1.0000000000000000
I,15,369,1.0000000000000000
I,15,370,1.0000000000000000
I,15,371,1.0000000000000000
I,15,372,1.0000000000000000
I,15,373,1.0000000000000000
I,15,374,1.0000000000000000
I,15,375,1.0000000000000000
I,15,376,1.5000000000000000
I,15,377,1.5000000000000000
I,15,378,1.5000000000000000
I,15,379,1.5000000000000000
I,15,380,1.5000000000000000
I,15,381,1.5000000000000000
I,15,382,1.5000000000000000
I,15,383,1.5000000000000000
I,15,384,1.5000000000000000
I,15,385,1.5000000000000000
I,15,386,1.5000000000000000
I,15,387,1.5000000000000000
I,15,388,1.5000000000000000
I,15,389,1.5000000000000000
I,15,390,1.5000000000000000
I,15,391,1.0000000000000000
I,15,392,1.0000000000000000
I,15,393,1.0000000000000000
I,15,394,1.0000000000000000
I,15,395,1.0000000000000000
I,15,396,1.0000000000000000
I,15,397,1.0000000000000000
I,15,398,1.0000000000000000
I,15,399,1.0000000000000000
I,15,400,1.0000000000000000
I,15,401,1.0000000000000000
I,15,402,1.0000000000000000
I,15,403,1.0000000000000000
I,15,404,1.0000000000000000
I,15,405,1.0000000000000000
I,15,406,1.0000000000000000
I,15,407,1.0000000000000000
I,15,408,1.0000000000000000
I,15,409,1.0000000000000000
I,15,410,1.0000000000000000
I,15,411,1.0000000000000000
I,15,412,1.0000000000000000
I,15,413,1.0000000000000000
I,15,414,1.0000000000000000
I,15,415,1.0000000000000000
I,15,416,1.5000000000000000
I,15,417,1.5000000000000000
I,15,418,1.5000000000000000
I,15,419,1.5000000000000000
I,15,420,1.5000000000000000
I,15,421,1.5000000000000000
I,15,422,1.5000000000000000
I,15,423,1.5000000000000000
I,15,424,1.5000000000000000
I,15,425,1.5000000000000000
I,15,426,1.5000000000000000
I,15,427,1.5000000000000000
I,15,428,1.5000000000000000
I,15,429,1.5000000000000000
I,15,430,1.0000000000000000
I,15,431,1.0000000000000000
I,15,432,1.0000000000000000
I,15,433,1.0000000000000000
I,15,434,1.0000000000000000
I,15,435,1.0000000000000000
I,15,436,1.0000000000000000
I,15,437,1.0000000000000000
I,15,438,1.0000000000000000
I,15,439,1.0000000000000000
I,15,440,1.0000000000000000
I,15,441,1.0000000000000000
I,15,442,1.0000000000000000
I,15,443,1.0000000000000000
I,15,444,1.0000000000000000
I,15,445,1.0000000000000000
I,15,446,1.0000000000000000
I,15,447,1.0000000000000000
I,15,448,1.0000000000000000
I,15,449,1.0000000000000000
I,15,450,1.0000000000000000
I,15,451,1.0000000000000000
I,15,452,1.0000000000000000
I,15,453,1.0000000000000000
I,15,454,1.0000000000000000
I,15,455,1.0000000000000000
I,15,456,1.5000000000000000
I,15,457,1.5000000000000000
I,15,458,1.5000000000000000
I,15,459,1.5000000000000000
I,15,460,1.5000000000000000
I,15,461,1.5000000000000000
I,15,462,1.5000000000000000
I,15,463,1.5000000000000000
I,15,464,1.5000000000000000
I,15,465,1.5000000000000000
I,15,466,1.5000000000000000
I,15,467,1.5000000000000000
I,15,468,1.5000000000000000
I,15,469,1.5000000000000000
I,15,470,1.0000000000000000
I,15,471,1.0000000000000000
I,15,472,1.0000000000000000
I,15,473,1.0000000000000000
I,15,474,1.0000000000000000
I,15,475,1.0000000000000000
I,15,476,1.0000000000000000
I,15,477,1.0000000000000000
I,15,478,1.0000000000000000
I,15,479,1.0000000000000000
I,15,480,1.0000000000000000
I,15,481,1.0000000000000000
I,15,482,1.0000000000000000
I,15,483,1.0000000000000000
I,15,484,1.0000000000000000
I,15,485,1.0000000000000000
I,15,486,1.0000000000000000
I,15,487,1.0000000000000000
I,15,488,1.0000000000000000
I,15,489,1.0000000000000000
I,15,490,1.0000000000000000
I,15,491,1.0000000000000000
I,15,492,1.0000000000000000
I,15,493,1.0000000000000000
I,15,494,1.0000000000000000
I,15,495,1.0000000000000000
I,15,496,1.0000000000000000
I,15,497,1.5000000000000000
I,15,498,1.5000000000000000
I,15,499,1.5000000000000000
I,15,500,1.5000000000000000
I,15,501,1.5000000000000000
I,15,502,1.5000000000000000
I,15,503,1.5000000000000000
I,15,504,1.5000000000000000
I,15,505,1.5000000000000000
I,15,506,1.5000000000000000
I,15,507,1.5000000000000000
I,15,508,1.5000000000000000
I,15,509,1.0000000000000000
I,15,510,1.0000000000000000
I,15,511,1.0000000000000000
I,15,512,1.0000000000000000
I,15,513,1.0000000000000000
I,15,514,1.0000000000000000
I,15,515,1.0000000000000000
I,15,516,1.0000000000000000
I,15,517,1.0000000000000000
I,15,518,1.0000000000000000
I,15,519,1.0000000000000000
I,15,520,1.0000000000000000
I,15,521,1.0000000000000000
I,15,522,1.0000000000000000
I,15,523,1.0000000000000000
I,15,524,1.0000000000000000
I,15,525,1.0000000000000000
I,15,526,1.0000000000000000
I,15,527,1.0000000000000000
I,15,528,1.0000000000000000
I,15,529,1.0000000000000000
I,15,530,1.0000000000000000
I,15,531,1.0000000000000000
I,15,532,1.0000000000000000
I,15,533,1.0000000000000000
I,15,534,1.0000000000000000
I,15,535,1.0000000000000000
I,15,536,1.0000000000000000
I,15,537,1.0000000000000000
I,15,538,1.0000000000000000
I,15,539,1.5000000000000000
I,15,540,1.5000000000000000
I,15,541,1.5000000000000000
I,15,542,1.5000000000000000
I,15,543,1.5000000000000000
I,15,544,1.5000000000000000
I,15,545,1.5000000000000000
I,15,546,1.5000000000000000
I,15,547,1.5000000000000000
I,15,548,1.0000000000000000
I,15,549,1.0000000000000000
I,15,550,1.0000000000000000
I,15,551,1.0000000000000000
I,15,552,1.0000000000000000
I,15,553,1.0000000000000000
I,15,554,1.0000000000000000
I,15,555,1.0000000000000000
I,15,556,1.0000000000000000
I,15,557,1.0000000000000000
I,15,558,1.0000000000000000
I,15,559,1.0000000000000000
I,15,560,1.0000000000000000
I,15,561,1.0000000000000000
I,15,562,1.0000000000000000
I,15,563,1.0000000000000000
I,15,564,1.0000000000000000
I,15,565,1.0000000000000000
I,15,566,1.0000000000000000
I,15,567,1.0000000000000000
I,15,568,1.0000000000000000
I,15,569,1.0000000000000000
I,15,570,1.0000000000000000
I,15,571,1.0000000000000000
I,15,572,1.0000000000000000
I,15,573,1.0000000000000000
I,15,574,1.0000000000000000
I,15,575,1.0000000000000000
I,15,576,1.0000000000000000
I,15,577,1.0000000000000000
I,15,578,1.0000000000000000
I,15,579,1.0000000000000000
I,15,580,1.0000000000000000
I,15,581,1.5000000000000000
I,15,582,1.5000000000000000
I,15,583,1.5000000000000000
I,15,584,1.5000000000000000
I,15,585,1.0000000000000000
I,15,586,1.0000000000000000
I,15,587,1.0000000000000000
I,15,588,1.0000000000000000
I,15,589,1.0000000000000000
I,15,590,1.0000000000000000
I,15,591,1.0000000000000000
I,15,592,1.0000000000000000
I,15,593,1.0000000000000000
I,15,594,1.0000000000000000
I,15,595,1.0000000000000000
I,15,596,1.0000000000000000
I,15,597,1.0000000000000000
I,15,598,1.0000000000000000
I,15,599,1.0000000000000000
I,15,600,1.0000000000000000
I,15,601,1.0000000000000000
I,15,602,1.0000000000000000
I,15,603,1.0000000000000000
I,15,604,1.0000000000000000
I,15,605,1.0000000000000000
I,15,606,1.0000000000000000
I,15,607,1.0000000000000000
I,15,608,1.0000000000000000
I,15,609,1.0000000000000000
I,15,610,1.0000000000000000
I,15,611,1.0000000000000000
I,15,612,1.0000000000000000
I,15,613,1.0000000000000000
I,15,614,1.0000000000000000
I,15,615,1.0000000000000000
I,15,616,1.0000000000000000
I,15,617,1.0000000000000000
I,15,618,1.0000000000000000
I,15,619,1.0000000000000000
I,15,620,1.0000000000000000
I,15,621,1.0000000000000000
I,15,622,1.0000000000000000
I,15,623,1.0000000000000000
I,15,624,1.0000000000000000
I,15,625,1.0000000000000000
I,15,626,1.0000000000000000
I,15,627,1.0000000000000000
I,15,628,1.0000000000000000
I,15,629,1.0000000000000000
I,15,630,1.0000000000000000
I,15,631,1.0000000000000000
I,15,632,1.0000000000000000
I,15,633,1.0000000000000000
I,15,634,1.0000000000000000
I,15,635,1.0000000000000000
I,15,636,1.0000000000000000
I,15,637,1.0000000000000000
I,15,638,1.0000000000000000
I,15,639,1.0000000000000000
I,15,640,1.0000000000000000
I,15,641,1.0000000000000000
I,15,642,1.0000000000000000
I,15,643,1.0000000000000000
I,15,644,1.0000000000000000
I,15,645,1.0000000000000000
I,15,646,1.0000000000000000
I,15,647,1.0000000000000000
I,15,648,1.0000000000000000
I,15,649,1.0000000000000000
I,15,650,1.0000000000000000
I,15,651,1.0000000000000000
I,15,652,1.0000000000000000
I,15,653,1.0000000000000000
I,15,654,1.0000000000000000
I,15,655,1.0000000000000000
I,15,656,1.0000000000000000
I,15,657,1.0000000000000000
I,15,658,1.0000000000000000
I,15,659,1.0000000000000000
I,15,660,1.0000000000000000
I,15,661,1.0000000000000000
I,15,662,1.0000000000000000
I,15,663,1.0000000000000000
I,15,664,1.0000000000000000
I,15,665,1.0000000000000000
I,15,666,1.0000000000000000
I,15,667,1.0000000000000000
I,15,668,1.0000000000000000
I,15,669,1.0000000000000000
I,15,670,1.0000000000000000
I,15,671,1.0000000000000000
I,15,672,1.0000000000000000
I,15,673,1.0000000000000000
I,15,674,1.0000000000000000
I,15,675,1.0000000000000000
I,15,676,1.0000000000000000
I,15,677,1.0000000000000000
I,15,678,1.0000000000000000
I,15,679,1.0000000000000000
I,15,680,1.0000000000000000
I,15,681,1.0000000000000000
I,15,682,1.0000000000000000
I,15,683,1.0000000000000000
I,15,684,1.0000000000000000
I,15,685,1.0000000000000000
I,15,686,1.0000000000000000
I,15,687,1.0000000000000000
I,15,688,1.0000000000000000
I,15,689,1.0000000000000000
I,15,690,1.0000000000000000
I,15,691,1.0000000000000000
I,15,692,1.0000000000000000
I,15,693,1.0000000000000000
I,15,694,1.0000000000000000
I,15,695,1.0000000000000000
I,15,696,1.0000000000000000
I,15,697,1.0000000000000000
I,15,698,1.0000000000000000
I,15,699,1.0000000000000000
I,15,700,1.0000000000000000
I,15,701,1.0000000000000000
I,15,702,1.0000000000000000
I,15,703,1.0000000000000000
I,15,704,1.0000000000000000
I,15,705,1.0000000000000000
I,15,706,1.0000000000000000
I,15,707,1.0000000000000000
I,15,708,1.0000000000000000
I,15,709,1.0000000000000000
I,15,710,1.0000000000000000
I,15,711,1.0000000000000000
I,15,712,1.0000000000000000
I,15,713,1.0000000000000000
I,15,714,1.0000000000000000
I,15,715,1.0000000000000000
I,15,716,1.0000000000000000
I,15,717,1.0000000000000000
I,15,718,1.0000000000000000
I,15,719,1.0000000000000000
I,15,720,1.0000000000000000
I,15,721,1.0000000000000000
I,15,722,1.0000000000000000
I,15,723,1.0000000000000000
I,15,724,1.0000000000000000
I,15,725,1.0000000000000000
I,15,726,1.0000000000000000
I,15,727,1.0000000000000000
I,15,728,1.0000000000000000
I,15,729,1.0000000000000000
I,15,730,1.0000000000000000
I,15,731,1.0000000000000000
I,15,732,1.0000000000000000
I,15,733,1.0000000000000000
I,15,734,1.0000000000000000
I,15,735,1.0000000000000000
I,15,736,1.0000000000000000
I,15,737,1.0000000000000000
I,15,738,1.0000000000000000
I,15,739,1.0000000000000000
I,15,740,1.0000000000000000
I,15,741,1.0000000000000000
I,15,742,1.0000000000000000
I,15,743,1.0000000000000000
I,15,744,1.0000000000000000
I,15,745,1.0000000000000000
I,15,746,1.0000000000000000
I,15,747,1.0000000000000000
I,15,748,1.0000000000000000
I,15,749,1.0000000000000000
I,15,750,1.0000000000000000
I,15,751,1.0000000000000000
I,15,752,1.0000000000000000
I,15,753,1.0000000000000000
I,15,754,1.0000000000000000
I,15,755,1.0000000000000000
I,15,756,1.0000000000000000
I,15,757,1.0000000000000000
I,15,758,1.0000000000000000
I,15,759,1.0000000000000000
I,15,760,1.0000000000000000
I,15,761,1.0000000000000000
I,15,762,1.0000000000000000
I,15,763,1.0000000000000000
I,15,764,1.0000000000000000
I,15,765,1.0000000000000000
I,15,766,1.0000000000000000
I,15,767,1.0000000000000000
I,15,768,1.0000000000000000
I,15,769,1.0000000000000000
I,15,770,1.0000000000000000
I,15,771,1.0000000000000000
I,15,772,1.0000000000000000
I,15,773,1.0000000000000000
I,15,774,1.0000000000000000
I,15,775,1.0000000000000000
I,15,776,1.0000000000000000
I,15,777,1.0000000000000000
I,15,778,1.0000000000000000
I,15,779,1.0000000000000000
I,15,780,1.0000000000000000
I,15,781,1.0000000000000000
I,15,782,1.0000000000000000
I,15,783,1.0000000000000000
I,15,784,1.0000000000000000
I,15,785,1.0000000000000000
I,15,786,1.0000000000000000
I,15,787,1.0000000000000000
I,15,788,1.0000000000000000
I,15,789,1.0000000000000000
I,15,790,1.0000000000000000
I,15,791,1.0000000000000000
I,15,792,1.0000000000000000
I,15,793,1.0000000000000000
I,15,794,1.0000000000000000
I,15,795,1.0000000000000000
I,15,796,1.0000000000000000
I,15,797,1.0000000000000000
I,15,798,1.0000000000000000
I,15,799,1.0000000000000000
I,15,800,1.0000000000000000
I,15,801,1.0000000000000000
I,15,802,1.0000000000000000
I,15,803,1.0000000000000000
I,15,804,1.0000000000000000
I,15,805,1.0000000000000000
I,15,806,1.0000000000000000
I,15,807,1.0000000000000000
I,15,808,1.0000000000000000
I,15,809,1.0000000000000000
I,15,810,1.0000000000000000
I,15,811,1.0000000000000000
I,15,812,1.0000000000000000
I,15,813,1.0000000000000000
I,15,814,1.0000000000000000
I,15,815,1.0000000000000000
I,15,816,1.0000000000000000
I,15,817,1.0000000000000000
I,15,818,1.0000000000000000
I,15,819,1.0000000000000000
I,15,820,1.0000000000000000
I,15,821,1.0000000000000000
I,15,822,1.0000000000000000
I,15,823,1.0000000000000000
I,15,824,1.0000000000000000
I,15,825,1.0000000000000000
I,15,826,1.0000000000000000
I,15,827,1.0000000000000000
I,15,828,1.0000000000000000
I,15,829,1.0000000000000000
I,15,830,1.0000000000000000
I,15,831,1.0000000000000000
I,15,832,1.0000000000000000
I,15,833,1.0000000000000000
I,15,834,1.0000000000000000
I,15,835,1.0000000000000000
I,15,836,1.0000000000000000
I,15,837,1.0000000000000000
I,15,838,1.0000000000000000
I,15,839,1.0000000000000000
I,15,840,1.0000000000000000
I,15,841,1.0000000000000000
I,15,842,1.0000000000000000
I,15,843,1.0000000000000000
I,15,844,1.0000000000000000
I,15,845,1.0000000000000000
I,15,846,1.0000000000000000
I,15,847,1.0000000000000000
I,15,848,1.0000000000000000
I,15,849,1.0000000000000000
I,15,850,1.0000000000000000
I,15,851,1.0000000000000000
I,15,852,1.0000000000000000
I,15,853,1.0000000000000000
I,15,854,1.0000000000000000
I,15,855,1.0000000000000000
I,15,856,1.0000000000000000
I,15,857,1.0000000000000000
I,15,858,1.0000000000000000
I,15,859,1.0000000000000000
I,15,860,1.0000000000000000
I,15,861,1.0000000000000000
I,15,862,1.0000000000000000
I,15,863,1.0000000000000000
I,15,864,1.0000000000000000
I,15,865,1.0000000000000000
I,15,866,1.0000000000000000
I,15,867,1.0000000000000000
I,15,868,1.0000000000000000
I,15,869,1.0000000000000000
I,15,870,1.0000000000000000
I,15,871,1.0000000000000000
I,15,872,1.0000000000000000
I,15,873,1.0000000000000000
I,15,874,1.0000000000000000
I,15,875,1.0000000000000000
I,15,876,1.0000000000000000
I,15,877,1.0000000000000000
I,15,878,1.0000000000000000
I,15,879,1.0000000000000000
I,15,880,1.0000000000000000
I,15,881,1.0000000000000000
I,15,882,1.0000000000000000
I,15,883,1.0000000000000000
I,15,884,1.0000000000000000
I,15,885,1.0000000000000000
I,15,886,1.0000000000000000
I,15,887,1.0000000000000000
I,15,888,1.0000000000000000
I,15,889,1.0000000000000000
I,15,890,1.0000000000000000
I,15,891,1.0000000000000000
I,15,892,1.0000000000000000
I,15,893,1.0000000000000000
I,15,894,1.0000000000000000
I,15,895,1.0000000000000000
I,15,896,1.0000000000000000
I,15,897,1.0000000000000000
I,15,898,1.0000000000000000
I,15,899,1.0000000000000000
I,15,900,1.0000000000000000
I,15,901,1.0000000000000000
I,15,902,1.0000000000000000
I,15,903,1.0000000000000000
I,15,904,1.0000000000000000
I,15,905,0.0000000000000000
I,15,906,0.0000000000000000
I,15,907,0.0000000000000000
I,15,908,0.0000000000000000
I,15,909,0.0000000000000000
I,15,910,0.0000000000000000
I,15,911,1.0000000000000000
I,15,912,1.0000000000000000
I,15,913,1.0000000000000000
I,15,914,1.0000000000000000
I,15,915,1.0000000000000000
I,15,916,1.0000000000000000
I,15,917,1.0000000000000000
I,15,918,1.0000000000000000
I,15,919,1.0000000000000000
I,15,920,1.0000000000000000
I,15,921,1.0000000000000000
I,15,922,1.0000000000000000
I,15,923,1.0000000000000000
I,15,924,1.0000000000000000
I,15,925,1.0000000000000000
I,15,926,1.0000000000000000
I,15,927,1.0000000000000000
I,15,928,1.0000000000000000
I,15,929,1.0000000000000000
I,15,930,1.0000000000000000
I,15,931,1.0000000000000000
I,15,932,1.0000000000000000
I,15,933,1.0000000000000000
I,15,934,1.0000000000000000
I,15,935,1.0000000000000000
I,15,936,1.0000000000000000
I,15,937,1.0000000000000000
I,15,938,1.0000000000000000
I,15,939,1.0000000000000000
I,15,940,1.0000000000000000
I,15,941,1.0000000000000000
I,15,942,1.0000000000000000
I,15,943,1.0000000000000000
I,15,944,1.0000000000000000
I,15,945,1.0000000000000000
I,15,946,1.0000000000000000
I,15,947,1.0000000000000000
I,15,948,1.0000000000000000
I,15,949,1.0000000000000000
I,15,950,1.0000000000000000
I,15,951,1.0000000000000000
I,15,952,1.0000000000000000
I,15,953,1.0000000000000000
I,15,954,1.0000000000000000
I,15,955,1.0000000000000000
I,15,956,1.0000000000000000
I,15,957,1.0000000000000000
I,15,958,1.0000000000000000
I,15,959,1.0000000000000000
I,15,960,1.0000000000000000
I,15,961,1.0000000000000000
I,15,962,1.0000000000000000
I,15,963,1.0000000000000000
I,15,964,1.0000000000000000
I,15,965,1.0000000000000000
I,15,966,1.0000000000000000
I,15,967,1.0000000000000000
I,15,968,1.0000000000000000
I,15,969,1.0000000000000000
I,15,970,1.0000000000000000
I,15,971,1.0000000000000000
I,15,972,1.0000000000000000
I,15,973,1.0000000000000000
I,15,974,1.0000000000000000
I,15,975,1.0000000000000000
I,15,976,1.0000000000000000
I,15,977,1.0000000000000000
I,15,978,1.0000000000000000
I,15,979,1.0000000000000000
I,15,980,1.0000000000000000
I,15,981,1.0000000000000000
I,15,982,1.0000000000000000
I,15,983,1.0000000000000000
I,15,984,1.0000000000000000
I,15,985,1.0000000000000000
I,15,986,1.0000000000000000
I,15,987,1.0000000000000000
I,15,988,1.0000000000000000
I,15,989,1.0000000000000000
I,15,990,1.0000000000000000
I,15,991,1.0000000000000000
I,15,992,1.0000000000000000
I,15,993,1.0000000000000000
I,15,994,1.0000000000000000
I,15,995,1.0000000000000000
I,15,996,1.0000000000000000
I,15,997,1.0000000000000000
I,15,998,1.0000000000000000
I,15,999,1.0000000000000000
R,15,0,121.44943101790669,6.2718436561310950,-1.2000000000000002
R,15,1,151.78682683738867,7.1305756364019090,-0.80000000000000000
R,15,2,181.68424397601154,8.4423266307653990,-0.40000000000000000
R,15,3,211.00000000000000,10.000000000000000,0.0000000000000000
R,15,4,239.68424397601154,11.557673369234601,0.40000000000000000
R,15,5,267.78682683738870,12.869424363598090,0.80000000000000000
R,15,6,295.44943101790670,13.728156343868905,1.2000000000000002
R,15,7,324.44943101790670,6.2718436561310950,-1.2000000000000002
R,15,8,354.78682683738870,7.1305756364019090,-0.80000000000000000
R,15,9,384.68424397601154,8.4423266307653990,-0.40000000000000000
R,15,10,124.00000000000000,35.000000000000000,0.0000000000000000
R,15,11,152.68424397601154,36.557673369234600,0.40000000000000000
R,15,12,180.78682683738867,37.869424363598090,0.80000000000000000
R,15,13,208.44943101790670,38.728156343868900,1.2000000000000002
R,15,14,237.44943101790670,31.271843656131093,-1.2000000000000002
R,15,15,267.78682683738870,32.130575636401910,-0.80000000000000000
R,15,16,296.45616265067434,33.961551087176930,-0.40000000000000000
R,15,17,325.66666666666670,35.000000000000000,0.0000000000000000
R,15,18,354.45616265067434,36.038448912823070,0.40000000000000000
R,15,19,382.85788455825910,36.912949575732064,0.80000000000000000
R,15,20,121.44943101790669,63.728156343868900,1.2000000000000002
R,15,21,150.44943101790670,56.271843656131100,-1.2000000000000002
R,15,22,180.78682683738867,57.130575636401910,-0.80000000000000000
R,15,23,210.68424397601154,58.442326630765400,-0.40000000000000000
R,15,24,240.00000000000000,60.000000000000000,0.0000000000000000
R,15,25,267.45616265067434,61.038448912823070,0.40000000000000000
R,15,26,295.85788455825910,61.912949575732064,0.80000000000000000
R,15,27,323.96628734527116,62.485437562579270,1.2000000000000002
R,15,28,352.96628734527116,57.514562437420730,-1.2000000000000002
R,15,29,382.85788455825910,58.087050424267936,-0.80000000000000000
R,15,30,123.68424397601154,83.442326630765400,-0.40000000000000000
R,15,31,153.00000000000000,85.000000000000000,0.0000000000000000
R,15,32,181.68424397601154,86.557673369234600,0.40000000000000000
R,15,33,209.78682683738867,87.869424363598090,0.80000000000000000
R,15,34,237.46122689979770,88.651396963704670,0.87587036183989940
R,15,35,265.96628734527116,82.514562437420740,-1.2000000000000002
R,15,36,295.85788455825910,83.087050424267940,-0.80000000000000000
R,15,37,325.45616265067434,83.961551087176930,-0.40000000000000000
R,15,38,354.66666666666670,85.000000000000000,0.0000000000000000
R,15,39,383.45616265067434,86.038448912823070,0.40000000000000000
R,15,40,122.78682683738866,112.86942436359809,0.80000000000000000
R,15,41,150.44943101790670,113.72815634386890,1.2000000000000002
R,15,42,179.44943101790670,106.27184365613110,-1.2000000000000002
R,15,43,209.78682683738867,107.13057563640191,-0.80000000000000000
R,15,44,238.45616265067437,108.96155108717693,-0.40000000000000000
R,15,45,267.66666666666670,110.00000000000000,0.0000000000000000
R,15,46,296.45616265067434,111.03844891282307,0.40000000000000000
R,15,47,324.85788455825910,111.91294957573206,0.80000000000000000
R,15,48,352.96628734527116,112.48543756257926,1.2000000000000002
R,15,49,381.96628734527116,107.51456243742074,-1.2000000000000002
R,15,50,122.78682683738866,132.13057563640191,-0.80000000000000000
R,15,51,152.68424397601154,133.44232663076540,-0.40000000000000000
R,15,52,182.00000000000000,135.00000000000000,0.0000000000000000
R,15,53,210.68424397601154,136.55767336923460,0.40000000000000000
R,15,54,237.85788455825912,136.91294957573206,0.80000000000000000
R,15,55,265.96628734527116,137.48543756257928,1.2000000000000002
R,15,56,294.96628734527116,132.51456243742072,-1.2000000000000002
R,15,57,324.85788455825910,133.08705042426794,-0.80000000000000000
R,15,58,354.45616265067434,133.96155108717693,-0.40000000000000000
R,15,59,383.66666666666670,135.00000000000000,0.0000000000000000
R,15,60,123.68424397601154,161.55767336923460,0.40000000000000000
R,15,61,151.78682683738867,162.86942436359809,0.80000000000000000
R,15,62,179.44943101790670,163.72815634386890,1.2000000000000002
R,15,63,208.44943101790670,156.27184365613110,-1.2000000000000002
R,15,64,237.85788455825912,158.08705042426794,-0.80000000000000000
R,15,65,267.45616265067434,158.96155108717693,-0.40000000000000000
R,15,66,296.66666666666670,160.00000000000000,0.0000000000000000
R,15,67,325.45616265067434,161.03844891282307,0.40000000000000000
R,15,68,353.85788455825910,161.91294957573206,0.80000000000000000
R,15,69,381.96628734527116,162.48543756257928,1.2000000000000002
R,15,70,121.44943101790669,181.27184365613110,-1.2000000000000002
R,15,71,151.78682683738867,182.13057563640191,-0.80000000000000000
R,15,72,181.68424397601154,183.44232663076540,-0.40000000000000000
R,15,73,211.00000000000000,185.00000000000000,0.0000000000000000
R,15,74,239.68424397601154,186.55767336923460,0.40000000000000000
R,15,75,266.85788455825910,186.91294957573206,0.80000000000000000
R,15,76,294.96628734527116,187.48543756257928,1.2000000000000002
R,15,77,323.96628734527116,182.51456243742072,-1.2000000000000002
R,15,78,353.85788455825910,183.08705042426794,-0.80000000000000000
R,15,79,383.45616265067434,183.96155108717693,-0.40000000000000000
R,15,80,124.00000000000000,210.00000000000000,0.0000000000000000
R,15,81,152.68424397601154,211.55767336923460,0.40000000000000000
R,15,82,180.78682683738867,212.86942436359809,0.80000000000000000
R,15,83,208.44943101790670,213.72815634386890,1.2000000000000002
R,15,84,237.44943101790670,206.27184365613110,-1.2000000000000002
R,15,85,266.85788455825910,208.08705042426794,-0.80000000000000000
R,15,86,296.45616265067434,208.96155108717693,-0.40000000000000000
R,15,87,325.66666666666670,210.00000000000000,0.0000000000000000
R,15,88,354.45616265067434,211.03844891282307,0.40000000000000000
R,15,89,382.85788455825910,211.91294957573206,0.80000000000000000
R,15,90,121.44943101790669,238.72815634386890,1.2000000000000002
R,15,91,150.44943101790670,231.27184365613110,-1.2000000000000002
R,15,92,180.78682683738867,232.13057563640191,-0.80000000000000000
R,15,93,210.68424397601154,233.44232663076540,-0.40000000000000000
R,15,94,240.00000000000000,235.00000000000000,0.0000000000000000
R,15,95,268.68424397601154,236.55767336923460,0.40000000000000000
R,15,96,295.85788455825910,236.91294957573206,0.80000000000000000
R,15,97,323.96628734527116,237.48543756257928,1.2000000000000002
R,15,98,352.96628734527116,232.51456243742072,-1.2000000000000002
R,15,99,382.85788455825910,233.08705042426794,-0.80000000000000000
I,16,0,1.0000000000000000
I,16,1,1.0000000000000000
I,16,2,1.0000000000000000
I,16,3,1.0000000000000000
I,16,4,1.0000000000000000
I,16,5,1.0000000000000000
I,16,6,1.0000000000000000
I,16,7,1.0000000000000000
I,16,8,1.0000000000000000
I,16,9,1.0000000000000000
I,16,10,1.0000000000000000
I,16,11,1.0000000000000000
I,16,12,1.0000000000000000
I,16,13,1.0000000000000000
I,16,14,1.0000000000000000
I,16,15,1.0000000000000000
I,16,16,1.0000000000000000
I,16,17,1.0000000000000000
I,16,18,1.0000000000000000
I,16,19,1.0000000000000000
I,16,20,1.0000000000000000
I,16,21,1.0000000000000000
I,16,22,1.0000000000000000
I,16,23,1.0000000000000000
I,16,24,1.0000000000000000
I,16,25,1.0000000000000000
I,16,26,1.0000000000000000
I,16,27,1.0000000000000000
I,16,28,1.0000000000000000
I,16,29,1.0000000000000000
I,16,30,1.0000000000000000
I,16,31,1.0000000000000000
I,16,32,1.0000000000000000
I,16,33,1.0000000000000000
I,16,34,1.0000000000000000
I,16,35,1.0000000000000000
I,16,36,1.0000000000000000
I,16,37,1.0000000000000000
I,16,38,1.0000000000000000
I,16,39,1.0000000000000000
I,16,40,1.0000000000000000
I,16,41,1.0000000000000000
I,16,42,1.0000000000000000
I,16,43,1.0000000000000000
I,16,44,1.0000000000000000
I,16,45,1.0000000000000000
I,16,46,1.0000000000000000
I,16,47,1.0000000000000000
I,16,48,1.0000000000000000
I,16,49,1.0000000000000000
I,16,50,1.0000000000000000
I,16,51,1.0000000000000000
I,16,52,1.0000000000000000
I,16,53,1.0000000000000000
I,16,54,1.0000000000000000
I,16,55,1.0000000000000000
I,16,56,1.0000000000000000
I,16,57,1.0000000000000000
I,16,58,1.0000000000000000
I,16,59,1.0000000000000000
I,16,60,1.5000000000000000
I,16,61,1.5000000000000000
I,16,62,1.5000000000000000
I,16,63,1.5000000000000000
I,16,64,1.5000000000000000
I,16,65,1.5000000000000000
I,16,66,0.0000000000000000
I,16,67,0.0000000000000000
I,16,68,0.0000000000000000
I,16,69,0.0000000000000000
I,16,70,0.0000000000000000
I,16,71,0.0000000000000000
I,16,72,0.0000000000000000
I,16,73,0.0000000000000000
I,16,74,0.0000000000000000
I,16,75,0.0000000000000000
I,16,76,0.0000000000000000
I,16,77,0.0000000000000000
I,16,78,0.0000000000000000
I,16,79,0.0000000000000000
I,16,80,1.0000000000000000
I,16,81,1.0000000000000000
I,16,82,1.0000000000000000
I,16,83,1.0000000000000000
I,16,84,1.0000000000000000
I,16,85,1.0000000000000000
I,16,86,1.0000000000000000
I,16,87,1.0000000000000000
I,16,88,1.0000000000000000
I,16,89,1.0000000000000000
I,16,90,1.0000000000000000
I,16,91,1.0000000000000000
I,16,92,1.0000000000000000
I,16,93,1.0000000000000000
I,16,94,1.0000000000000000
I,16,95,1.0000000000000000
I,16,96,1.0000000000000000
I,16,97,1.0000000000000000
I,16,98,1.5000000000000000
I,16,99,1.5000000000000000
I,16,100,1.5000000000000000
I,16,101,1.5000000000000000
I,16,102,1.5000000000000000
I,16,103,1.5000000000000000
I,16,104,1.5000000000000000
I,16,105,1.5000000000000000
I,16,106,1.5000000000000000
I,16,107,1.5000000000000000
I,16,108,0.0000000000000000
I,16,109,0.0000000000000000
I,16,110,0.0000000000000000
I,16,111,0.0000000000000000
I,16,112,0.0000000000000000
I,16,113,0.0000000000000000
I,16,114,0.0000000000000000
I,16,115,0.0000000000000000
I,16,116,0.0000000000000000
I,16,117,0.0000000000000000
I,16,118,0.0000000000000000
I,16,119,0.0000000000000000
I,16,120,1.0000000000000000
I,16,121,1.0000000000000000
I,16,122,1.0000000000000000
I,16,123,1.0000000000000000
I,16,124,1.0000000000000000
I,16,125,1.0000000000000000
I,16,126,1.0000000000000000
I,16,127,1.0000000000000000
I,16,128,1.0000000000000000
I,16,129,1.0000000000000000
I,16,130,1.0000000000000000
I,16,131,1.0000000000000000
I,16,132,1.0000000000000000
I,16,133,1.0000000000000000
I,16,134,1.0000000000000000
I,16,135,1.0000000000000000
I,16,136,1.0000000000000000
I,16,137,1.5000000000000000
I,16,138,1.5000000000000000
I,16,139,1.5000000000000000
I,16,140,1.5000000000000000
I,16,141,1.5000000000000000
I,16,142,1.5000000000000000
I,16,143,1.5000000000000000
I,16,144,1.5000000000000000
I,16,145,1.5000000000000000
I,16,146,1.5000000000000000
I,16,147,1.5000000000000000
I,16,148,1.5000000000000000
I,16,149,0.0000000000000000
I,16,150,0.0000000000000000
I,16,151,0.0000000000000000
I,16,152,0.0000000000000000
I,16,153,0.0000000000000000
I,16,154,0.0000000000000000
I,16,155,0.0000000000000000
I,16,156,0.0000000000000000
I,16,157,0.0000000000000000
I,16,158,0.0000000000000000
I,16,159,0.0000000000000000
I,16,160,1.0000000000000000
I,16,161,1.0000000000000000
I,16,162,1.0000000000000000
I,16,163,1.0000000000000000
I,16,164,1.0000000000000000
I,16,165,1.0000000000000000
I,16,166,1.0000000000000000
I,16,167,1.0000000000000000
I,16,168,1.0000000000000000
I,16,169,1.0000000000000000
I,16,170,1.0000000000000000
I,16,171,1.0000000000000000
I,16,172,1.0000000000000000
I,16,173,1.0000000000000000
I,16,174,1.0000000000000000
I,16,175,1.0000000000000000
I,16,176,1.5000000000000000
I,16,177,1.5000000000000000
I,16,178,1.5000000000000000
I,16,179,1.5000000000000000
I,16,180,1.5000000000000000
I,16,181,1.5000000000000000
I,16,182,1.5000000000000000
I,16,183,1.5000000000000000
I,16,184,1.5000000000000000
I,16,185,1.5000000000000000
I,16,186,1.5000000000000000
I,16,187,1.5000000000000000
I,16,188,1.5000000000000000
I,16,189,1.5000000000000000
I,16,190,0.0000000000000000
I,16,191,0.0000000000000000
I,16,192,0.0000000000000000
I,16,193,0.0000000000000000
I,16,194,0.0000000000000000
I,16,195,0.0000000000000000
I,16,196,0.0000000000000000
I,16,197,0.0000000000000000
I,16,198,0.0000000000000000
I,16,199,0.0000000000000000
I,16,200,1.0000000000000000
I,16,201,1.0000000000000000
I,16,202,1.0000000000000000
I,16,203,1.0000000000000000
I,16,204,1.0000000000000000
I,16,205,1.0000000000000000
I,16,206,1.0000000000000000
I,16,207,1.0000000000000000
I,16,208,1.0000000000000000
I,16,209,1.0000000000000000
I,16,210,1.0000000000000000
I,16,211,1.0000000000000000
I,16,212,1.0000000000000000
I,16,213,1.0000000000000000
I,16,214,1.0000000000000000
I,16,215,1.0000000000000000
I,16,216,1.5000000000000000
I,16,217,1.5000000000000000
I,16,218,1.5000000000000000
I,16,219,1.5000000000000000
I,16,220,1.5000000000000000
I,16,221,1.5000000000000000
I,16,222,1.5000000000000000
I,16,223,1.5000000000000000
I,16,224,1.5000000000000000
I,16,225,1.5000000000000000
I,16,226,1.5000000000000000
I,16,227,1.5000000000000000
I,16,228,1.5000000000000000
I,16,229,1.5000000000000000
I,16,230,0.0000000000000000
I,16,231,0.0000000000000000
I,16,232,0.0000000000000000
I,16,233,0.0000000000000000
I,16,234,0.0000000000000000
I,16,235,0.0000000000000000
I,16,236,0.0000000000000000
I,16,237,0.0000000000000000
I,16,238,0.0000000000000000
I,16,239,0.0000000000000000
I,16,240,1.0000000000000000
I,16,241,1.0000000000000000
I,16,242,1.0000000000000000
I,16,243,1.0000000000000000
I,16,244,1.0000000000000000
I,16,245,1.0000000000000000
I,16,246,1.0000000000000000
I,16,247,1.0000000000000000
I,16,248,1.0000000000000000
I,16,249,1.0000000000000000
I,16,250,1.0000000000000000
I,16,251,1.0000000000000000
I,16,252,1.0000000000000000
I,16,253,1.0000000000000000
I,16,254,1.0000000000000000
I,16,255,1.0000000000000000
I,16,256,1.5000000000000000
I,16,257,1.5000000000000000
I,16,258,1.5000000000000000
I,16,259,1.5000000000000000
I,16,260,1.5000000000000000
I,16,261,1.5000000000000000
I,16,262,1.5000000000000000
I,16,263,1.5000000000000000
I,16,264,1.5000000000000000
I,16,265,1.5000000000000000
I,16,266,1.5000000000000000
I,16,267,1.5000000000000000
I,16,268,1.5000000000000000
I,16,269,1.5000000000000000
I,16,270,1.5000000000000000
I,16,271,0.0000000000000000
I,16,272,0.0000000000000000
I,16,273,0.0000000000000000
I,16,274,0.0000000000000000
I,16,275,0.0000000000000000
I,16,276,0.0000000000000000
I,16,277,0.0000000000000000
I,16,278,0.0000000000000000
I,16,279,0.0000000000000000
I,16,280,1.0000000000000000
I,16,281,1.0000000000000000
I,16,282,1.0000000000000000
I,16,283,1.0000000000000000
I,16,284,1.0000000000000000
I,16,285,1.0000000000000000
I,16,286,1.0000000000000000
I,16,287,1.0000000000000000
I,16,288,1.0000000000000000
I,16,289,1.0000000000000000
I,16,290,1.0000000000000000
I,16,291,1.0000000000000000
I,16,292,1.0000000000000000
I,16,293,1.0000000000000000
I,16,294,1.0000000000000000
I,16,295,1.5000000000000000
I,16,296,1.5000000000000000
I,16,297,1.5000000000000000
I,16,298,1.5000000000000000
I,16,299,1.5000000000000000
I,16,300,1.5000000000000000
I,16,301,1.5000000000000000
I,16,302,1.5000000000000000
I,16,303,1.5000000000000000
I,16,304,1.5000000000000000
I,16,305,1.5000000000000000
I,16,306,1.5000000000000000
I,16,307,1.5000000000000000
I,16,308,1.5000000000000000
I,16,309,1.5000000000000000
I,16,310,1.5000000000000000
I,16,311,0.0000000000000000
I,16,312,0.0000000000000000
I,16,313,0.0000000000000000
I,16,314,0.0000000000000000
I,16,315,0.0000000000000000
I,16,316,0.0000000000000000
I,16,317,0.0000000000000000
I,16,318,0.0000000000000000
I,16,319,0.0000000000000000
I,16,320,1.0000000000000000
I,16,321,1.0000000000000000
I,16,322,1.0000000000000000
I,16,323,1.0000000000000000
I,16,324,1.0000000000000000
I,16,325,1.0000000000000000
I,16,326,1.0000000000000000
I,16,327,1.0000000000000000
I,16,328,1.0000000000000000
I,16,329,1.0000000000000000
I,16,330,1.0000000000000000
I,16,331,1.0000000000000000
I,16,332,1.0000000000000000
I,16,333,1.0000000000000000
I,16,334,1.0000000000000000
I,16,335,1.5000000000000000
I,16,336,1.5000000000000000
I,16,337,1.5000000000000000
I,16,338,1.5000000000000000
I,16,339,1.5000000000000000
I,16,340,1.5000000000000000
I,16,341,1.5000000000000000
I,16,342,1.5000000000000000
I,16,343,1.5000000000000000
I,16,344,1.5000000000000000
I,16,345,1.5000000000000000
I,16,346,1.5000000000000000
I,16,347,1.5000000000000000
I,16,348,1.5000000000000000
I,16,349,1.5000000000000000
I,16,350,1.5000000000000000
I,16,351,1.0000000000000000
I,16,352,1.0000000000000000
I,16,353,1.0000000000000000
I,16,354,1.0000000000000000
I,16,355,1.0000000000000000
I,16,356,1.0000000000000000
I,16,357,1.0000000000000000
I,16,358,1.0000000000000000
I,16,359,1.0000000000000000
I,16,360,1.0000000000000000
I,16,361,1.0000000000000000
I,16,362,1.0000000000000000
I,16,363,1.0000000000000000
I,16,364,1.0000000000000000
I,16,365,1.0000000000000000
I,16,366,1.0000000000000000
I,16,367,1.0000000000000000
I,16,368,1.0000000000000000
I,16,369,1.0000000000000000
I,16,370,1.0000000000000000
I,16,371,1.0000000000000000
I,16,372,1.0000000000000000
I,16,373,1.0000000000000000
I,16,374,1.0000000000000000
I,16,375,1.0000000000000000
I,16,376,1.5000000000000000
I,16,377,1.5000000000000000
I,16,378,1.5000000000000000
I,16,379,1.5000000000000000
I,16,380,1.5000000000000000
I,16,381,1.5000000000000000
I,16,382,1.5000000000000000
I,16,383,1.5000000000000000
I,16,384,1.5000000000000000
I,16,385,1.5000000000000000
I,16,386,1.5000000000000000
I,16,387,1.5000000000000000
I,16,388,1.5000000000000000
I,16,389,1.5000000000000000
I,16,390,1.5000000000000000
I,16,391,1.0000000000000000
I,16,392,1.0000000000000000
I,16,393,1.0000000000000000
I,16,394,1.0000000000000000
I,16,395,1.0000000000000000
I,16,396,1.0000000000000000
I,16,397,1.0000000000000000
I,16,398,1.0000000000000000
I,16,399,1.0000000000000000
I,16,400,1.0000000000000000
I,16,401,1.0000000000000000
I,16,402,1.0000000000000000
I,16,403,1.0000000000000000
I,16,404,1.0000000000000000
I,16,405,1.0000000000000000
I,16,406,1.0000000000000000
I,16,407,1.0000000000000000
I,16,408,1.0000000000000000
I,16,409,1.0000000000000000
I,16,410,1.0000000000000000
I,16,411,1.0000000000000000
I,16,412,1.0000000000000000
I,16,413,1.0000000000000000
I,16,414,1.0000000000000000
I,16,415,1.0000000000000000
I,16,416,1.5000000000000000
I,16,417,1.5000000000000000
I,16,418,1.5000000000000000
I,16,419,1.5000000000000000
I,16,420,1.5000000000000000
I,16,421,1.5000000000000000
I,16,422,1.5000000000000000
I,16,423,1.5000000000000000
I,16,424,1.5000000000000000
I,16,425,1.5000000000000000
I,16,426,1.5000000000000000
I,16,427,1.5000000000000000
I,16,428,1.5000000000000000
I,16,429,1.5000000000000000
I,16,430,1.0000000000000000
I,16,431,1.0000000000000000
I,16,432,1.0000000000000000
I,16,433,1.0000000000000000
I,16,434,1.0000000000000000
I,16,435,1.0000000000000000
I,16,436,1.0000000000000000
I,16,437,1.0000000000000000
I,16,438,1.0000000000000000
I,16,439,1.0000000000000000
I,16,440,1.0000000000000000
I,16,441,1.0000000000000000
I,16,442,1.0000000000000000
I,16,443,1.0000000000000000
I,16,444,1.0000000000000000
I,16,445,1.0000000000000000
I,16,446,1.0000000000000000
I,16,447,1.0000000000000000
I,16,448,1.0000000000000000
I,16,449,1.0000000000000000
I,16,450,1.0000000000000000
I,16,451,1.0000000000000000
I,16,452,1.0000000000000000
I,16,453,1.0000000000000000
I,16,454,1.0000000000000000
I,16,455,1.0000000000000000
I,16,456,1.5000000000000000
I,16,457,1.5000000000000000
I,16,458,1.5000000000000000
I,16,459,1.5000000000000000
I,16,460,1.5000000000000000
I,16,461,1.5000000000000000
I,16,462,1.5000000000000000
I,16,463,1.5000000000000000
I,16,464,1.5000000000000000
I,16,465,1.5000000000000000
I,16,466,1.5000000000000000
I,16,467,1.5000000000000000
I,16,468,1.5000000000000000
I,16,469,1.5000000000000000
I,16,470,1.0000000000000000
I,16,471,1.0000000000000000
I,16,472,1.0000000000000000
I,16,473,1.0000000000000000
I,16,474,1.0000000000000000
I,16,475,1.0000000000000000
I,16,476,1.0000000000000000
I,16,477,1.0000000000000000
I,16,478,1.0000000000000000
I,16,479,1.0000000000000000
I,16,480,1.0000000000000000
I,16,481,1.0000000000000000
I,16,482,1.0000000000000000
I,16,483,1.0000000000000000
I,16,484,1.0000000000000000
I,16,485,1.0000000000000000
I,16,486,1.0000000000000000
I,16,487,1.0000000000000000
I,16,488,1.0000000000000000
I,16,489,1.0000000000000000
I,16,490,1.0000000000000000
I,16,491,1.0000000000000000
I,16,492,1.0000000000000000
I,16,493,1.0000000000000000
I,16,494,1.0000000000000000
I,16,495,1.0000000000000000
I,16,496,1.0000000000000000
I,16,497,1.5000000000000000
I,16,498,1.5000000000000000
I,16,499,1.5000000000000000
I,16,500,1.5000000000000000
I,16,501,1.5000000000000000
I,16,502,1.5000000000000000
I,16,503,1.5000000000000000
I,16,504,1.5000000000000000
I,16,505,1.5000000000000000
I,16,506,1.5000000000000000
I,16,507,1.5000000000000000
I,16,508,1.5000000000000000
I,16,509,1.0000000000000000
I,16,510,1.0000000000000000
I,16,511,1.0000000000000000
I,16,512,1.0000000000000000
I,16,513,1.0000000000000000
I,16,514,1.0000000000000000
I,16,515,1.0000000000000000
I,16,516,1.0000000000000000
I,16,517,1.0000000000000000
I,16,518,1.0000000000000000
I,16,519,1.0000000000000000
I,16,520,1.0000000000000000
I,16,521,1.0000000000000000
I,16,522,1.0000000000000000
I,16,523,1.0000000000000000
I,16,524,1.0000000000000000
I,16,525,1.0000000000000000
I,16,526,1.0000000000000000
I,16,527,1.0000000000000000
I,16,528,1.0000000000000000
I,16,529,1.0000000000000000
I,16,530,1.0000000000000000
I,16,531,1.0000000000000000
I,16,532,1.0000000000000000
I,16,533,1.0000000000000000
I,16,534,1.0000000000000000
I,16,535,1.0000000000000000
I,16,536,1.0000000000000000
I,16,537,1.0000000000000000
I,16,538,1.0000000000000000
I,16,539,1.5000000000000000
I,16,540,1.5000000000000000
I,16,541,1.5000000000000000
I,16,542,1.5000000000000000
I,16,543,1.5000000000000000
I,16,544,1.5000000000000000
I,16,545,1.5000000000000000
I,16,546,1.5000000000000000
I,16,547,1.5000000000000000
I,16,548,1.0000000000000000
I,16,549,1.0000000000000000
I,16,550,1.0000000000000000
I,16,551,1.0000000000000000
I,16,552,1.0000000000000000
I,16,553,1.0000000000000000
I,16,554,1.0000000000000000
I,16,555,1.0000000000000000
I,16,556,1.0000000000000000
I,16,557,1.0000000000000000
I,16,558,1.0000000000000000
I,16,559,1.0000000000000000
I,16,560,1.0000000000000000
I,16,561,1.0000000000000000
I,16,562,1.0000000000000000
I,16,563,1.0000000000000000
I,16,564,1.0000000000000000
I,16,565,1.0000000000000000
I,16,566,1.0000000000000000
I,16,567,1.0000000000000000
I,16,568,1.0000000000000000
I,16,569,1.0000000000000000
I,16,570,1.0000000000000000
I,16,571,1.0000000000000000
I,16,572,1.0000000000000000
I,16,573,1.0000000000000000
I,16,574,1.0000000000000000
I,16,575,1.0000000000000000
I,16,576,1.0000000000000000
I,16,577,1.0000000000000000
I,16,578,1.0000000000000000
I,16,579,1.0000000000000000
I,16,580,1.0000000000000000
I,16,581,1.5000000000000000
I,16,582,1.5000000000000000
I,16,583,1.5000000000000000
I,16,584,1.5000000000000000
I,16,585,1.0000000000000000
I,16,586,1.0000000000000000
I,16,587,1.0000000000000000
I,16,588,1.0000000000000000
I,16,589,1.0000000000000000
I,16,590,1.0000000000000000
I,16,591,1.0000000000000000
I,16,592,1.0000000000000000
I,16,593,1.0000000000000000
I,16,594,1.0000000000000000
I,16,595,1.0000000000000000
I,16,596,1.0000000000000000
I,16,597,1.0000000000000000
I,16,598,1.0000000000000000
I,16,599,1.0000000000000000
I,16,600,1.0000000000000000
I,16,601,1.0000000000000000
I,16,602,1.0000000000000000
I,16,603,1.0000000000000000
I,16,604,1.0000000000000000
I,16,605,1.0000000000000000
I,16,606,1.0000000000000000
I,16,607,1.0000000000000000
I,16,608,1.0000000000000000
I,16,609,1.0000000000000000
I,16,610,1.0000000000000000
I,16,611,1.0000000000000000
I,16,612,1.0000000000000000
I,16,613,1.0000000000000000
I,16,614,1.0000000000000000
I,16,615,1.0000000000000000
I,16,616,1.0000000000000000
I,16,617,1.0000000000000000
I,16,618,1.0000000000000000
I,16,619,1.0000000000000000
I,16,620,1.0000000000000000
I,16,621,1.0000000000000000
I,16,622,1.0000000000000000
I,16,623,1.0000000000000000
I,16,624,1.0000000000000000
I,16,625,1.0000000000000000
I,16,626,1.0000000000000000
I,16,627,1.0000000000000000
I,16,628,1.0000000000000000
I,16,629,1.0000000000000000
I,16,630,1.0000000000000000
I,16,631,1.0000000000000000
I,16,632,1.0000000000000000
I,16,633,1.0000000000000000
I,16,634,1.0000000000000000
I,16,635,1.0000000000000000
I,16,636,1.0000000000000000
I,16,637,1.0000000000000000
I,16,638,1.0000000000000000
I,16,639,1.0000000000000000
I,16,640,1.0000000000000000
I,16,641,1.0000000000000000
I,16,642,1.0000000000000000
I,16,643,1.0000000000000000
I,16,644,1.0000000000000000
I,16,645,1.0000000000000000
I,16,646,1.0000000000000000
I,16,647,1.0000000000000000
I,16,648,1.0000000000000000
I,16,649,1.0000000000000000
I,16,650,1.0000000000000000
I,16,651,1.0000000000000000
I,16,652,1.0000000000000000
I,16,653,1.0000000000000000
I,16,654,1.0000000000000000
I,16,655,1.0000000000000000
I,16,656,1.0000000000000000
I,16,657,1.0000000000000000
I,16,658,1.0000000000000000
I,16,659,1.0000000000000000
I,16,660,1.0000000000000000
I,16,661,1.0000000000000000
I,16,662,1.0000000000000000
I,16,663,1.0000000000000000
I,16,664,1.0000000000000000
I,16,665,1.0000000000000000
I,16,666,1.0000000000000000
I,16,667,1.0000000000000000
I,16,668,1.0000000000000000
I,16,669,1.0000000000000000
I,16,670,1.0000000000000000
I,16,671,1.0000000000000000
I,16,672,1.0000000000000000
I,16,673,1.0000000000000000
I,16,674,1.0000000000000000
I,16,675,1.0000000000000000
I,16,676,1.0000000000000000
I,16,677,1.0000000000000000
I,16,678,1.0000000000000000
I,16,679,1.0000000000000000
I,16,680,1.0000000000000000
I,16,681,1.0000000000000000
I,16,682,1.0000000000000000
I,16,683,1.0000000000000000
I,16,684,1.0000000000000000
I,16,685,1.0000000000000000
I,16,686,1.0000000000000000
I,16,687,1.0000000000000000
I,16,688,1.0000000000000000
I,16,689,1.0000000000000000
I,16,690,1.0000000000000000
I,16,691,1.0000000000000000
I,16,692,1.0000000000000000
I,16,693,1.0000000000000000
I,16,694,1.0000000000000000
I,16,695,1.0000000000000000
I,16,696,1.0000000000000000
I,16,697,1.0000000000000000
I,16,698,1.0000000000000000
I,16,699,1.0000000000000000
I,16,700,1.0000000000000000
I,16,701,1.0000000000000000
I,16,702,1.0000000000000000
I,16,703,1.0000000000000000
I,16,704,1.0000000000000000
I,16,705,1.0000000000000000
I,16,706,1.0000000000000000
I,16,707,1.0000000000000000
I,16,708,1.0000000000000000
I,16,709,1.0000000000000000
I,16,710,1.0000000000000000
I,16,711,1.0000000000000000
I,16,712,1.0000000000000000
I,16,713,1.0000000000000000
I,16,714,1.0000000000000000
I,16,715,1.0000000000000000
I,16,716,1.0000000000000000
I,16,717,1.0000000000000000
I,16,718,1.0000000000000000
I,16,719,1.0000000000000000
I,16,720,1.0000000000000000
I,16,721,1.0000000000000000
I,16,722,1.0000000000000000
I,16,723,1.0000000000000000
I,16,724,1.0000000000000000
I,16,725,1.0000000000000000
I,16,726,1.0000000000000000
I,16,727,1.0000000000000000
I,16,728,1.0000000000000000
I,16,729,1.0000000000000000
I,16,730,1.0000000000000000
I,16,731,1.0000000000000000
I,16,732,1.0000000000000000
I,16,733,1.0000000000000000
I,16,734,1.0000000000000000
I,16,735,1.0000000000000000
I,16,736,1.0000000000000000
I,16,737,1.0000000000000000
I,16,738,1.0000000000000000
I,16,739,1.0000000000000000
I,16,740,1.0000000000000000
I,16,741,1.0000000000000000
I,16,742,1.0000000000000000
I,16,743,1.0000000000000000
I,16,744,1.0000000000000000
I,16,745,1.0000000000000000
I,16,746,1.0000000000000000
I,16,747,1.0000000000000000
I,16,748,1.0000000000000000
I,16,749,1.0000000000000000
I,16,750,1.0000000000000000
I,16,751,1.0000000000000000
I,16,752,1.0000000000000000
I,16,753,1.0000000000000000
I,16,754,1.0000000000000000
I,16,755,1.0000000000000000
I,16,756,1.0000000000000000
I,16,757,1.0000000000000000
I,16,758,1.0000000000000000
I,16,759,1.0000000000000000
I,16,760,1.0000000000000000
I,16,761,1.0000000000000000
I,16,762,1.0000000000000000
I,16,763,1.0000000000000000
I,16,764,1.0000000000000000
I,16,765,1.0000000000000000
I,16,766,1.0000000000000000
I,16,767,1.0000000000000000
I,16,768,1.0000000000000000
I,16,769,1.0000000000000000
I,16,770,1.0000000000000000
I,16,771,1.0000000000000000
I,16,772,1.0000000000000000
I,16,773,1.0000000000000000
I,16,774,1.0000000000000000
I,16,775,1.0000000000000000
I,16,776,1.0000000000000000
I,16,777,1.0000000000000000
I,16,778,1.0000000000000000
I,16,779,1.0000000000000000
I,16,780,1.0000000000000000
I,16,781,1.0000000000000000
I,16,782,1.0000000000000000
I,16,783,1.0000000000000000
I,16,784,1.0000000000000000
I,16,785,1.0000000000000000
I,16,786,1.0000000000000000
I,16,787,1.0000000000000000
I,16,788,1.0000000000000000
I,16,789,1.0000000000000000
I,16,790,1.0000000000000000
I,16,791,1.0000000000000000
I,16,792,1.0000000000000000
I,16,793,1.0000000000000000
I,16,794,1.0000000000000000
I,16,795,1.0000000000000000
I,16,796,1.0000000000000000
I,16,797,1.0000000000000000
I,16,798,1.0000000000000000
I,16,799,1.0000000000000000
I,16,800,1.0000000000000000
I,16,801,1.0000000000000000
I,16,802,1.0000000000000000
I,16,803,1.0000000000000000
I,16,804,1.0000000000000000
I,16,805,1.0000000000000000
I,16,806,1.0000000000000000
I,16,807,1.0000000000000000
I,16,808,1.0000000000000000
I,16,809,1.0000000000000000
I,16,810,1.0000000000000000
I,16,811,1.0000000000000000
I,16,812,1.0000000000000000
I,16,813,1.0000000000000000
I,16,814,1.0000000000000000
I,16,815,1.0000000000000000
I,16,816,1.0000000000000000
I,16,817,1.0000000000000000
I,16,818,1.0000000000000000
I,16,819,1.0000000000000000
I,16,820,1.0000000000000000
I,16,821,1.0000000000000000
I,16,822,1.0000000000000000
I,16,823,1.0000000000000000
I,16,824,1.0000000000000000
I,16,825,1.0000000000000000
I,16,826,1.0000000000000000
I,16,827,1.0000000000000000
I,16,828,1.0000000000000000
I,16,829,1.0000000000000000
I,16,830,1.0000000000000000
I,16,831,1.0000000000000000
I,16,832,1.0000000000000000
I,16,833,1.0000000000000000
I,16,834,1.0000000000000000
I,16,835,1.0000000000000000
I,16,836,1.0000000000000000
I,16,837,1.0000000000000000
I,16,838,1.0000000000000000
I,16,839,1.0000000000000000
I,16,840,1.0000000000000000
I,16,841,1.0000000000000000
I,16,842,1.0000000000000000
I,16,843,1.0000000000000000
I,16,844,1.0000000000000000
I,16,845,1.0000000000000000
I,16,846,1.0000000000000000
I,16,847,1.0000000000000000
I,16,848,1.0000000000000000
I,16,849,1.0000000000000000
I,16,850,1.0000000000000000
I,16,851,1.0000000000000000
I,16,852,1.0000000000000000
I,16,853,1.0000000000000000
I,16,854,1.0000000000000000
I,16,855,1.0000000000000000
I,16,856,1.0000000000000000
I,16,857,1.0000000000000000
I,16,858,1.0000000000000000
I,16,859,1.0000000000000000
I,16,860,1.0000000000000000
I,16,861,1.0000000000000000
I,16,862,1.0000000000000000
I,16,863,1.0000000000000000
I,16,864,1.0000000000000000
I,16,865,1.0000000000000000
I,16,866,1.0000000000000000
I,16,867,1.0000000000000000
I,16,868,1.0000000000000000
I,16,869,1.0000000000000000
I,16,870,1.0000000000000000
I,16,871,1.0000000000000000
I,16,872,1.0000000000000000
I,16,873,1.0000000000000000
I,16,874,1.0000000000000000
I,16,875,1.0000000000000000
I,16,876,1.0000000000000000
I,16,877,1.0000000000000000
I,16,878,1.0000000000000000
I,16,879,1.0000000000000000
I,16,880,1.0000000000000000
I,16,881,1.0000000000000000
I,16,882,1.0000000000000000
I,16,883,1.0000000000000000
I,16,884,1.0000000000000000
I,16,885,1.0000000000000000
I,16,886,1.0000000000000000
I,16,887,1.0000000000000000
I,16,888,1.0000000000000000
I,16,889,1.0000000000000000
I,16,890,1.0000000000000000
I,16,891,1.0000000000000000
I,16,892,1.0000000000000000
I,16,893,1.0000000000000000
I,16,894,1.0000000000000000
I,16,895,1.0000000000000000
I,16,896,1.0000000000000000
I,16,897,1.0000000000000000
I,16,898,1.0000000000000000
I,16,899,1.0000000000000000
I,16,900,1.0000000000000000
I,16,901,1.0000000000000000
I,16,902,1.0000000000000000
I,16,903,1.0000000000000000
I,16,904,1.0000000000000000
I,16,905,0.0000000000000000
I,16,906,0.0000000000000000
I,16,907,0.0000000000000000
I,16,908,0.0000000000000000
I,16,909,0.0000000000000000
I,16,910,0.0000000000000000
I,16,911,1.0000000000000000
I,16,912,1.0000000000000000
I,16,913,1.0000000000000000
I,16,914,1.0000000000000000
I,16,915,1.0000000000000000
I,16,916,1.0000000000000000
I,16,917,1.0000000000000000
I,16,918,1.0000000000000000
I,16,919,1.0000000000000000
I,16,920,1.0000000000000000
I,16,921,1.0000000000000000
I,16,922,1.0000000000000000
I,16,923,1.0000000000000000
I,16,924,1.0000000000000000
I,16,925,1.0000000000000000
I,16,926,1.0000000000000000
I,16,927,1.0000000000000000
I,16,928,1.0000000000000000
I,16,929,1.0000000000000000
I,16,930,1.0000000000000000
I,16,931,1.0000000000000000
I,16,932,1.0000000000000000
I,16,933,1.0000000000000000
I,16,934,1.0000000000000000
I,16,935,1.0000000000000000
I,16,936,1.0000000000000000
I,16,937,1.0000000000000000
I,16,938,1.0000000000000000
I,16,939,1.0000000000000000
I,16,940,1.0000000000000000
I,16,941,1.0000000000000000
I,16,942,1.0000000000000000
I,16,943,1.0000000000000000
I,16,944,1.0000000000000000
I,16,945,1.0000000000000000
I,16,946,1.0000000000000000
I,16,947,1.0000000000000000
I,16,948,1.0000000000000000
I,16,949,1.0000000000000000
I,16,950,1.0000000000000000
I,16,951,1.0000000000000000
I,16,952,1.0000000000000000
I,16,953,1.0000000000000000
I,16,954,1.0000000000000000
I,16,955,1.0000000000000000
I,16,956,1.0000000000000000
I,16,957,1.0000000000000000
I,16,958,1.0000000000000000
I,16,959,1.0000000000000000
I,16,960,1.0000000000000000
I,16,961,1.0000000000000000
I,16,962,1.0000000000000000
I,16,963,1.0000000000000000
I,16,964,1.0000000000000000
I,16,965,1.0000000000000000
I,16,966,1.0000000000000000
I,16,967,1.0000000000000000
I,16,968,1.0000000000000000
I,16,969,1.0000000000000000
I,16,970,1.0000000000000000
I,16,971,1.0000000000000000
I,16,972,1.0000000000000000
I,16,973,1.0000000000000000
I,16,974,1.0000000000000000
I,16,975,1.0000000000000000
I,16,976,1.0000000000000000
I,16,977,1.0000000000000000
I,16,978,1.0000000000000000
I,16,979,1.0000000000000000
I,16,980,1.0000000000000000
I,16,981,1.0000000000000000
I,16,982,1.0000000000000000
I,16,983,1.0000000000000000
I,16,984,1.0000000000000000
I,16,985,1.0000000000000000
I,16,986,1.0000000000000000
I,16,987,1.0000000000000000
I,16,988,1.0000000000000000
I,16,989,1.0000000000000000
I,16,990,1.0000000000000000
I,16,991,1.0000000000000000
I,16,992,1.0000000000000000
I,16,993,1.0000000000000000
I,16,994,1.0000000000000000
I,16,995,1.0000000000000000
I,16,996,1.0000000000000000
I,16,997,1.0000000000000000
I,16,998,1.0000000000000000
I,16,999,1.0000000000000000
R,16,0,121.44943101790669,6.2718436561310950,-1.2000000000000002
R,16,1,151.78682683738867,7.1305756364019090,-0.80000000000000000
R,16,2,181.68424397601154,8.4423266307653990,-0.40000000000000000
R,16,3,211.00000000000000,10.000000000000000,0.0000000000000000
R,16,4,239.68424397601154,11.557673369234601,0.40000000000000000
R,16,5,267.78682683738870,12.869424363598090,0.80000000000000000
R,16,6,295.44943101790670,13.728156343868905,1.2000000000000002
R,16,7,324.44943101790670,6.2718436561310950,-1.2000000000000002
R,16,8,354.78682683738870,7.1305756364019090,-0.80000000000000000
R,16,9,384.68424397601154,8.4423266307653990,-0.40000000000000000
R,16,10,124.00000000000000,35.000000000000000,0.0000000000000000
R,16,11,152.68424397601154,36.557673369234600,0.40000000000000000
R,16,12,180.78682683738867,37.869424363598090,0.80000000000000000
R,16,13,208.44943101790670,38.728156343868900,1.2000000000000002
R,16,14,237.44943101790670,31.271843656131093,-1.2000000000000002
R,16,15,267.78682683738870,32.130575636401910,-0.80000000000000000
R,16,16,296.45616265067434,33.961551087176930,-0.40000000000000000
R,16,17,325.66666666666670,35.000000000000000,0.0000000000000000
R,16,18,354.45616265067434,36.038448912823070,0.40000000000000000
R,16,19,382.85788455825910,36.912949575732064,0.80000000000000000
R,16,20,121.44943101790669,63.728156343868900,1.2000000000000002
R,16,21,150.44943101790670,56.271843656131100,-1.2000000000000002
R,16,22,180.78682683738867,57.130575636401910,-0.80000000000000000
R,16,23,210.68424397601154,58.442326630765400,-0.40000000000000000
R,16,24,240.00000000000000,60.000000000000000,0.0000000000000000
R,16,25,267.45616265067434,61.038448912823070,0.40000000000000000
R,16,26,295.85788455825910,61.912949575732064,0.80000000000000000
R,16,27,323.96628734527116,62.485437562579270,1.2000000000000002
R,16,28,352.96628734527116,57.514562437420730,-1.2000000000000002
R,16,29,382.85788455825910,58.087050424267936,-0.80000000000000000
R,16,30,123.68424397601154,83.442326630765400,-0.40000000000000000
R,16,31,153.00000000000000,85.000000000000000,0.0000000000000000
R,16,32,181.68424397601154,86.557673369234600,0.40000000000000000
R,16,33,209.78682683738867,87.869424363598090,0.80000000000000000
R,16,34,237.46122689979770,88.651396963704670,0.87587036183989940
R,16,35,265.96628734527116,82.514562437420740,-1.2000000000000002
R,16,36,295.85788455825910,83.087050424267940,-0.80000000000000000
R,16,37,325.45616265067434,83.961551087176930,-0.40000000000000000
R,16,38,354.66666666666670,85.000000000000000,0.0000000000000000
R,16,39,383.45616265067434,86.038448912823070,0.40000000000000000
R,16,40,122.78682683738866,112.86942436359809,0.80000000000000000
R,16,41,150.44943101790670,113.72815634386890,1.2000000000000002
R,16,42,179.44943101790670,106.27184365613110,-1.2000000000000002
R,16,43,209.78682683738867,107.13057563640191,-0.80000000000000000
R,16,44,238.45616265067437,108.96155108717693,-0.40000000000000000
R,16,45,267.66666666666670,110.00000000000000,0.0000000000000000
R,16,46,296.45616265067434,111.03844891282307,0.40000000000000000
R,16,47,324.85788455825910,111.91294957573206,0.80000000000000000
R,16,48,352.96628734527116,112.48543756257926,1.2000000000000002
R,16,49,381.96628734527116,107.51456243742074,-1.2000000000000002
R,16,50,122.78682683738866,132.13057563640191,-0.80000000000000000
R,16,51,152.68424397601154,133.44232663076540,-0.40000000000000000
R,16,52,182.00000000000000,135.00000000000000,0.0000000000000000
R,16,53,210.68424397601154,136.55767336923460,0.40000000000000000
R,16,54,237.85788455825912,136.91294957573206,0.80000000000000000
R,16,55,265.96628734527116,137.48543756257928,1.2000000000000002
R,16,56,294.96628734527116,132.51456243742072,-1.2000000000000002
R,16,57,324.85788455825910,133.08705042426794,-0.80000000000000000
R,16,58,354.45616265067434,133.96155108717693,-0.40000000000000000
R,16,59,383.66666666666670,135.00000000000000,0.0000000000000000
R,16,60,123.68424397601154,161.55767336923460,0.40000000000000000
R,16,61,151.78682683738867,162.86942436359809,0.80000000000000000
R,16,62,179.44943101790670,163.72815634386890,1.2000000000000002
R,16,63,208.44943101790670,156.27184365613110,-1.2000000000000002
R,16,64,237.85788455825912,158.08705042426794,-0.80000000000000000
R,16,65,267.45616265067434,158.96155108717693,-0.40000000000000000
R,16,66,296.66666666666670,160.00000000000000,0.0000000000000000
R,16,67,325.45616265067434,161.03844891282307,0.40000000000000000
R,16,68,353.85788455825910,161.91294957573206,0.80000000000000000
R,16,69,381.96628734527116,162.48543756257928,1.2000000000000002
R,16,70,121.44943101790669,181.27184365613110,-1.2000000000000002
R,16,71,151.78682683738867,182.13057563640191,-0.80000000000000000
R,16,72,181.68424397601154,183.44232663076540,-0.40000000000000000
R,16,73,211.00000000000000,185.00000000000000,0.0000000000000000
R,16,74,239.68424397601154,186.55767336923460,0.40000000000000000
R,16,75,266.85788455825910,186.91294957573206,0.80000000000000000
R,16,76,294.96628734527116,187.48543756257928,1.2000000000000002
R,16,77,323.96628734527116,182.51456243742072,-1.2000000000000002
R,16,78,353.85788455825910,183.08705042426794,-0.80000000000000000
R,16,79,383.45616265067434,183.96155108717693,-0.40000000000000000
R,16,80,124.00000000000000,210.00000000000000,0.0000000000000000
R,16,81,152.68424397601154,211.55767336923460,0.40000000000000000
R,16,82,180.78682683738867,212.86942436359809,0.80000000000000000
R,16,83,208.44943101790670,213.72815634386890,1.2000000000000002
R,16,84,237.44943101790670,206.27184365613110,-1.2000000000000002
R,16,85,266.85788455825910,208.08705042426794,-0.80000000000000000
R,16,86,296.45616265067434,208.96155108717693,-0.40000000000000000
R,16,87,325.66666666666670,210.00000000000000,0.0000000000000000
R,16,88,354.45616265067434,211.03844891282307,0.40000000000000000
R,16,89,382.85788455825910,211.91294957573206,0.80000000000000000
R,16,90,121.44943101790669,238.72815634386890,1.2000000000000002
R,16,91,150.44943101790670,231.27184365613110,-1.2000000000000002
R,16,92,180.78682683738867,232.13057563640191,-0.80000000000000000
R,16,93,210.68424397601154,233.44232663076540,-0.40000000000000000
R,16,94,240.00000000000000,235.00000000000000,0.0000000000000000
R,16,95,268.68424397601154,236.55767336923460,0.40000000000000000
R,16,96,295.85788455825910,236.91294957573206,0.80000000000000000
R,16,97,323.96628734527116,237.48543756257928,1.2000000000000002
R,16,98,352.96628734527116,232.51456243742072,-1.2000000000000002
R,16,99,382.85788455825910,233.08705042426794,-0.80000000000000000
I,17,0,1.0000000000000000
I,17,1,1.0000000000000000
I,17,2,1.0000000000000000
I,17,3,1.0000000000000000
I,17,4,1.0000000000000000
I,17,5,1.0000000000000000
I,17,6,1.0000000000000000
I,17,7,1.0000000000000000
I,17,8,1.0000000000000000
I,17,9,1.0000000000000000
I,17,10,1.0000000000000000
I,17,11,1.0000000000000000
I,17,12,1.0000000000000000
I,17,13,1.0000000000000000
I,17,14,1.0000000000000000
I,17,15,1.0000000000000000
I,17,16,1.0000000000000000
I,17,17,1.0000000000000000
I,17,18,1.0000000000000000
I,17,19,1.0000000000000000
I,17,20,1.0000000000000000
I,17,21,1.0000000000000000
I,17,22,1.0000000000000000
I,17,23,0.0000000000000000
I,17,24,0.0000000000000000
I,17,25,0.0000000000000000
I,17,26,0.0000000000000000
I,17,27,0.0000000000000000
I,17,28,0.0000000000000000
I,17,29,0.0000000000000000
I,17,30,0.0000000000000000
I,17,31,0.0000000000000000
I,17,32,0.0000000000000000
I,17,33,0.0000000000000000
I,17,34,0.0000000000000000
I,17,35,0.0000000000000000
I,17,36,0.0000000000000000
I,17,37,0.0000000000000000
I,17,38,0.0000000000000000
I,17,39,0.0000000000000000
I,17,40,1.0000000000000000
I,17,41,1.0000000000000000
I,17,42,1.0000000000000000
I,17,43,1.0000000000000000
I,17,44,1.0000000000000000
I,17,45,1.0000000000000000
I,17,46,1.0000000000000000
I,17,47,1.0000000000000000
I,17,48,1.0000000000000000
I,17,49,1.0000000000000000
I,17,50,1.0000000000000000
I,17,51,1.0000000000000000
I,17,52,1.0000000000000000
I,17,53,1.0000000000000000
I,17,54,1.0000000000000000
I,17,55,1.0000000000000000
I,17,56,1.0000000000000000
I,17,57,1.0000000000000000
I,17,58,1.0000000000000000
I,17,59,1.0000000000000000
I,17,60,1.5000000000000000
I,17,61,1.5000000000000000
I,17,62,1.5000000000000000
I,17,63,1.5000000000000000
I,17,64,1.5000000000000000
I,17,65,1.5000000000000000
I,17,66,0.0000000000000000
I,17,67,0.0000000000000000
I,17,68,0.0000000000000000
I,17,69,0.0000000000000000
I,17,70,0.0000000000000000
I,17,71,0.0000000000000000
I,17,72,0.0000000000000000
I,17,73,0.0000000000000000
I,17,74,0.0000000000000000
I,17,75,0.0000000000000000
I,17,76,0.0000000000000000
I,17,77,0.0000000000000000
I,17,78,0.0000000000000000
I,17,79,0.0000000000000000
I,17,80,1.0000000000000000
I,17,81,1.0000000000000000
I,17,82,1.0000000000000000
I,17,83,1.0000000000000000
I,17,84,1.0000000000000000
I,17,85,1.0000000000000000
I,17,86,1.0000000000000000
I,17,87,1.0000000000000000
I,17,88,1.0000000000000000
I,17,89,1.0000000000000000
I,17,90,1.0000000000000000
I,17,91,1.0000000000000000
I,17,92,1.0000000000000000
I,17,93,1.0000000000000000
I,17,94,1.0000000000000000
I,17,95,1.0000000000000000
I,17,96,1.0000000000000000
I,17,97,1.0000000000000000
I,17,98,1.5000000000000000
I,17,99,1.5000000000000000
I,17,100,1.5000000000000000
I,17,101,1.5000000000000000
I,17,102,1.5000000000000000
I,17,103,1.5000000000000000
I,17,104,1.5000000000000000
I,17,105,1.5000000000000000
I,17,106,1.5000000000000000
I,17,107,1.5000000000000000
I,17,108,0.0000000000000000
I,17,109,0.0000000000000000
I,17,110,0.0000000000000000
I,17,111,0.0000000000000000
I,17,112,0.0000000000000000
I,17,113,0.0000000000000000
I,17,114,0.0000000000000000
I,17,115,0.0000000000000000
I,17,116,0.0000000000000000
I,17,117,0.0000000000000000
I,17,118,0.0000000000000000
I,17,119,0.0000000000000000
I,17,120,1.0000000000000000
I,17,121,1.0000000000000000
I,17,122,1.0000000000000000
I,17,123,1.0000000000000000
I,17,124,1.0000000000000000
I,17,125,1.0000000000000000
I,17,126,1.0000000000000000
I,17,127,1.0000000000000000
I,17,128,1.0000000000000000
I,17,129,1.0000000000000000
I,17,130,1.0000000000000000
I,17,131,1.0000000000000000
I,17,132,1.0000000000000000
I,17,133,1.0000000000000000
I,17,134,1.0000000000000000
I,17,135,1.0000000000000000
I,17,136,1.0000000000000000
I,17,137,1.5000000000000000
I,17,138,1.5000000000000000
I,17,139,1.5000000000000000
I,17,140,1.5000000000000000
I,17,141,1.5000000000000000
I,17,142,1.5000000000000000
I,17,143,1.5000000000000000
I,17,144,1.5000000000000000
I,17,145,1.5000000000000000
I,17,146,1.5000000000000000
I,17,147,1.5000000000000000
I,17,148,1.5000000000000000
I,17,149,0.0000000000000000
I,17,150,0.0000000000000000
I,17,151,0.0000000000000000
I,17,152,0.0000000000000000
I,17,153,0.0000000000000000
I,17,154,0.0000000000000000
I,17,155,0.0000000000000000
I,17,156,0.0000000000000000
I,17,157,0.0000000000000000
I,17,158,0.0000000000000000
I,17,159,0.0000000000000000
I,17,160,1.0000000000000000
I,17,161,1.0000000000000000
I,17,162,1.0000000000000000
I,17,163,1.0000000000000000
I,17,164,1.0000000000000000
I,17,165,1.0000000000000000
I,17,166,1.0000000000000000
I,17,167,1.0000000000000000
I,17,168,1.0000000000000000
I,17,169,1.0000000000000000
I,17,170,1.0000000000000000
I,17,171,1.0000000000000000
I,17,172,1.0000000000000000
I,17,173,1.0000000000000000
I,17,174,1.0000000000000000
I,17,175,1.0000000000000000
I,17,176,1.5000000000000000
I,17,177,1.5000000000000000
I,17,178,1.5000000000000000
I,17,179,1.5000000000000000
I,17,180,1.5000000000000000
I,17,181,1.5000000000000000
I,17,182,1.5000000000000000
I,17,183,1.5000000000000000
I,17,184,1.5000000000000000
I,17,185,1.5000000000000000
I,17,186,1.5000000000000000
I,17,187,1.5000000000000000
I,17,188,1.5000000000000000
I,17,189,1.5000000000000000
I,17,190,0.0000000000000000
I,17,191,0.0000000000000000
I,17,192,0.0000000000000000
I,17,193,0.0000000000000000
I,17,194,0.0000000000000000
I,17,195,0.0000000000000000
I,17,196,0.0000000000000000
I,17,197,0.0000000000000000
I,17,198,0.0000000000000000
I,17,199,0.0000000000000000
I,17,200,1.0000000000000000
I,17,201,1.0000000000000000
I,17,202,1.0000000000000000
I,17,203,1.0000000000000000
I,17,204,1.0000000000000000
I,17,205,1.0000000000000000
I,17,206,1.0000000000000000
I,17,207,1.0000000000000000
I,17,208,1.0000000000000000
I,17,209,1.0000000000000000
I,17,210,1.0000000000000000
I,17,211,1.0000000000000000
I,17,212,1.0000000000000000
I,17,213,1.0000000000000000
I,17,214,1.0000000000000000
I,17,215,1.0000000000000000
I,17,216,1.5000000000000000
I,17,217,1.5000000000000000
I,17,218,1.5000000000000000
I,17,219,1.5000000000000000
I,17,220,1.5000000000000000
I,17,221,1.5000000000000000
I,17,222,1.5000000000000000
I,17,223,1.5000000000000000
I,17,224,1.5000000000000000
I,17,225,1.5000000000000000
I,17,226,1.5000000000000000
I,17,227,1.5000000000000000
I,17,228,1.5000000000000000
I,17,229,1.5000000000000000
I,17,230,0.0000000000000000
I,17,231,0.0000000000000000
I,17,232,0.0000000000000000
I,17,233,0.0000000000000000
I,17,234,0.0000000000000000
I,17,235,0.0000000000000000
I,17,236,0.0000000000000000
I,17,237,0.0000000000000000
I,17,238,0.0000000000000000
I,17,239,0.0000000000000000
I,17,240,1.0000000000000000
I,17,241,1.0000000000000000
I,17,242,1.0000000000000000
I,17,243,1.0000000000000000
I,17,244,1.0000000000000000
I,17,245,1.0000000000000000
I,17,246,1.0000000000000000
I,17,247,1.0000000000000000
I,17,248,1.0000000000000000
I,17,249,1.0000000000000000
I,17,250,1.0000000000000000
I,17,251,1.0000000000000000
I,17,252,1.0000000000000000
I,17,253,1.0000000000000000
I,17,254,1.0000000000000000
I,17,255,1.0000000000000000
I,17,256,1.5000000000000000
I,17,257,1.5000000000000000
I,17,258,1.5000000000000000
I,17,259,1.5000000000000000
I,17,260,1.5000000000000000
I,17,261,1.5000000000000000
I,17,262,1.5000000000000000
I,17,263,1.5000000000000000
I,17,264,1.5000000000000000
I,17,265,1.5000000000000000
I,17,266,1.5000000000000000
I,17,267,1.5000000000000000
I,17,268,1.5000000000000000
I,17,269,1.5000000000000000
I,17,270,1.5000000000000000
I,17,271,0.0000000000000000
I,17,272,0.0000000000000000
I,17,273,0.0000000000000000
I,17,274,0.0000000000000000
I,17,275,0.0000000000000000
I,17,276,0.0000000000000000
I,17,277,0.0000000000000000
I,17,278,0.0000000000000000
I,17,279,0.0000000000000000
I,17,280,1.0000000000000000
I,17,281,1.0000000000000000
I,17,282,1.0000000000000000
I,17,283,1.0000000000000000
I,17,284,1.0000000000000000
I,17,285,1.0000000000000000
I,17,286,1.0000000000000000
I,17,287,1.0000000000000000
I,17,288,1.0000000000000000
I,17,289,1.0000000000000000
I,17,290,1.0000000000000000
I,17,291,1.0000000000000000
I,17,292,1.0000000000000000
I,17,293,1.0000000000000000
I,17,294,1.0000000000000000
I,17,295,1.5000000000000000
I,17,296,1.5000000000000000
I,17,297,1.5000000000000000
I,17,298,1.5000000000000000
I,17,299,1.5000000000000000
I,17,300,1.5000000000000000
I,17,301,1.5000000000000000
I,17,302,1.5000000000000000
I,17,303,1.5000000000000000
I,17,304,1.5000000000000000
I,17,305,1.5000000000000000
I,17,306,1.5000000000000000
I,17,307,1.5000000000000000
I,17,308,1.5000000000000000
I,17,309,1.5000000000000000
I,17,310,1.5000000000000000
I,17,311,0.0000000000000000
I,17,312,0.0000000000000000
I,17,313,0.0000000000000000
I,17,314,0.0000000000000000
I,17,315,0.0000000000000000
I,17,316,0.0000000000000000
I,17,317,0.0000000000000000
I,17,318,0.0000000000000000
I,17,319,0.0000000000000000
I,17,320,1.0000000000000000
I,17,321,1.0000000000000000
I,17,322,1.0000000000000000
I,17,323,1.0000000000000000
I,17,324,1.0000000000000000
I,17,325,1.0000000000000000
I,17,326,1.0000000000000000
I,17,327,1.0000000000000000
I,17,328,1.0000000000000000
I,17,329,1.0000000000000000
I,17,330,1.0000000000000000
I,17,331,1.0000000000000000
I,17,332,1.0000000000000000
I,17,333,1.0000000000000000
I,17,334,1.0000000000000000
I,17,335,1.5000000000000000
I,17,336,1.5000000000000000
I,17,337,1.5000000000000000
I,17,338,1.5000000000000000
I,17,339,1.5000000000000000
I,17,340,1.5000000000000000
I,17,341,1.5000000000000000
I,17,342,1.5000000000000000
I,17,343,1.5000000000000000
I,17,344,1.5000000000000000
I,17,345,1.5000000000000000
I,17,346,1.5000000000000000
I,17,347,1.5000000000000000
I,17,348,1.5000000000000000
I,17,349,1.5000000000000000
I,17,350,1.5000000000000000
I,17,351,0.0000000000000000
I,17,352,0.0000000000000000
I,17,353,0.0000000000000000
I,17,354,0.0000000000000000
I,17,355,0.0000000000000000
I,17,356,0.0000000000000000
I,17,357,0.0000000000000000
I,17,358,0.0000000000000000
I,17,359,0.0000000000000000
I,17,360,1.0000000000000000
I,17,361,1.0000000000000000
I,17,362,1.0000000000000000
I,17,363,1.0000000000000000
I,17,364,1.0000000000000000
I,17,365,1.0000000000000000
I,17,366,1.0000000000000000
I,17,367,1.0000000000000000
I,17,368,1.0000000000000000
I,17,369,1.0000000000000000
I,17,370,1.0000000000000000
I,17,371,1.0000000000000000
I,17,372,1.0000000000000000
I,17,373,1.0000000000000000
I,17,374,1.0000000000000000
I,17,375,1.0000000000000000
I,17,376,1.5000000000000000
I,17,377,1.5000000000000000
I,17,378,1.5000000000000000
I,17,379,1.5000000000000000
I,17,380,1.5000000000000000
I,17,381,1.5000000000000000
I,17,382,1.5000000000000000
I,17,383,1.5000000000000000
I,17,384,1.5000000000000000
I,17,385,1.5000000000000000
I,17,386,1.5000000000000000
I,17,387,1.5000000000000000
I,17,388,1.5000000000000000
I,17,389,1.5000000000000000
I,17,390,1.5000000000000000
I,17,391,0.0000000000000000
I,17,392,0.0000000000000000
I,17,393,0.0000000000000000
I,17,394,0.0000000000000000
I,17,395,0.0000000000000000
I,17,396,0.0000000000000000
I,17,397,0.0000000000000000
I,17,398,0.0000000000000000
I,17,399,0.0000000000000000
I,17,400,1.0000000000000000
I,17,401,1.0000000000000000
I,17,402,1.0000000000000000
I,17,403,1.0000000000000000
I,17,404,1.0000000000000000
I,17,405,1.0000000000000000
I,17,406,1.0000000000000000
I,17,407,1.0000000000000000
I,17,408,1.0000000000000000
I,17,409,1.0000000000000000
I,17,410,1.0000000000000000
I,17,411,1.0000000000000000
I,17,412,1.0000000000000000
I,17,413,1.0000000000000000
I,17,414,1.0000000000000000
I,17,415,1.0000000000000000
I,17,416,1.5000000000000000
I,17,417,1.5000000000000000
I,17,418,1.5000000000000000
I,17,419,1.5000000000000000
I,17,420,1.5000000000000000
I,17,421,1.5000000000000000
I,17,422,1.5000000000000000
I,17,423,1.5000000000000000
I,17,424,1.5000000000000000
I,17,425,1.5000000000000000
I,17,426,1.5000000000000000
I,17,427,1.5000000000000000
I,17,428,1.5000000000000000
I,17,429,1.5000000000000000
I,17,430,0.0000000000000000
I,17,431,0.0000000000000000
I,17,432,0.0000000000000000
I,17,433,0.0000000000000000
I,17,434,0.0000000000000000
I,17,435,0.0000000000000000
I,17,436,0.0000000000000000
I,17,437,0.0000000000000000
I,17,438,0.0000000000000000
I,17,439,0.0000000000000000
I,17,440,1.0000000000000000
I,17,441,1.0000000000000000
I,17,442,1.0000000000000000
I,17,443,1.0000000000000000
I,17,444,1.0000000000000000
I,17,445,1.0000000000000000
I,17,446,1.0000000000000000
I,17,447,1.0000000000000000
I,17,448,1.0000000000000000
I,17,449,1.0000000000000000
I,17,450,1.0000000000000000
I,17,451,1.0000000000000000
I,17,452,1.0000000000000000
I,17,453,1.0000000000000000
I,17,454,1.0000000000000000
I,17,455,1.0000000000000000
I,17,456,1.5000000000000000
I,17,457,1.5000000000000000
I,17,458,1.5000000000000000
I,17,459,1.5000000000000000
I,17,460,1.5000000000000000
I,17,461,1.5000000000000000
I,17,462,1.5000000000000000
I,17,463,1.5000000000000000
I,17,464,1.5000000000000000
I,17,465,1.5000000000000000
I,17,466,1.5000000000000000
I,17,467,1.5000000000000000
I,17,468,1.5000000000000000
I,17,469,1.5000000000000000
I,17,470,0.0000000000000000
I,17,471,0.0000000000000000
I,17,472,0.0000000000000000
I,17,473,0.0000000000000000
I,17,474,0.0000000000000000
I,17,475,0.0000000000000000
I,17,476,0.0000000000000000
I,17,477,0.0000000000000000
I,17,478,0.0000000000000000
I,17,479,0.0000000000000000
I,17,480,1.0000000000000000
I,17,481,1.0000000000000000
I,17,482,1.0000000000000000
I,17,483,1.0000000000000000
I,17,484,1.0000000000000000
I,17,485,1.0000000000000000
I,17,486,1.0000000000000000
I,17,487,1.0000000000000000
I,17,488,1.0000000000000000
I,17,489,1.0000000000000000
I,17,490,1.0000000000000000
I,17,491,1.0000000000000000
I,17,492,1.0000000000000000
I,17,493,1.0000000000000000
I,17,494,1.0000000000000000
I,17,495,1.0000000000000000
I,17,496,1.0000000000000000
I,17,497,1.5000000000000000
I,17,498,1.5000000000000000
I,17,499,1.5000000000000000
I,17,500,1.5000000000000000
I,17,501,1.5000000000000000
I,17,502,1.5000000000000000
I,17,503,1.5000000000000000
I,17,504,1.5000000000000000
I,17,505,1.5000000000000000
I,17,506,1.5000000000000000
I,17,507,1.5000000000000000
I,17,508,1.5000000000000000
I,17,509,0.0000000000000000
I,17,510,0.0000000000000000
I,17,511,0.0000000000000000
I,17,512,0.0000000000000000
I,17,513,0.0000000000000000
I,17,514,0.0000000000000000
I,17,515,0.0000000000000000
I,17,516,0.0000000000000000
I,17,517,0.0000000000000000
I,17,518,0.0000000000000000
I,17,519,0.0000000000000000
I,17,520,1.0000000000000000
I,17,521,1.0000000000000000
I,17,522,1.0000000000000000
I,17,523,1.0000000000000000
I,17,524,1.0000000000000000
I,17,525,1.0000000000000000
I,17,526,1.0000000000000000
I,17,527,1.0000000000000000
I,17,528,1.0000000000000000
I,17,529,1.0000000000000000
I,17,530,1.0000000000000000
I,17,531,1.0000000000000000
I,17,532,1.0000000000000000
I,17,533,1.0000000000000000
I,17,534,1.0000000000000000
I,17,535,1.0000000000000000
I,17,536,1.0000000000000000
I,17,537,1.0000000000000000
I,17,538,1.0000000000000000
I,17,539,1.5000000000000000
I,17,540,1.5000000000000000
I,17,541,1.5000000000000000
I,17,542,1.5000000000000000
I,17,543,1.5000000000000000
I,17,544,1.5000000000000000
I,17,545,1.5000000000000000
I,17,546,1.5000000000000000
I,17,547,1.5000000000000000
I,17,548,0.0000000000000000
I,17,549,0.0000000000000000
I,17,550,0.0000000000000000
I,17,551,0.0000000000000000
I,17,552,0.0000000000000000
I,17,553,0.0000000000000000
I,17,554,0.0000000000000000
I,17,555,0.0000000000000000
I,17,556,0.0000000000000000
I,17,557,0.0000000000000000
I,17,558,0.0000000000000000
I,17,559,0.0000000000000000
I,17,560,0.0000000000000000
I,17,561,0.0000000000000000
I,17,562,0.0000000000000000
I,17,563,0.0000000000000000
I,17,564,0.0000000000000000
I,17,565,0.0000000000000000
I,17,566,0.0000000000000000
I,17,567,0.0000000000000000
I,17,568,0.0000000000000000
I,17,569,0.0000000000000000
I,17,570,0.0000000000000000
I,17,571,0.0000000000000000
I,17,572,0.0000000000000000
I,17,573,0.0000000000000000
I,17,574,0.0000000000000000
I,17,575,0.0000000000000000
I,17,576,0.0000000000000000
I,17,577,0.0000000000000000
I,17,578,0.0000000000000000
I,17,579,0.0000000000000000
I,17,580,0.0000000000000000
I,17,581,1.5000000000000000
I,17,582,1.5000000000000000
I,17,583,1.5000000000000000
I,17,584,1.5000000000000000
I,17,585,0.0000000000000000
I,17,586,0.0000000000000000
I,17,587,0.0000000000000000
I,17,588,0.0000000000000000
I,17,589,0.0000000000000000
I,17,590,0.0000000000000000
I,17,591,0.0000000000000000
I,17,592,0.0000000000000000
I,17,593,0.0000000000000000
I,17,594,0.0000000000000000
I,17,595,0.0000000000000000
I,17,596,0.0000000000000000
I,17,597,0.0000000000000000
I,17,598,0.0000000000000000
I,17,599,0.0000000000000000
I,17,600,0.0000000000000000
I,17,601,0.0000000000000000
I,17,602,0.0000000000000000
I,17,603,0.0000000000000000
I,17,604,0.0000000000000000
I,17,605,0.0000000000000000
I,17,606,0.0000000000000000
I,17,607,0.0000000000000000
I,17,608,0.0000000000000000
I,17,609,0.0000000000000000
I,17,610,0.0000000000000000
I,17,611,0.0000000000000000
I,17,612,0.0000000000000000
I,17,613,0.0000000000000000
I,17,614,0.0000000000000000
I,17,615,0.0000000000000000
I,17,616,0.0000000000000000
I,17,617,0.0000000000000000
I,17,618,0.0000000000000000
I,17,619,0.0000000000000000
I,17,620,0.0000000000000000
I,17,621,0.0000000000000000
I,17,622,0.0000000000000000
I,17,623,0.0000000000000000
I,17,624,0.0000000000000000
I,17,625,0.0000000000000000
I,17,626,0.0000000000000000
I,17,627,0.0000000000000000
I,17,628,0.0000000000000000
I,17,629,0.0000000000000000
I,17,630,0.0000000000000000
I,17,631,0.0000000000000000
I,17,632,0.0000000000000000
I,17,633,0.0000000000000000
I,17,634,0.0000000000000000
I,17,635,0.0000000000000000
I,17,636,0.0000000000000000
I,17,637,0.0000000000000000
I,17,638,0.0000000000000000
I,17,639,0.0000000000000000
I,17,640,0.0000000000000000
I,17,641,0.0000000000000000
I,17,642,0.0000000000000000
I,17,643,0.0000000000000000
I,17,644,0.0000000000000000
I,17,645,0.0000000000000000
I,17,646,0.0000000000000000
I,17,647,0.0000000000000000
I,17,648,0.0000000000000000
I,17,649,0.0000000000000000
I,17,650,0.0000000000000000
I,17,651,0.0000000000000000
I,17,652,0.0000000000000000
I,17,653,0.0000000000000000
I,17,654,0.0000000000000000
I,17,655,0.0000000000000000
I,17,656,0.0000000000000000
I,17,657,0.0000000000000000
I,17,658,0.0000000000000000
I,17,659,0.0000000000000000
I,17,660,0.0000000000000000
I,17,661,0.0000000000000000
I,17,662,0.0000000000000000
I,17,663,0.0000000000000000
I,17,664,0.0000000000000000
I,17,665,0.0000000000000000
I,17,666,0.0000000000000000
I,17,667,0.0000000000000000
I,17,668,0.0000000000000000
I,17,669,0.0000000000000000
I,17,670,0.0000000000000000
I,17,671,0.0000000000000000
I,17,672,0.0000000000000000
I,17,673,0.0000000000000000
I,17,674,0.0000000000000000
I,17,675,0.0000000000000000
I,17,676,0.0000000000000000
I,17,677,0.0000000000000000
I,17,678,0.0000000000000000
I,17,679,0.0000000000000000
I,17,680,0.0000000000000000
I,17,681,0.0000000000000000
I,17,682,0.0000000000000000
I,17,683,0.0000000000000000
I,17,684,0.0000000000000000
I,17,685,0.0000000000000000
I,17,686,0.0000000000000000
I,17,687,0.0000000000000000
I,17,688,0.0000000000000000
I,17,689,0.0000000000000000
I,17,690,0.0000000000000000
I,17,691,0.0000000000000000
I,17,692,0.0000000000000000
I,17,693,0.0000000000000000
I,17,694,0.0000000000000000
I,17,695,0.0000000000000000
I,17,696,0.0000000000000000
I,17,697,0.0000000000000000
I,17,698,0.0000000000000000
I,17,699,0.0000000000000000
I,17,700,0.0000000000000000
I,17,701,0.0000000000000000
I,17,702,0.0000000000000000
I,17,703,0.0000000000000000
I,17,704,0.0000000000000000
I,17,705,0.0000000000000000
I,17,706,0.0000000000000000
I,17,707,0.0000000000000000
I,17,708,0.0000000000000000
I,17,709,0.0000000000000000
I,17,710,0.0000000000000000
I,17,711,0.0000000000000000
I,17,712,0.0000000000000000
I,17,713,0.0000000000000000
I,17,714,0.0000000000000000
I,17,715,0.0000000000000000
I,17,716,0.0000000000000000
I,17,717,0.0000000000000000
I,17,718,0.0000000000000000
I,17,719,0.0000000000000000
I,17,720,0.0000000000000000
I,17,721,0.0000000000000000
I,17,722,0.0000000000000000
I,17,723,0.0000000000000000
I,17,724,0.0000000000000000
I,17,725,0.0000000000000000
I,17,726,0.0000000000000000
I,17,727,0.0000000000000000
I,17,728,0.0000000000000000
I,17,729,0.0000000000000000
I,17,730,0.0000000000000000
I,17,731,0.0000000000000000
I,17,732,0.0000000000000000
I,17,733,0.0000000000000000
I,17,734,0.0000000000000000
I,17,735,0.0000000000000000
I,17,736,0.0000000000000000
I,17,737,0.0000000000000000
I,17,738,0.0000000000000000
I,17,739,0.0000000000000000
I,17,740,0.0000000000000000
I,17,741,0.0000000000000000
I,17,742,0.0000000000000000
I,17,743,0.0000000000000000
I,17,744,0.0000000000000000
I,17,745,0.0000000000000000
I,17,746,0.0000000000000000
I,17,747,0.0000000000000000
I,17,748,0.0000000000000000
I,17,749,0.0000000000000000
I,17,750,0.0000000000000000
I,17,751,0.0000000000000000
I,17,752,0.0000000000000000
I,17,753,0.0000000000000000
I,17,754,0.0000000000000000
I,17,755,0.0000000000000000
I,17,756,0.0000000000000000
I,17,757,0.0000000000000000
I,17,758,0.0000000000000000
I,17,759,0.0000000000000000
I,17,760,0.0000000000000000
I,17,761,0.0000000000000000
I,17,762,0.0000000000000000
I,17,763,0.0000000000000000
I,17,764,0.0000000000000000
I,17,765,0.0000000000000000
I,17,766,0.0000000000000000
I,17,767,0.0000000000000000
I,17,768,0.0000000000000000
I,17,769,0.0000000000000000
I,17,770,0.0000000000000000
I,17,771,0.0000000000000000
I,17,772,0.0000000000000000
I,17,773,0.0000000000000000
I,17,774,0.0000000000000000
I,17,775,0.0000000000000000
I,17,776,0.0000000000000000
I,17,777,0.0000000000000000
I,17,778,0.0000000000000000
I,17,779,0.0000000000000000
I,17,780,0.0000000000000000
I,17,781,0.0000000000000000
I,17,782,0.0000000000000000
I,17,783,0.0000000000000000
I,17,784,0.0000000000000000
I,17,785,0.0000000000000000
I,17,786,0.0000000000000000
I,17,787,0.0000000000000000
I,17,788,0.0000000000000000
I,17,789,0.0000000000000000
I,17,790,0.0000000000000000
I,17,791,0.0000000000000000
I,17,792,0.0000000000000000
I,17,793,0.0000000000000000
I,17,794,0.0000000000000000
I,17,795,0.0000000000000000
I,17,796,0.0000000000000000
I,17,797,0.0000000000000000
I,17,798,0.0000000000000000
I,17,799,0.0000000000000000
I,17,800,0.0000000000000000
I,17,801,0.0000000000000000
I,17,802,0.0000000000000000
I,17,803,0.0000000000000000
I,17,804,0.0000000000000000
I,17,805,0.0000000000000000
I,17,806,0.0000000000000000
I,17,807,0.0000000000000000
I,17,808,0.0000000000000000
I,17,809,0.0000000000000000
I,17,810,0.0000000000000000
I,17,811,0.0000000000000000
I,17,812,0.0000000000000000
I,17,813,0.0000000000000000
I,17,814,0.0000000000000000
I,17,815,0.0000000000000000
I,17,816,0.0000000000000000
I,17,817,0.0000000000000000
I,17,818,0.0000000000000000
I,17,819,0.0000000000000000
I,17,820,0.0000000000000000
I,17,821,0.0000000000000000
I,17,822,0.0000000000000000
I,17,823,0.0000000000000000
I,17,824,0.0000000000000000
I,17,825,0.0000000000000000
I,17,826,0.0000000000000000
I,17,827,0.0000000000000000
I,17,828,0.0000000000000000
I,17,829,0.0000000000000000
I,17,830,0.0000000000000000
I,17,831,0.0000000000000000
I,17,832,0.0000000000000000
I,17,833,0.0000000000000000
I,17,834,0.0000000000000000
I,17,835,0.0000000000000000
I,17,836,0.0000000000000000
I,17,837,0.0000000000000000
I,17,838,0.0000000000000000
I,17,839,0.0000000000000000
I,17,840,0.0000000000000000
I,17,841,0.0000000000000000
I,17,842,0.0000000000000000
I,17,843,0.0000000000000000
I,17,844,0.0000000000000000
I,17,845,0.0000000000000000
I,17,846,0.0000000000000000
I,17,847,0.0000000000000000
I,17,848,0.0000000000000000
I,17,849,0.0000000000000000
I,17,850,0.0000000000000000
I,17,851,0.0000000000000000
I,17,852,0.0000000000000000
I,17,853,0.0000000000000000
I,17,854,0.0000000000000000
I,17,855,0.0000000000000000
I,17,856,0.0000000000000000
I,17,857,0.0000000000000000
I,17,858,0.0000000000000000
I,17,859,0.0000000000000000
I,17,860,0.0000000000000000
I,17,861,0.0000000000000000
I,17,862,0.0000000000000000
I,17,863,0.0000000000000000
I,17,864,0.0000000000000000
I,17,865,0.0000000000000000
I,17,866,0.0000000000000000
I,17,867,0.0000000000000000
I,17,868,0.0000000000000000
I,17,869,0.0000000000000000
I,17,870,0.0000000000000000
I,17,871,0.0000000000000000
I,17,872,0.0000000000000000
I,17,873,0.0000000000000000
I,17,874,0.0000000000000000
I,17,875,0.0000000000000000
I,17,876,0.0000000000000000
I,17,877,0.0000000000000000
I,17,878,0.0000000000000000
I,17,879,0.0000000000000000
I,17,880,0.0000000000000000
I,17,881,0.0000000000000000
I,17,882,0.0000000000000000
I,17,883,0.0000000000000000
I,17,884,0.0000000000000000
I,17,885,0.0000000000000000
I,17,886,0.0000000000000000
I,17,887,0.0000000000000000
I,17,888,0.0000000000000000
I,17,889,0.0000000000000000
I,17,890,0.0000000000000000
I,17,891,0.0000000000000000
I,17,892,0.0000000000000000
I,17,893,0.0000000000000000
I,17,894,0.0000000000000000
I,17,895,0.0000000000000000
I,17,896,0.0000000000000000
I,17,897,0.0000000000000000
I,17,898,0.0000000000000000
I,17,899,0.0000000000000000
I,17,900,0.0000000000000000
I,17,901,0.0000000000000000
I,17,902,0.0000000000000000
I,17,903,0.0000000000000000
I,17,904,0.0000000000000000
I,17,905,0.0000000000000000
I,17,906,0.0000000000000000
I,17,907,0.0000000000000000
I,17,908,0.0000000000000000
I,17,909,0.0000000000000000
I,17,910,0.0000000000000000
I,17,911,0.0000000000000000
I,17,912,0.0000000000000000
I,17,913,0.0000000000000000
I,17,914,0.0000000000000000
I,17,915,0.0000000000000000
I,17,916,0.0000000000000000
I,17,917,0.0000000000000000
I,17,918,0.0000000000000000
I,17,919,0.0000000000000000
I,17,920,0.0000000000000000
I,17,921,0.0000000000000000
I,17,922,0.0000000000000000
I,17,923,0.0000000000000000
I,17,924,0.0000000000000000
I,17,925,0.0000000000000000
I,17,926,0.0000000000000000
I,17,927,0.0000000000000000
I,17,928,0.0000000000000000
I,17,929,0.0000000000000000
I,17,930,0.0000000000000000
I,17,931,0.0000000000000000
I,17,932,0.0000000000000000
I,17,933,0.0000000000000000
I,17,934,0.0000000000000000
I,17,935,0.0000000000000000
I,17,936,0.0000000000000000
I,17,937,0.0000000000000000
I,17,938,0.0000000000000000
I,17,939,0.0000000000000000
I,17,940,0.0000000000000000
I,17,941,0.0000000000000000
I,17,942,0.0000000000000000
I,17,943,0.0000000000000000
I,17,944,0.0000000000000000
I,17,945,0.0000000000000000
I,17,946,0.0000000000000000
I,17,947,0.0000000000000000
I,17,948,0.0000000000000000
I,17,949,0.0000000000000000
I,17,950,0.0000000000000000
I,17,951,0.0000000000000000
I,17,952,0.0000000000000000
I,17,953,0.0000000000000000
I,17,954,0.0000000000000000
I,17,955,0.0000000000000000
I,17,956,0.0000000000000000
I,17,957,0.0000000000000000
I,17,958,0.0000000000000000
I,17,959,0.0000000000000000
I,17,960,0.0000000000000000
I,17,961,0.0000000000000000
I,17,962,0.0000000000000000
I,17,963,0.0000000000000000
I,17,964,0.0000000000000000
I,17,965,0.0000000000000000
I,17,966,0.0000000000000000
I,17,967,0.0000000000000000
I,17,968,0.0000000000000000
I,17,969,0.0000000000000000
I,17,970,0.0000000000000000
I,17,971,0.0000000000000000
I,17,972,0.0000000000000000
I,17,973,0.0000000000000000
I,17,974,0.0000000000000000
I,17,975,0.0000000000000000
I,17,976,0.0000000000000000
I,17,977,0.0000000000000000
I,17,978,0.0000000000000000
I,17,979,0.0000000000000000
I,17,980,0.0000000000000000
I,17,981,0.0000000000000000
I,17,982,0.0000000000000000
I,17,983,0.0000000000000000
I,17,984,0.0000000000000000
I,17,985,0.0000000000000000
I,17,986,0.0000000000000000
I,17,987,0.0000000000000000
I,17,988,0.0000000000000000
I,17,989,0.0000000000000000
I,17,990,0.0000000000000000
I,17,991,0.0000000000000000
I,17,992,0.0000000000000000
I,17,993,0.0000000000000000
I,17,994,0.0000000000000000
I,17,995,0.0000000000000000
I,17,996,0.0000000000000000
I,17,997,0.0000000000000000
I,17,998,0.0000000000000000
I,17,999,0.0000000000000000
R,17,0,121.44943101790669,6.2718436561310950,-1.2000000000000002
R,17,1,151.78682683738867,7.1305756364019090,-0.80000000000000000
R,17,2,181.68424397601154,8.4423266307653990,-0.40000000000000000
R,17,3,211.00000000000000,10.000000000000000,0.0000000000000000
R,17,4,239.68424397601154,11.557673369234601,0.40000000000000000
R,17,5,267.78682683738870,12.869424363598090,0.80000000000000000
R,17,6,295.44943101790670,13.728156343868905,1.2000000000000002
R,17,7,324.44943101790670,6.2718436561310950,-1.2000000000000002
R,17,8,-200.00000000000000,-200.00000000000000,3.1400000000000000
R,17,9,-200.00000000000000,-200.00000000000000,3.1400000000000000
R,17,10,124.00000000000000,35.000000000000000,0.0000000000000000
R,17,11,152.68424397601154,36.557673369234600,0.40000000000000000
R,17,12,180.78682683738867,37.869424363598090,0.80000000000000000
R,17,13,208.44943101790670,38.728156343868900,1.2000000000000002
R,17,14,237.44943101790670,31.271843656131093,-1.2000000000000002
R,17,15,267.78682683738870,32.130575636401910,-0.80000000000000000
R,17,16,296.45616265067434,33.961551087176930,-0.40000000000000000
R,17,17,325.66666666666670,35.000000000000000,0.0000000000000000
R,17,18,354.45616265067434,36.038448912823070,0.40000000000000000
R,17,19,382.85788455825910,36.912949575732064,0.80000000000000000
R,17,20,121.44943101790669,63.728156343868900,1.2000000000000002
R,17,21,150.44943101790670,56.271843656131100,-1.2000000000000002
R,17,22,180.78682683738867,57.130575636401910,-0.80000000000000000
R,17,23,210.68424397601154,58.442326630765400,-0.40000000000000000
R,17,24,240.00000000000000,60.000000000000000,0.0000000000000000
R,17,25,267.45616265067434,61.038448912823070,0.40000000000000000
R,17,26,295.85788455825910,61.912949575732064,0.80000000000000000
R,17,27,323.96628734527116,62.485437562579270,1.2000000000000002
R,17,28,352.96628734527116,57.514562437420730,-1.2000000000000002
R,17,29,382.85788455825910,58.087050424267936,-0.80000000000000000
R,17,30,123.68424397601154,83.442326630765400,-0.40000000000000000
R,17,31,153.00000000000000,85.000000000000000,0.0000000000000000
R,17,32,181.68424397601154,86.557673369234600,0.40000000000000000
R,17,33,209.78682683738867,87.869424363598090,0.80000000000000000
R,17,34,237.46122689979770,88.651396963704670,0.87587036183989940
R,17,35,265.96628734527116,82.514562437420740,-1.2000000000000002
R,17,36,295.85788455825910,83.087050424267940,-0.80000000000000000
R,17,37,325.45616265067434,83.961551087176930,-0.40000000000000000
R,17,38,354.66666666666670,85.000000000000000,0.0000000000000000
R,17,39,383.45616265067434,86.038448912823070,0.40000000000000000
R,17,40,122.78682683738866,112.86942436359809,0.80000000000000000
R,17,41,150.44943101790670,113.72815634386890,1.2000000000000002
R,17,42,179.44943101790670,106.27184365613110,-1.2000000000000002
R,17,43,209.78682683738867,107.13057563640191,-0.80000000000000000
R,17,44,238.45616265067437,108.96155108717693,-0.40000000000000000
R,17,45,267.66666666666670,110.00000000000000,0.0000000000000000
R,17,46,296.45616265067434,111.03844891282307,0.40000000000000000
R,17,47,324.85788455825910,111.91294957573206,0.80000000000000000
R,17,48,352.96628734527116,112.48543756257926,1.2000000000000002
R,17,49,381.96628734527116,107.51456243742074,-1.2000000000000002
R,17,50,122.78682683738866,132.13057563640191,-0.80000000000000000
R,17,51,152.68424397601154,133.44232663076540,-0.40000000000000000
R,17,52,182.00000000000000,135.00000000000000,0.0000000000000000
R,17,53,210.68424397601154,136.55767336923460,0.40000000000000000
R,17,54,237.85788455825912,136.91294957573206,0.80000000000000000
R,17,55,265.96628734527116,137.48543756257928,1.2000000000000002
R,17,56,294.96628734527116,132.51456243742072,-1.2000000000000002
R,17,57,324.85788455825910,133.08705042426794,-0.80000000000000000
R,17,58,354.45616265067434,133.96155108717693,-0.40000000000000000
R,17,59,383.66666666666670,135.00000000000000,0.0000000000000000
R,17,60,123.68424397601154,161.55767336923460,0.40000000000000000
R,17,61,151.78682683738867,162.86942436359809,0.80000000000000000
R,17,62,179.44943101790670,163.72815634386890,1.2000000000000002
R,17,63,208.44943101790670,156.27184365613110,-1.2000000000000002
R,17,64,237.85788455825912,158.08705042426794,-0.80000000000000000
R,17,65,267.45616265067434,158.96155108717693,-0.40000000000000000
R,17,66,296.66666666666670,160.00000000000000,0.0000000000000000
R,17,67,325.45616265067434,161.03844891282307,0.40000000000000000
R,17,68,353.85788455825910,161.91294957573206,0.80000000000000000
R,17,69,381.96628734527116,162.48543756257928,1.2000000000000002
R,17,70,121.44943101790669,181.27184365613110,-1.2000000000000002
R,17,71,151.78682683738867,182.13057563640191,-0.80000000000000000
R,17,72,181.68424397601154,183.44232663076540,-0.40000000000000000
R,17,73,211.00000000000000,185.00000000000000,0.0000000000000000
R,17,74,239.68424397601154,186.55767336923460,0.40000000000000000
R,17,75,266.85788455825910,186.91294957573206,0.80000000000000000
R,17,76,294.96628734527116,187.48543756257928,1.2000000000000002
R,17,77,323.96628734527116,182.51456243742072,-1.2000000000000002
R,17,78,353.85788455825910,183.08705042426794,-0.80000000000000000
R,17,79,383.45616265067434,183.96155108717693,-0.40000000000000000
R,17,80,124.00000000000000,210.00000000000000,0.0000000000000000
R,17,81,152.68424397601154,211.55767336923460,0.40000000000000000
R,17,82,180.78682683738867,212.86942436359809,0.80000000000000000
R,17,83,208.44943101790670,213.72815634386890,1.2000000000000002
R,17,84,237.44943101790670,206.27184365613110,-1.2000000000000002
R,17,85,266.85788455825910,208.08705042426794,-0.80000000000000000
R,17,86,296.45616265067434,208.96155108717693,-0.40000000000000000
R,17,87,325.66666666666670,210.00000000000000,0.0000000000000000
R,17,88,354.45616265067434,211.03844891282307,0.40000000000000000
R,17,89,382.85788455825910,211.91294957573206,0.80000000000000000
R,17,90,-200.00000000000000,-200.00000000000000,3.1400000000000000
R,17,91,-200.00000000000000,-200.00000000000000,3.1400000000000000
R,17,92,-200.00000000000000,-200.00000000000000,3.1400000000000000
R,17,93,-200.00000000000000,-200.00000000000000,3.1400000000000000
R,17,94,-200.00000000000000,-200.00000000000000,3.1400000000000000
R,17,95,-200.00000000000000,-200.00000000000000,3.1400000000000000
R,17,96,295.85788455825910,236.91294957573206,0.80000000000000000
R,17,97,323.96628734527116,237.48543756257928,1.2000000000000002
R,17,98,352.96628734527116,232.51456243742072,-1.2000000000000002
R,17,99,382.85788455825910,233.08705042426794,-0.80000000000000000
I,21,0,1.0000000000000000
I,21,1,1.0000000000000000
I,21,2,1.0000000000000000
I,21,3,1.0000000000000000
I,21,4,1.0000000000000000
I,21,5,1.0000000000000000
I,21,6,1.0000000000000000
I,21,7,1.0000000000000000
I,21,8,1.0000000000000000
I,21,9,1.0000000000000000
I,21,10,1.0000000000000000
I,21,11,1.0000000000000000
I,21,12,1.0000000000000000
I,21,13,1.0000000000000000
I,21,14,1.0000000000000000
I,21,15,1.0000000000000000
I,21,16,1.0000000000000000
I,21,17,1.0000000000000000
I,21,18,1.0000000000000000
I,21,19,1.0000000000000000
I,21,20,1.0000000000000000
I,21,21,1.0000000000000000
I,21,22,1.0000000000000000
I,21,23,1.0000000000000000
I,21,24,1.0000000000000000
I,21,25,1.0000000000000000
I,21,26,1.0000000000000000
I,21,27,1.0000000000000000
I,21,28,1.0000000000000000
I,21,29,1.0000000000000000
I,21,30,1.0000000000000000
I,21,31,1.0000000000000000
I,21,32,1.0000000000000000
I,21,33,1.0000000000000000
I,21,34,1.0000000000000000
I,21,35,1.0000000000000000
I,21,36,1.0000000000000000
I,21,37,1.0000000000000000
I,21,38,1.0000000000000000
I,21,39,1.0000000000000000
I,21,40,1.0000000000000000
I,21,41,1.0000000000000000
I,21,42,1.0000000000000000
I,21,43,1.0000000000000000
I,21,44,1.0000000000000000
I,21,45,1.0000000000000000
I,21,46,1.0000000000000000
I,21,47,1.0000000000000000
I,21,48,1.0000000000000000
I,21,49,1.0000000000000000
I,21,50,1.0000000000000000
I,21,51,1.0000000000000000
I,21,52,1.0000000000000000
I,21,53,1.0000000000000000
I,21,54,1.0000000000000000
I,21,55,1.0000000000000000
I,21,56,1.0000000000000000
I,21,57,1.0000000000000000
I,21,58,1.0000000000000000
I,21,59,1.0000000000000000
I,21,60,1.0050038386450373
I,21,61,1.0405260411153527
I,21,62,1.0595047847011660
I,21,63,1.0609364889541402
I,21,64,1.0447422540952043
I,21,65,1.0117882311973814
I,21,66,1.0000000000000000
I,21,67,1.0000000000000000
I,21,68,1.0000000000000000
I,21,69,1.0000000000000000
I,21,70,1.0000000000000000
I,21,71,1.0000000000000000
I,21,72,1.0000000000000000
I,21,73,1.0000000000000000
I,21,74,1.0000000000000000
I,21,75,1.0000000000000000
I,21,76,1.0000000000000000
I,21,77,1.0000000000000000
I,21,78,1.0000000000000000
I,21,79,1.0000000000000000
I,21,80,1.0000000000000000
I,21,81,1.0000000000000000
I,21,82,1.0000000000000000
I,21,83,1.0000000000000000
I,21,84,1.0000000000000000
I,21,85,1.0000000000000000
I,21,86,1.0000000000000000
I,21,87,1.0000000000000000
I,21,88,1.0000000000000000
I,21,89,1.0000000000000000
I,21,90,1.0000000000000000
I,21,91,1.0000000000000000
I,21,92,1.0000000000000000
I,21,93,1.0000000000000000
I,21,94,1.0000000000000000
I,21,95,1.0000000000000000
I,21,96,1.0000000000000000
I,21,97,1.0000000000000000
I,21,98,1.0116652613837984
I,21,99,1.0831344912632437
I,21,100,1.1410196613296542
I,21,101,1.1824303461545990
I,21,102,1.2047886374610137
I,21,103,1.2064824268556562
I,21,104,1.1873824871304937
I,21,105,1.1488875743410210
I,21,106,1.0934650831018390
I,21,107,1.0239944643827292
I,21,108,1.0000000000000000
I,21,109,1.0000000000000000
I,21,110,1.0000000000000000
I,21,111,1.0000000000000000
I,21,112,1.0000000000000000
I,21,113,1.0000000000000000
I,21,114,1.0000000000000000
I,21,115,1.0000000000000000
I,21,116,1.0000000000000000
I,21,117,1.0000000000000000
I,21,118,1.0000000000000000
I,21,119,1.0000000000000000
I,21,120,1.0000000000000000
I,21,121,1.0000000000000000
I,21,122,1.0000000000000000
I,21,123,1.0000000000000000
I,21,124,1.0000000000000000
I,21,125,1.0000000000000000
I,21,126,1.0000000000000000
I,21,127,1.0000000000000000
I,21,128,1.0000000000000000
I,21,129,1.0000000000000000
I,21,130,1.0000000000000000
I,21,131,1.0000000000000000
I,21,132,1.0000000000000000
I,21,133,1.0000000000000000
I,21,134,1.0000000000000000
I,21,135,1.0000000000000000
I,21,136,1.0000000000000000
I,21,137,1.0321666523161703
I,21,138,1.1241175085156179
I,21,139,1.2056405445615666
I,21,140,1.2732181857286498
I,21,141,1.3226635088656287
I,21,142,1.3498264120679428
I,21,143,1.3518991419368263
I,21,144,1.3286492678520745
I,21,145,1.2825343600948930
I,21,146,1.2175869767898230
I,21,147,1.1380537204158898
I,21,148,1.0475816599600550
I,21,149,1.0000000000000000
I,21,150,1.0000000000000000
I,21,151,1.0000000000000000
I,21,152,1.0000000000000000
I,21,153,1.0000000000000000
I,21,154,1.0000000000000000
I,21,155,1.0000000000000000
I,21,156,1.0000000000000000
I,21,157,1.0000000000000000
I,21,158,1.0000000000000000
I,21,159,1.0000000000000000
I,21,160,1.0000000000000000
I,21,161,1.0000000000000000
I,21,162,1.0000000000000000
I,21,163,1.0000000000000000
I,21,164,1.0000000000000000
I,21,165,1.0000000000000000
I,21,166,1.0000000000000000
I,21,167,1.0000000000000000
I,21,168,1.0000000000000000
I,21,169,1.0000000000000000
I,21,170,1.0000000000000000
I,21,171,1.0000000000000000
I,21,172,1.0000000000000000
I,21,173,1.0000000000000000
I,21,174,1.0000000000000000
I,21,175,1.0000000000000000
I,21,176,1.0138458538341990
I,21,177,1.1227311162223725
I,21,178,1.2253585058593592
I,21,179,1.3188933637087360
I,21,180,1.3990747874226686
I,21,181,1.4599222021062357
I,21,182,1.4944062895960828
I,21,183,1.4970745305934707
I,21,184,1.4674484897109847
I,21,185,1.4103761792464624
I,21,186,1.3328647480124856
I,21,187,1.2411517316060843
I,21,188,1.1397674732957372
I,21,189,1.0317451982504238
I,21,190,1.0000000000000000
I,21,191,1.0000000000000000
I,21,192,1.0000000000000000
I,21,193,1.0000000000000000
I,21,194,1.0000000000000000
I,21,195,1.0000000000000000
I,21,196,1.0000000000000000
I,21,197,1.0000000000000000
I,21,198,1.0000000000000000
I,21,199,1.0000000000000000
I,21,200,1.0000000000000000
I,21,201,1.0000000000000000
I,21,202,1.0000000000000000
I,21,203,1.0000000000000000
I,21,204,1.0000000000000000
I,21,205,1.0000000000000000
I,21,206,1.0000000000000000
I,21,207,1.0000000000000000
I,21,208,1.0000000000000000
I,21,209,1.0000000000000000
I,21,210,1.0000000000000000
I,21,211,1.0000000000000000
I,21,212,1.0000000000000000
I,21,213,1.0000000000000000
I,21,214,1.0000000000000000
I,21,215,1.0000000000000000
I,21,216,1.0791666666666666
I,21,217,1.1968594629691376
I,21,218,1.3104324019922178
I,21,219,1.4174707923393217
I,21,220,1.5136409362529686
I,21,221,1.5911992471196323
I,21,222,1.6379792439959033
I,21,223,1.6417151195549056
I,21,224,1.6011953625032818
I,21,225,1.5276756646352236
I,21,226,1.4338697391746116
I,21,227,1.3282227138238283
I,21,228,1.2155039657348308
I,21,229,1.0983618303948701
I,21,230,1.0000000000000000
I,21,231,1.0000000000000000
I,21,232,1.0000000000000000
I,21,233,1.0000000000000000
I,21,234,1.0000000000000000
I,21,235,1.0000000000000000
I,21,236,1.0000000000000000
I,21,237,1.0000000000000000
I,21,238,1.0000000000000000
I,21,239,1.0000000000000000
I,21,240,1.0000000000000000
I,21,241,1.0000000000000000
I,21,242,1.0000000000000000
I,21,243,1.0000000000000000
I,21,244,1.0000000000000000
I,21,245,1.0000000000000000
I,21,246,1.0000000000000000
I,21,247,1.0000000000000000
I,21,248,1.0000000000000000
I,21,249,1.0000000000000000
I,21,250,1.0000000000000000
I,21,251,1.0000000000000000
I,21,252,1.0000000000000000
I,21,253,1.0000000000000000
I,21,254,1.0000000000000000
I,21,255,1.0000000000000000
I,21,256,1.1248412842359519
I,21,257,1.2496644269247110
I,21,258,1.3727263577813729
I,21,259,1.4927436271688863
I,21,260,1.6069174528309749
I,21,261,1.7083035729468810
I,21,262,1.7785778290735597
I,21,263,1.7847401441151751
I,21,264,1.7224862365775548
I,21,265,1.6244217421391678
I,21,266,1.5116638225338797
I,21,267,1.3923376988637337
I,21,268,1.2696557128464838
I,21,269,1.1450613244864350
I,21,270,1.0192831420050150
I,21,271,1.0000000000000000
I,21,272,1.0000000000000000
I,21,273,1.0000000000000000
I,21,274,1.0000000000000000
I,21,275,1.0000000000000000
I,21,276,1.0000000000000000
I,21,277,1.0000000000000000
I,21,278,1.0000000000000000
I,21,279,1.0000000000000000
I,21,280,1.0000000000000000
I,21,281,1.0000000000000000
I,21,282,1.0000000000000000
I,21,283,1.0000000000000000
I,21,284,1.0000000000000000
I,21,285,1.0000000000000000
I,21,286,1.0000000000000000
I,21,287,1.0000000000000000
I,21,288,1.0000000000000000
I,21,289,1.0000000000000000
I,21,290,1.0000000000000000
I,21,291,1.0000000000000000
I,21,292,1.0000000000000000
I,21,293,1.0000000000000000
I,21,294,1.0000000000000000
I,21,295,1.0188406800569487
I,21,296,1.1477053033134608
I,21,297,1.2764622024769927
I,21,298,1.4050414346826794
I,21,299,1.5332961324351384
I,21,300,1.6608579042479228
I,21,301,1.7864812004113508
I,21,302,1.9023718790511668
I,21,303,1.9172940281613366
I,21,304,1.8063060116805090
I,21,305,1.6813112804004509
I,21,306,1.5539330829971312
I,21,307,1.4257553270212735
I,21,308,1.2972153601564702
I,21,309,1.1684811420592367
I,21,310,1.0396307856986575
I,21,311,1.0000000000000000
I,21,312,1.0000000000000000
I,21,313,1.0000000000000000
I,21,314,1.0000000000000000
I,21,315,1.0000000000000000
I,21,316,1.0000000000000000
I,21,317,1.0000000000000000
I,21,318,1.0000000000000000
I,21,319,1.0000000000000000
I,21,320,1.0000000000000000
I,21,321,1.0000000000000000
I,21,322,1.0000000000000000
I,21,323,1.0000000000000000
I,21,324,1.0000000000000000
I,21,325,1.0000000000000000
I,21,326,1.0000000000000000
I,21,327,1.0000000000000000
I,21,328,1.0000000000000000
I,21,329,1.0000000000000000
I,21,330,1.0000000000000000
I,21,331,1.0000000000000000
I,21,332,1.0000000000000000
I,21,333,1.0000000000000000
I,21,334,1.0000000000000000
I,21,335,1.0172936320774370
I,21,336,1.1459248016454030
I,21,337,1.2743656989303158
I,21,338,1.4024936076585550
I,21,339,1.5300524556459045
I,21,340,1.6564078645318616
I,21,341,1.7794813562933460
I,21,342,1.8878864662743857
I,21,343,1.9006094963176954
I,21,344,1.7986159004400903
I,21,345,1.6765796938279163
I,21,346,1.5505404479946066
I,21,347,1.4231160091587833
I,21,348,1.2950571339147800
I,21,349,1.1666562500651034
I,21,350,1.0380503016154004
I,21,351,1.0000000000000000
I,21,352,1.0000000000000000
I,21,353,1.0000000000000000
I,21,354,1.0000000000000000
I,21,355,1.0000000000000000
I,21,356,1.0000000000000000
I,21,357,1.0000000000000000
I,21,358,1.0000000000000000
I,21,359,1.0000000000000000
I,21,360,1.0000000000000000
I,21,361,1.0000000000000000
I,21,362,1.0000000000000000
I,21,363,1.0000000000000000
I,21,364,1.0000000000000000
I,21,365,1.0000000000000000
I,21,366,1.0000000000000000
I,21,367,1.0000000000000000
I,21,368,1.0000000000000000
I,21,369,1.0000000000000000
I,21,370,1.0000000000000000
I,21,371,1.0000000000000000
I,21,372,1.0000000000000000
I,21,373,1.0000000000000000
I,21,374,1.0000000000000000
I,21,375,1.0000000000000000
I,21,376,1.1196492965237597
I,21,377,1.2436151405828144
I,21,378,1.3655027143040281
I,21,379,1.4838376116849359
I,21,380,1.5954898366885915
I,21,381,1.6930775523216184
I,21,382,1.7588727283961618
I,21,383,1.7645188141509203
I,21,384,1.7065234724509946
I,21,385,1.6124775992137859
I,21,386,1.5024190462291030
I,21,387,1.3848837056657046
I,21,388,1.2634422214713152
I,21,389,1.1397472916507485
I,21,390,1.0146472008012110
I,21,391,1.0000000000000000
I,21,392,1.0000000000000000
I,21,393,1.0000000000000000
I,21,394,1.0000000000000000
I,21,395,1.0000000000000000
I,21,396,1.0000000000000000
I,21,397,1.0000000000000000
I,21,398,1.0000000000000000
I,21,399,1.0000000000000000
I,21,400,1.0000000000000000
I,21,401,1.0000000000000000
I,21,402,1.0000000000000000
I,21,403,1.0000000000000000
I,21,404,1.0000000000000000
I,21,405,1.0000000000000000
I,21,406,1.0000000000000000
I,21,407,1.0000000000000000
I,21,408,1.0000000000000000
I,21,409,1.0000000000000000
I,21,410,1.0000000000000000
I,21,411,1.0000000000000000
I,21,412,1.0000000000000000
I,21,413,1.0000000000000000
I,21,414,1.0000000000000000
I,21,415,1.0000000000000000
I,21,416,1.0709547911968977
I,21,417,1.1874572660810730
I,21,418,1.2995041438777497
I,21,419,1.4045747318092723
I,21,420,1.4982668925503210
I,21,421,1.5730233873175514
I,21,422,1.6175735364805413
I,21,423,1.6211081582063587
I,21,424,1.5825840071210602
I,21,425,1.5118593952558341
I,21,426,1.4206085568077100
I,21,427,1.3170097405932903
I,21,428,1.2058809912865704
I,21,429,1.0899767249618770
I,21,430,1.0000000000000000
I,21,431,1.0000000000000000
I,21,432,1.0000000000000000
I,21,433,1.0000000000000000
I,21,434,1.0000000000000000
I,21,435,1.0000000000000000
I,21,436,1.0000000000000000
I,21,437,1.0000000000000000
I,21,438,1.0000000000000000
I,21,439,1.0000000000000000
I,21,440,1.0000000000000000
I,21,441,1.0000000000000000
I,21,442,1.0000000000000000
I,21,443,1.0000000000000000
I,21,444,1.0000000000000000
I,21,445,1.0000000000000000
I,21,446,1.0000000000000000
I,21,447,1.0000000000000000
I,21,448,1.0000000000000000
I,21,449,1.0000000000000000
I,21,450,1.0000000000000000
I,21,451,1.0000000000000000
I,21,452,1.0000000000000000
I,21,453,1.0000000000000000
I,21,454,1.0000000000000000
I,21,455,1.0000000000000000
I,21,456,1.0031211903590733
I,21,457,1.1106923729352394
I,21,458,1.2117507973010340
I,21,459,1.3034559517797089
I,21,460,1.3816324133476736
I,21,461,1.4405794168169275
I,21,462,1.4737943737367387
I,21,463,1.4763575753542415
I,21,464,1.4478419861831016
I,21,465,1.3926091776202814
I,21,466,1.3171114252269587
I,21,467,1.2272658571309563
I,21,468,1.1274936326243166
I,21,469,1.0208244681252385
I,21,470,1.0000000000000000
I,21,471,1.0000000000000000
I,21,472,1.0000000000000000
I,21,473,1.0000000000000000
I,21,474,1.0000000000000000
I,21,475,1.0000000000000000
I,21,476,1.0000000000000000
I,21,477,1.0000000000000000
I,21,478,1.0000000000000000
I,21,479,1.0000000000000000
I,21,480,1.0000000000000000
I,21,481,1.0000000000000000
I,21,482,1.0000000000000000
I,21,483,1.0000000000000000
I,21,484,1.0000000000000000
I,21,485,1.0000000000000000
I,21,486,1.0000000000000000
I,21,487,1.0000000000000000
I,21,488,1.0000000000000000
I,21,489,1.0000000000000000
I,21,490,1.0000000000000000
I,21,491,1.0000000000000000
I,21,492,1.0000000000000000
I,21,493,1.0000000000000000
I,21,494,1.0000000000000000
I,21,495,1.0000000000000000
I,21,496,1.0000000000000000
I,21,497,1.0181419965754270
I,21,498,1.1086449142519639
I,21,499,1.1886118718859362
I,21,500,1.2546440075000700
I,21,501,1.3027708610347513
I,21,502,1.3291278479140423
I,21,503,1.3311364322806765
I,21,504,1.3085843829102820
I,21,505,1.2637251230386546
I,21,506,1.2003038771577739
I,21,507,1.1223354063830027
I,21,508,1.0333333333333334
I,21,509,1.0000000000000000
I,21,510,1.0000000000000000
I,21,511,1.0000000000000000
I,21,512,1.0000000000000000
I,21,513,1.0000000000000000
I,21,514,1.0000000000000000
I,21,515,1.0000000000000000
I,21,516,1.0000000000000000
I,21,517,1.0000000000000000
I,21,518,1.0000000000000000
I,21,519,1.0000000000000000
I,21,520,1.0000000000000000
I,21,521,1.0000000000000000
I,21,522,1.0000000000000000
I,21,523,1.0000000000000000
I,21,524,1.0000000000000000
I,21,525,1.0000000000000000
I,21,526,1.0000000000000000
I,21,527,1.0000000000000000
I,21,528,1.0000000000000000
I,21,529,1.0000000000000000
I,21,530,1.0000000000000000
I,21,531,1.0000000000000000
I,21,532,1.0000000000000000
I,21,533,1.0000000000000000
I,21,534,1.0000000000000000
I,21,535,1.0000000000000000
I,21,536,1.0000000000000000
I,21,537,1.0000000000000000
I,21,538,1.0000000000000000
I,21,539,1.0650869024342424
I,21,540,1.1217817121517504
I,21,541,1.1622409190120482
I,21,542,1.1840458039816206
I,21,543,1.1856964461714674
I,21,544,1.1670730157384075
I,21,545,1.1294757326759925
I,21,546,1.0752158660290259
I,21,547,1.0070211762356438
I,21,548,1.0000000000000000
I,21,549,1.0000000000000000
I,21,550,1.0000000000000000
I,21,551,1.0000000000000000
I,21,552,1.0000000000000000
I,21,553,1.0000000000000000
I,21,554,1.0000000000000000
I,21,555,1.0000000000000000
I,21,556,1.0000000000000000
I,21,557,1.0000000000000000
I,21,558,1.0000000000000000
I,21,559,1.0000000000000000
I,21,560,1.0000000000000000
I,21,561,1.0000000000000000
I,21,562,1.0000000000000000
I,21,563,1.0000000000000000
I,21,564,1.0000000000000000
I,21,565,1.0000000000000000
I,21,566,1.0000000000000000
I,21,567,1.0000000000000000
I,21,568,1.0000000000000000
I,21,569,1.0000000000000000
I,21,570,1.0000000000000000
I,21,571,1.0000000000000000
I,21,572,1.0000000000000000
I,21,573,1.0000000000000000
I,21,574,1.0000000000000000
I,21,575,1.0000000000000000
I,21,576,1.0000000000000000
I,21,577,1.0000000000000000
I,21,578,1.0000000000000000
I,21,579,1.0000000000000000
I,21,580,1.0000000000000000
I,21,581,1.0201598061134889
I,21,582,1.0387363640614622
I,21,583,1.0401370902282163
I,21,584,1.0242880092522748
I,21,585,1.0000000000000000
I,21,586,1.0000000000000000
I,21,587,1.0000000000000000
I,21,588,1.0000000000000000
I,21,589,1.0000000000000000
I,21,590,1.0000000000000000
I,21,591,1.0000000000000000
I,21,592,1.0000000000000000
I,21,593,1.0000000000000000
I,21,594,1.0000000000000000
I,21,595,1.0000000000000000
I,21,596,1.0000000000000000
I,21,597,1.0000000000000000
I,21,598,1.0000000000000000
I,21,599,1.0000000000000000
I,21,600,1.0000000000000000
I,21,601,1.0000000000000000
I,21,602,1.0000000000000000
I,21,603,1.0000000000000000
I,21,604,1.0000000000000000
I,21,605,1.0000000000000000
I,21,606,1.0000000000000000
I,21,607,1.0000000000000000
I,21,608,1.0000000000000000
I,21,609,1.0000000000000000
I,21,610,1.0000000000000000
I,21,611,1.0000000000000000
I,21,612,1.0000000000000000
I,21,613,1.0000000000000000
I,21,614,1.0000000000000000
I,21,615,1.0000000000000000
I,21,616,1.0000000000000000
I,21,617,1.0000000000000000
I,21,618,1.0000000000000000
I,21,619,1.0000000000000000
I,21,620,1.0000000000000000
I,21,621,1.0000000000000000
I,21,622,1.0000000000000000
I,21,623,1.0000000000000000
I,21,624,1.0000000000000000
I,21,625,1.0000000000000000
I,21,626,1.0000000000000000
I,21,627,1.0000000000000000
I,21,628,1.0000000000000000
I,21,629,1.0000000000000000
I,21,630,1.0000000000000000
I,21,631,1.0000000000000000
I,21,632,1.0000000000000000
I,21,633,1.0000000000000000
I,21,634,1.0000000000000000
I,21,635,1.0000000000000000
I,21,636,1.0000000000000000
I,21,637,1.0000000000000000
I,21,638,1.0000000000000000
I,21,639,1.0000000000000000
I,21,640,1.0000000000000000
I,21,641,1.0000000000000000
I,21,642,1.0000000000000000
I,21,643,1.0000000000000000
I,21,644,1.0000000000000000
I,21,645,1.0000000000000000
I,21,646,1.0000000000000000
I,21,647,1.0000000000000000
I,21,648,1.0000000000000000
I,21,649,1.0000000000000000
I,21,650,1.0000000000000000
I,21,651,1.0000000000000000
I,21,652,1.0000000000000000
I,21,653,1.0000000000000000
I,21,654,1.0000000000000000
I,21,655,1.0000000000000000
I,21,656,1.0000000000000000
I,21,657,1.0000000000000000
I,21,658,1.0000000000000000
I,21,659,1.0000000000000000
I,21,660,1.0000000000000000
I,21,661,1.0000000000000000
I,21,662,1.0000000000000000
I,21,663,1.0000000000000000
I,21,664,1.0000000000000000
I,21,665,1.0000000000000000
I,21,666,1.0000000000000000
I,21,667,1.0000000000000000
I,21,668,1.0000000000000000
I,21,669,1.0000000000000000
I,21,670,1.0000000000000000
I,21,671,1.0000000000000000
I,21,672,1.0000000000000000
I,21,673,1.0000000000000000
I,21,674,1.0000000000000000
I,21,675,1.0000000000000000
I,21,676,1.0000000000000000
I,21,677,1.0000000000000000
I,21,678,1.0000000000000000
I,21,679,1.0000000000000000
I,21,680,1.0000000000000000
I,21,681,1.0000000000000000
I,21,682,1.0000000000000000
I,21,683,1.0000000000000000
I,21,684,1.0000000000000000
I,21,685,1.0000000000000000
I,21,686,1.0000000000000000
I,21,687,1.0000000000000000
I,21,688,1.0000000000000000
I,21,689,1.0000000000000000
I,21,690,1.0000000000000000
I,21,691,1.0000000000000000
I,21,692,1.0000000000000000
I,21,693,1.0000000000000000
I,21,694,1.0000000000000000
I,21,695,1.0000000000000000
I,21,696,1.0000000000000000
I,21,697,1.0000000000000000
I,21,698,1.0000000000000000
I,21,699,1.0000000000000000
I,21,700,1.0000000000000000
I,21,701,1.0000000000000000
I,21,702,1.0000000000000000
I,21,703,1.0000000000000000
I,21,704,1.0000000000000000
I,21,705,1.0000000000000000
I,21,706,1.0000000000000000
I,21,707,1.0000000000000000
I,21,708,1.0000000000000000
I,21,709,1.0000000000000000
I,21,710,1.0000000000000000
I,21,711,1.0000000000000000
I,21,712,1.0000000000000000
I,21,713,1.0000000000000000
I,21,714,1.0000000000000000
I,21,715,1.0000000000000000
I,21,716,1.0000000000000000
I,21,717,1.0000000000000000
I,21,718,1.0000000000000000
I,21,719,1.0000000000000000
I,21,720,1.0000000000000000
I,21,721,1.0000000000000000
I,21,722,1.0000000000000000
I,21,723,1.0000000000000000
I,21,724,1.0000000000000000
I,21,725,1.0000000000000000
I,21,726,1.0000000000000000
I,21,727,1.0000000000000000
I,21,728,1.0000000000000000
I,21,729,1.0000000000000000
I,21,730,1.0000000000000000
I,21,731,1.0000000000000000
I,21,732,1.0000000000000000
I,21,733,1.0000000000000000
I,21,734,1.0000000000000000
I,21,735,1.0000000000000000
I,21,736,1.0000000000000000
I,21,737,1.0000000000000000
I,21,738,1.0000000000000000
I,21,739,1.0000000000000000
I,21,740,1.0000000000000000
I,21,741,1.0000000000000000
I,21,742,1.0000000000000000
I,21,743,1.0000000000000000
I,21,744,1.0000000000000000
I,21,745,1.0000000000000000
I,21,746,1.0000000000000000
I,21,747,1.0000000000000000
I,21,748,1.0000000000000000
I,21,749,1.0000000000000000
I,21,750,1.0000000000000000
I,21,751,1.0000000000000000
I,21,752,1.0000000000000000
I,21,753,1.0000000000000000
I,21,754,1.0000000000000000
I,21,755,1.0000000000000000
I,21,756,1.0000000000000000
I,21,757,1.0000000000000000
I,21,758,1.0000000000000000
I,21,759,1.0000000000000000
I,21,760,1.0000000000000000
I,21,761,1.0000000000000000
I,21,762,1.0000000000000000
I,21,763,1.0000000000000000
I,21,764,1.0000000000000000
I,21,765,1.0000000000000000
I,21,766,1.0000000000000000
I,21,767,1.0000000000000000
I,21,768,1.0000000000000000
I,21,769,1.0000000000000000
I,21,770,1.0000000000000000
I,21,771,1.0000000000000000
I,21,772,1.0000000000000000
I,21,773,1.0000000000000000
I,21,774,1.0000000000000000
I,21,775,1.0000000000000000
I,21,776,1.0000000000000000
I,21,777,1.0000000000000000
I,21,778,1.0000000000000000
I,21,779,1.0000000000000000
I,21,780,1.0000000000000000
I,21,781,1.0000000000000000
I,21,782,1.0000000000000000
I,21,783,1.0000000000000000
I,21,784,1.0000000000000000
I,21,785,1.0000000000000000
I,21,786,1.0000000000000000
I,21,787,1.0000000000000000
I,21,788,1.0000000000000000
I,21,789,1.0000000000000000
I,21,790,1.0000000000000000
I,21,791,1.0000000000000000
I,21,792,1.0000000000000000
I,21,793,1.0000000000000000
I,21,794,1.0000000000000000
I,21,795,1.0000000000000000
I,21,796,1.0000000000000000
I,21,797,1.0000000000000000
I,21,798,1.0000000000000000
I,21,799,1.0000000000000000
I,21,800,1.0000000000000000
I,21,801,1.0000000000000000
I,21,802,1.0000000000000000
I,21,803,1.0000000000000000
I,21,804,1.0000000000000000
I,21,805,1.0000000000000000
I,21,806,1.0000000000000000
I,21,807,1.0000000000000000
I,21,808,1.0000000000000000
I,21,809,1.0000000000000000
I,21,810,1.0000000000000000
I,21,811,1.0000000000000000
I,21,812,1.0000000000000000
I,21,813,1.0000000000000000
I,21,814,1.0000000000000000
I,21,815,1.0000000000000000
I,21,816,1.0000000000000000
I,21,817,1.0000000000000000
I,21,818,1.0000000000000000
I,21,819,1.0000000000000000
I,21,820,1.0000000000000000
I,21,821,1.0000000000000000
I,21,822,1.0000000000000000
I,21,823,1.0000000000000000
I,21,824,1.0000000000000000
I,21,825,1.0000000000000000
I,21,826,1.0000000000000000
I,21,827,1.0000000000000000
I,21,828,1.0000000000000000
I,21,829,1.0000000000000000
I,21,830,1.0000000000000000
I,21,831,1.0000000000000000
I,21,832,1.0000000000000000
I,21,833,1.0000000000000000
I,21,834,1.0000000000000000
I,21,835,1.0000000000000000
I,21,836,1.0000000000000000
I,21,837,1.0000000000000000
I,21,838,1.0000000000000000
I,21,839,1.0000000000000000
I,21,840,1.0000000000000000
I,21,841,1.0000000000000000
I,21,842,1.0000000000000000
I,21,843,1.0000000000000000
I,21,844,1.0000000000000000
I,21,845,1.0000000000000000
I,21,846,1.0000000000000000
I,21,847,1.0000000000000000
I,21,848,1.0000000000000000
I,21,849,1.0000000000000000
I,21,850,1.0000000000000000
I,21,851,1.0000000000000000
I,21,852,1.0000000000000000
I,21,853,1.0000000000000000
I,21,854,1.0000000000000000
I,21,855,1.0000000000000000
I,21,856,1.0000000000000000
I,21,857,1.0000000000000000
I,21,858,1.0000000000000000
I,21,859,1.0000000000000000
I,21,860,1.0000000000000000
I,21,861,1.0000000000000000
I,21,862,1.0000000000000000
I,21,863,1.0000000000000000
I,21,864,1.0000000000000000
I,21,865,1.0000000000000000
I,21,866,1.0000000000000000
I,21,867,1.0000000000000000
I,21,868,1.0000000000000000
I,21,869,1.0000000000000000
I,21,870,1.0000000000000000
I,21,871,1.0000000000000000
I,21,872,1.0000000000000000
I,21,873,1.0000000000000000
I,21,874,1.0000000000000000
I,21,875,1.0000000000000000
I,21,876,1.0000000000000000
I,21,877,1.0000000000000000
I,21,878,1.0000000000000000
I,21,879,1.0000000000000000
I,21,880,1.0000000000000000
I,21,881,1.0000000000000000
I,21,882,1.0000000000000000
I,21,883,1.0000000000000000
I,21,884,1.0000000000000000
I,21,885,1.0000000000000000
I,21,886,1.0000000000000000
I,21,887,1.0000000000000000
I,21,888,1.0000000000000000
I,21,889,1.0000000000000000
I,21,890,1.0000000000000000
I,21,891,1.0000000000000000
I,21,892,1.0000000000000000
I,21,893,1.0000000000000000
I,21,894,1.0000000000000000
I,21,895,1.0000000000000000
I,21,896,1.0000000000000000
I,21,897,1.0000000000000000
I,21,898,1.0000000000000000
I,21,899,1.0000000000000000
I,21,900,1.0000000000000000
I,21,901,1.0000000000000000
I,21,902,1.0000000000000000
I,21,903,1.0000000000000000
I,21,904,1.0000000000000000
I,21,905,1.0000000000000000
I,21,906,1.0000000000000000
I,21,907,1.0000000000000000
I,21,908,1.0000000000000000
I,21,909,1.0000000000000000
I,21,910,1.0000000000000000
I,21,911,1.0000000000000000
I,21,912,1.0000000000000000
I,21,913,1.0000000000000000
I,21,914,1.0000000000000000
I,21,915,1.0000000000000000
I,21,916,1.0000000000000000
I,21,917,1.0000000000000000
I,21,918,1.0000000000000000
I,21,919,1.0000000000000000
I,21,920,1.0000000000000000
I,21,921,1.0000000000000000
I,21,922,1.0000000000000000
I,21,923,1.0000000000000000
I,21,924,1.0000000000000000
I,21,925,1.0000000000000000
I,21,926,1.0000000000000000
I,21,927,1.0000000000000000
I,21,928,1.0000000000000000
I,21,929,1.0000000000000000
I,21,930,1.0000000000000000
I,21,931,1.0000000000000000
I,21,932,1.0000000000000000
I,21,933,1.0000000000000000
I,21,934,1.0000000000000000
I,21,935,1.0000000000000000
I,21,936,1.0000000000000000
I,21,937,1.0000000000000000
I,21,938,1.0000000000000000
I,21,939,1.0000000000000000
I,21,940,1.0000000000000000
I,21,941,1.0000000000000000
I,21,942,1.0000000000000000
I,21,943,1.0000000000000000
I,21,944,1.0000000000000000
I,21,945,1.0000000000000000
I,21,946,1.0000000000000000
I,21,947,1.0000000000000000
I,21,948,1.0000000000000000
I,21,949,1.0000000000000000
I,21,950,1.0000000000000000
I,21,951,1.0000000000000000
I,21,952,1.0000000000000000
I,21,953,1.0000000000000000
I,21,954,1.0000000000000000
I,21,955,1.0000000000000000
I,21,956,1.0000000000000000
I,21,957,1.0000000000000000
I,21,958,1.0000000000000000
I,21,959,1.0000000000000000
I,21,960,1.0000000000000000
I,21,961,1.0000000000000000
I,21,962,1.0000000000000000
I,21,963,1.0000000000000000
I,21,964,1.0000000000000000
I,21,965,1.0000000000000000
I,21,966,1.0000000000000000
I,21,967,1.0000000000000000
I,21,968,1.0000000000000000
I,21,969,1.0000000000000000
I,21,970,1.0000000000000000
I,21,971,1.0000000000000000
I,21,972,1.0000000000000000
I,21,973,1.0000000000000000
I,21,974,1.0000000000000000
I,21,975,1.0000000000000000
I,21,976,1.0000000000000000
I,21,977,1.0000000000000000
I,21,978,1.0000000000000000
I,21,979,1.0000000000000000
I,21,980,1.0000000000000000
I,21,981,1.0000000000000000
I,21,982,1.0000000000000000
I,21,983,1.0000000000000000
I,21,984,1.0000000000000000
I,21,985,1.0000000000000000
I,21,986,1.0000000000000000
I,21,987,1.0000000000000000
I,21,988,1.0000000000000000
I,21,989,1.0000000000000000
I,21,990,1.0000000000000000
I,21,991,1.0000000000000000
I,21,992,1.0000000000000000
I,21,993,1.0000000000000000
I,21,994,1.0000000000000000
I,21,995,1.0000000000000000
I,21,996,1.0000000000000000
I,21,997,1.0000000000000000
I,21,998,1.0000000000000000
I,21,999,1.0000000000000000
R,21,0,121.44943101790659,6.2718436561310735,-1.2000000000000080
R,21,1,151.78682683738907,7.1305756364017760,-0.80000000000003950
R,21,2,181.68424397601075,8.4423266307658140,-0.39999999999990393
R,21,3,211.00000000000090,10.000000000000000,-0.0000000000000000
R,21,4,239.68424397601075,11.557673369234186,0.39999999999990393
R,21,5,267.78682683738680,12.869424363598226,0.80000000000002680
R,21,6,295.44943101790886,13.728156343868820,1.1999999999999482
R,21,7,324.44943101790886,6.2718436561311800,-1.1999999999999482
R,21,8,354.78761639907333,7.1313426842015920,-0.79972050722253450
R,21,9,384.68424397601300,8.4423266307658140,-0.39999999999990393
R,21,10,123.99999999999977,35.000000000000000,-0.0000000000000000
R,21,11,152.68424397601075,36.557673369234190,0.39999999999989705
R,21,12,180.78682683738907,37.869424363598230,0.80000000000000130
R,21,13,208.44943101790660,38.728156343868820,1.2000000000000677
R,21,14,237.44943101790660,31.271843656131180,-1.2000000000000348
R,21,15,267.78682683738680,32.130575636401770,-0.80000000000000130
R,21,16,297.42142701620696,33.609217972974190,-0.37184255125951130
R,21,17,326.38739931759005,35.038516806246750,0.023014212422120630
R,21,18,355.02338897492814,36.315540717865560,0.42107436437310550
R,21,19,383.34821613362755,37.469656702698800,0.82144314589014170
R,21,20,121.44943101790659,63.728156343868820,1.2000000000000162
R,21,21,150.44943101790660,56.271843656131180,-1.2000000000000677
R,21,22,180.78682683738907,57.130575636401770,-0.80000000000000130
R,21,23,210.68424397601075,58.442326630765810,-0.39999999999989705
R,21,24,240.00000000000090,60.000000000000000,-0.0000000000000000
R,21,25,268.35358444524600,61.433379200511650,0.40790360656854663
R,21,26,296.19920290614647,62.268862151399230,0.80199782303809860
R,21,27,324.04523116638205,62.688630617940080,1.2000350281299248
R,21,28,353.03866457662530,57.350101235839500,-1.1944090855208966
R,21,29,383.06998343727685,57.881813544877040,-0.79373711368431240
R,21,30,123.68424397601189,83.442326630764700,-0.40000000000005560
R,21,31,153.00000000000090,85.000000000000000,-0.0000000000000000
R,21,32,181.68424397601075,86.557673369234180,0.39999999999992470
R,21,33,209.78682683738907,87.869424363598230,0.80000000000005220
R,21,34,237.44942526622842,88.728085166379830,1.1993692241291796
R,21,35,266.24639049578013,81.899170300902010,-1.1769193868884784
R,21,36,296.00422502796334,82.970494474175940,-0.78311831367375070
R,21,37,325.36218223233590,84.019806137693860,-0.38648464947599650
R,21,38,354.46293183782234,85.015332529499160,0.012604006346156675
R,21,39,383.38180680229544,86.026027004603100,0.41366815064621076
R,21,40,122.78682683738907,112.86942436359823,0.80000000000005220
R,21,41,150.44943101790660,113.72815634386939,1.2000000000000677
R,21,42,179.44943101790660,106.27184365613061,-1.2000000000000677
R,21,43,209.78682683738907,107.13057563640177,-0.80000000000005220
R,21,44,239.52521833428668,108.54333531251227,-0.38354571822609330
R,21,45,268.11334080137794,110.00715098445409,0.0046487832737252360
R,21,46,296.43178103909077,111.02693878794645,0.39914840502970766
R,21,47,324.61297908870450,111.65774131013241,0.79812763259316730
R,21,48,352.78297619732666,112.02749562179450,1.2046443974887378
R,21,49,381.85296393657820,107.78404804281527,-1.2067629539634894
R,21,50,122.78682683738907,132.13057563640177,-0.79999999999995030
R,21,51,152.68424397601075,133.44232663076582,-0.39999999999986935
R,21,52,182.00000000000090,135.00000000000000,-0.0000000000000000
R,21,53,210.68424397601075,136.55767336923418,0.39999999999986935
R,21,54,238.66018014205443,137.67935148225732,0.77776312376169440
R,21,55,266.14682880114196,137.86980716903970,1.1810029782432756
R,21,56,294.95877432243710,132.57902402373082,-1.1872612772485134
R,21,57,324.57176070653600,133.39154872014802,-0.79373787438176020
R,21,58,353.88180118622310,134.19488989555552,-0.40857558289551930
R,21,59,383.31357476635480,134.99799516275500,-0.0017408789062351051
R,21,60,123.68424397601189,161.55767336923418,0.40000000000000024
R,21,61,151.78682683738907,162.86942436359823,0.79999999999995030
R,21,62,179.44943101790660,163.72815634386825,1.2000000000000677
R,21,63,208.44943101790660,156.27184365613175,-1.2000000000000677
R,21,64,238.72440395184820,157.23951239651680,-0.78381894020741120
R,21,65,267.92046085684126,158.76740510082755,-0.39873244251893897
R,21,66,296.70201446072906,159.99030427689380,-0.0072813966922145370
R,21,67,325.21566138802950,160.92208757935663,0.38856866706172080
R,21,68,353.60531639313973,161.64150511215620,0.79304708158963900
R,21,69,381.88269785221024,162.28761614991560,1.2051190685612734
R,21,70,121.44943101790659,181.27184365613175,-1.2000000000000162
R,21,71,151.78682683738907,182.13057563640177,-0.79999999999995030
R,21,72,181.68424397601075,183.44232663076582,-0.39999999999986935
R,21,73,211.00000000000090,185.00000000000000,-0.0000000000000000
R,21,74,239.68424397601075,186.55767336923418,0.39999999999986935
R,21,75,267.43399640679240,187.44649439343160,0.77562521199083330
R,21,76,295.10412374745397,187.77095990952740,1.1830205289098537
R,21,77,323.96762013143860,182.51574176254053,-1.1987285196306137
R,21,78,353.79021184267160,183.13816698506736,-0.81016381393877480
R,21,79,383.49394634953353,183.92335241860545,-0.41525801511703160
R,21,80,123.99999999999977,210.00000000000000,-0.0000000000000000
R,21,81,152.68424397601075,211.55767336923418,0.39999999999986935
R,21,82,180.78682683738907,212.86942436359823,0.79999999999995030
R,21,83,208.44943101790660,213.72815634386825,1.2000000000000677
R,21,84,237.44943101790660,206.27184365613175,-1.2000000000000677
R,21,85,267.67367847034360,207.25080112436500,-0.79863633096375810
R,21,86,297.06763931068970,208.68076581151854,-0.41241280391579194
R,21,87,326.07586882708046,209.97153579832060,-0.018739040944944413
R,21,88,354.78419172564360,211.14941923244340,0.38283305071139030
R,21,89,383.19783155333516,212.24520728467874,0.79201524055513480
R,21,90,121.44943101790659,238.72815634386825,1.2000000000000162
R,21,91,150.44943101790660,231.27184365613175,-1.2000000000000677
R,21,92,180.78682683738907,232.13057563640177,-0.79999999999995030
R,21,93,210.68424397601075,233.44232663076582,-0.39999999999986935
R,21,94,240.00000000000090,235.00000000000000,-0.0000000000000000
R,21,95,268.68424397601300,236.55767336923418,0.39999999999986935
R,21,96,296.81931816047630,237.81775707154208,0.77514644372678000
R,21,97,324.36476744573156,238.42763376263550,1.1834855427508215
R,21,98,353.25747259438310,231.71840155753338,-1.2098276008089240
R,21,99,383.51330485270233,232.34925074423862,-0.82427493715476490
I,22,0,1.0000000000000000
I,22,1,1.0000000000000000
I,22,2,1.0000000000000000
I,22,3,1.0000000000000000
I,22,4,1.0000000000000000
I,22,5,1.0000000000000000
I,22,6,1.0000000000000000
I,22,7,1.0000000000000000
I,22,8,1.0000000000000000
I,22,9,1.0000000000000000
I,22,10,1.0000000000000000
I,22,11,1.0000000000000000
I,22,12,1.0000000000000000
I,22,13,1.0000000000000000
I,22,14,1.0000000000000000
I,22,15,1.0000000000000000
I,22,16,1.0000000000000000
I,22,17,1.0000000000000000
I,22,18,1.0000000000000000
I,22,19,1.0000000000000000
I,22,20,1.0000000000000000
I,22,21,1.0000000000000000
I,22,22,1.0000000000000000
I,22,23,1.0000000000000000
I,22,24,1.0000000000000000
I,22,25,1.0000000000000000
I,22,26,1.0000000000000000
I,22,27,1.0000000000000000
I,22,28,1.0000000000000000
I,22,29,1.0000000000000000
I,22,30,1.0000000000000000
I,22,31,1.0000000000000000
I,22,32,1.0000000000000000
I,22,33,1.0000000000000000
I,22,34,1.0000000000000000
I,22,35,1.0000000000000000
I,22,36,1.0000000000000000
I,22,37,1.0000000000000000
I,22,38,1.0000000000000000
I,22,39,1.0000000000000000
I,22,40,1.0000000000000000
I,22,41,1.0000000000000000
I,22,42,1.0000000000000000
I,22,43,1.0000000000000000
I,22,44,1.0000000000000000
I,22,45,1.0000000000000000
I,22,46,1.0000000000000000
I,22,47,1.0000000000000000
I,22,48,1.0000000000000000
I,22,49,1.0000000000000000
I,22,50,1.0000000000000000
I,22,51,1.0000000000000000
I,22,52,1.0000000000000000
I,22,53,1.0000000000000000
I,22,54,1.0000000000000000
I,22,55,1.0000000000000000
I,22,56,1.0000000000000000
I,22,57,1.0000000000000000
I,22,58,1.0000000000000000
I,22,59,1.0000000000000000
I,22,60,1.0000000000000000
I,22,61,1.0000000000000000
I,22,62,1.0000000000000000
I,22,63,1.0000000000000000
I,22,64,1.0000000000000000
I,22,65,1.0000000000000000
I,22,66,1.0000000000000000
I,22,67,1.0000000000000000
I,22,68,1.0000000000000000
I,22,69,1.0000000000000000
I,22,70,1.0000000000000000
I,22,71,1.0000000000000000
I,22,72,1.0000000000000000
I,22,73,1.0000000000000000
I,22,74,1.0000000000000000
I,22,75,1.0000000000000000
I,22,76,1.0000000000000000
I,22,77,1.0000000000000000
I,22,78,1.0000000000000000
I,22,79,1.0000000000000000
I,22,80,1.0000000000000000
I,22,81,1.0000000000000000
I,22,82,1.0000000000000000
I,22,83,1.0000000000000000
I,22,84,1.0000000000000000
I,22,85,1.0000000000000000
I,22,86,1.4000000000000000
I,22,87,1.4000000000000000
I,22,88,1.4000000000000000
I,22,89,1.4000000000000000
I,22,90,1.4000000000000000
I,22,91,1.4000000000000000
I,22,92,1.4000000000000000
I,22,93,1.4000000000000000
I,22,94,1.4000000000000000
I,22,95,1.4000000000000000
I,22,96,1.4000000000000000
I,22,97,1.4000000000000000
I,22,98,1.4000000000000000
I,22,99,1.4000000000000000
I,22,100,1.4000000000000000
I,22,101,1.4000000000000000
I,22,102,1.4000000000000000
I,22,103,1.3939675348781646
I,22,104,1.3312788038218002
I,22,105,1.2025867837457018
I,22,106,1.0121456263532922
I,22,107,1.0000000000000000
I,22,108,1.0000000000000000
I,22,109,1.0000000000000000
I,22,110,1.0000000000000000
I,22,111,1.0000000000000000
I,22,112,1.0000000000000000
I,22,113,1.0000000000000000
I,22,114,1.0000000000000000
I,22,115,1.0000000000000000
I,22,116,1.0000000000000000
I,22,117,1.0000000000000000
I,22,118,1.0000000000000000
I,22,119,1.0000000000000000
I,22,120,1.0000000000000000
I,22,121,1.0000000000000000
I,22,122,1.0000000000000000
I,22,123,1.0000000000000000
I,22,124,1.0000000000000000
I,22,125,1.0000000000000000
I,22,126,1.9000000000000000
I,22,127,1.9000000000000000
I,22,128,1.9000000000000000
I,22,129,1.9000000000000000
I,22,130,1.9000000000000000
I,22,131,1.9000000000000000
I,22,132,1.9000000000000000
I,22,133,1.9000000000000000
I,22,134,1.9000000000000000
I,22,135,1.9000000000000000
I,22,136,1.9000000000000000
I,22,137,1.9000000000000000
I,22,138,1.9000000000000000
I,22,139,1.9000000000000000
I,22,140,1.9000000000000000
I,22,141,1.9000000000000000
I,22,142,1.9000000000000000
I,22,143,1.9068931107168003
I,22,144,1.9783933151168362
I,22,145,1.8755488098724173
I,22,146,1.6610487921315484
I,22,147,1.3859462061715158
I,22,148,1.0586533513015752
I,22,149,1.0000000000000000
I,22,150,1.0000000000000000
I,22,151,1.0000000000000000
I,22,152,1.0000000000000000
I,22,153,1.0000000000000000
I,22,154,1.0000000000000000
I,22,155,1.0000000000000000
I,22,156,1.0000000000000000
I,22,157,1.0000000000000000
I,22,158,1.0000000000000000
I,22,159,1.0000000000000000
I,22,160,1.0000000000000000
I,22,161,1.0000000000000000
I,22,162,1.0000000000000000
I,22,163,1.0000000000000000
I,22,164,1.0000000000000000
I,22,165,1.0000000000000000
I,22,166,1.2000000000000000
I,22,167,1.2000000000000000
I,22,168,1.2000000000000000
I,22,169,1.2000000000000000
I,22,170,1.2000000000000000
I,22,171,1.2000000000000000
I,22,172,1.2000000000000000
I,22,173,1.2000000000000000
I,22,174,1.2000000000000000
I,22,175,1.2000000000000000
I,22,176,1.2000000000000000
I,22,177,1.2000000000000000
I,22,178,1.2000000000000000
I,22,179,1.2000000000000000
I,22,180,1.2000000000000000
I,22,181,1.2000000000000000
I,22,182,1.2000000000000000
I,22,183,1.2080399237649824
I,22,184,1.2912002982848514
I,22,185,1.4598206241955518
I,22,186,1.7047210331750806
I,22,187,1.9852617216847699
I,22,188,1.6213756405564073
I,22,189,1.2137749784509766
I,22,190,1.0000000000000000
I,22,191,1.0000000000000000
I,22,192,1.0000000000000000
I,22,193,1.0000000000000000
I,22,194,1.0000000000000000
I,22,195,1.0000000000000000
I,22,196,1.0000000000000000
I,22,197,1.0000000000000000
I,22,198,1.0000000000000000
I,22,199,1.0000000000000000
I,22,200,1.0000000000000000
I,22,201,1.0000000000000000
I,22,202,1.0000000000000000
I,22,203,1.0000000000000000
I,22,204,1.0000000000000000
I,22,205,1.0000000000000000
I,22,206,1.0000000000000000
I,22,207,1.0000000000000000
I,22,208,1.0000000000000000
I,22,209,1.0000000000000000
I,22,210,1.0000000000000000
I,22,211,1.0000000000000000
I,22,212,1.0000000000000000
I,22,213,1.0000000000000000
I,22,214,1.0000000000000000
I,22,215,1.0000000000000000
I,22,216,1.0000000000000000
I,22,217,1.0000000000000000
I,22,218,1.0000000000000000
I,22,219,1.0000000000000000
I,22,220,1.0000000000000000
I,22,221,1.0000000000000000
I,22,222,1.0000000000000000
I,22,223,1.0000000000000000
I,22,224,1.0000000000000000
I,22,225,1.0000000000000000
I,22,226,1.0919921798556749
I,22,227,1.4449521932187304
I,22,228,1.8517625663257680
I,22,229,1.6999622642852819
I,22,230,1.2198615933526298
I,22,231,1.0000000000000000
I,22,232,1.0000000000000000
I,22,233,1.0000000000000000
I,22,234,1.0000000000000000
I,22,235,1.0000000000000000
I,22,236,1.0000000000000000
I,22,237,1.0000000000000000
I,22,238,1.0000000000000000
I,22,239,1.0000000000000000
I,22,240,1.0000000000000000
I,22,241,1.0000000000000000
I,22,242,1.0000000000000000
I,22,243,1.0000000000000000
I,22,244,1.0000000000000000
I,22,245,1.0000000000000000
I,22,246,1.0000000000000000
I,22,247,1.0000000000000000
I,22,248,1.0000000000000000
I,22,249,1.0000000000000000
I,22,250,1.0000000000000000
I,22,251,1.0000000000000000
I,22,252,1.0000000000000000
I,22,253,1.0000000000000000
I,22,254,1.0000000000000000
I,22,255,1.0000000000000000
I,22,256,1.0000000000000000
I,22,257,1.0000000000000000
I,22,258,1.0000000000000000
I,22,259,1.0000000000000000
I,22,260,1.0000000000000000
I,22,261,1.0000000000000000
I,22,262,1.0000000000000000
I,22,263,1.0000000000000000
I,22,264,1.0000000000000000
I,22,265,1.0000000000000000
I,22,266,1.0000000000000000
I,22,267,1.0000000000000000
I,22,268,1.3737398185077263
I,22,269,1.8662511238118407
I,22,270,1.6148351928654960
I,22,271,1.0764537648466013
I,22,272,1.0000000000000000
I,22,273,1.0000000000000000
I,22,274,1.0000000000000000
I,22,275,1.0000000000000000
I,22,276,1.0000000000000000
I,22,277,1.0000000000000000
I,22,278,1.0000000000000000
I,22,279,1.0000000000000000
I,22,280,1.0000000000000000
I,22,281,1.0000000000000000
I,22,282,1.0000000000000000
I,22,283,1.0000000000000000
I,22,284,1.0000000000000000
I,22,285,1.0000000000000000
I,22,286,1.0000000000000000
I,22,287,1.0000000000000000
I,22,288,1.0000000000000000
I,22,289,1.0000000000000000
I,22,290,1.0000000000000000
I,22,291,1.0000000000000000
I,22,292,1.0000000000000000
I,22,293,1.0000000000000000
I,22,294,1.0000000000000000
I,22,295,1.0000000000000000
I,22,296,1.0000000000000000
I,22,297,1.0000000000000000
I,22,298,1.0000000000000000
I,22,299,1.0000000000000000
I,22,300,1.0000000000000000
I,22,301,1.0000000000000000
I,22,302,1.0000000000000000
I,22,303,1.0000000000000000
I,22,304,1.0000000000000000
I,22,305,1.0000000000000000
I,22,306,1.0000000000000000
I,22,307,1.0000000000000000
I,22,308,1.0000000000000000
I,22,309,1.5000444442249676
I,22,310,1.9433212480917872
I,22,311,1.3734202218399139
I,22,312,1.0000000000000000
I,22,313,1.0000000000000000
I,22,314,1.0000000000000000
I,22,315,1.0000000000000000
I,22,316,1.0000000000000000
I,22,317,1.0000000000000000
I,22,318,1.0000000000000000
I,22,319,1.0000000000000000
I,22,320,1.0000000000000000
I,22,321,1.0000000000000000
I,22,322,1.0000000000000000
I,22,323,1.0000000000000000
I,22,324,1.0000000000000000
I,22,325,1.0000000000000000
I,22,326,1.0000000000000000
I,22,327,1.0000000000000000
I,22,328,1.0000000000000000
I,22,329,1.0000000000000000
I,22,330,1.0000000000000000
I,22,331,1.0000000000000000
I,22,332,1.0000000000000000
I,22,333,1.0000000000000000
I,22,334,1.0000000000000000
I,22,335,1.0000000000000000
I,22,336,1.0000000000000000
I,22,337,1.0000000000000000
I,22,338,1.0000000000000000
I,22,339,1.0000000000000000
I,22,340,1.0000000000000000
I,22,341,1.0000000000000000
I,22,342,1.0000000000000000
I,22,343,1.0000000000000000
I,22,344,1.0000000000000000
I,22,345,1.0000000000000000
I,22,346,1.0000000000000000
I,22,347,1.0000000000000000
I,22,348,1.0000000000000000
I,22,349,1.2190520262257967
I,22,350,1.8083261120685235
I,22,351,1.5955203765764827
I,22,352,1.0000000000000000
I,22,353,1.0000000000000000
I,22,354,1.0000000000000000
I,22,355,1.0000000000000000
I,22,356,1.0000000000000000
I,22,357,1.0000000000000000
I,22,358,1.0000000000000000
I,22,359,1.0000000000000000
I,22,360,1.0000000000000000
I,22,361,1.0000000000000000
I,22,362,1.0000000000000000
I,22,363,1.0000000000000000
I,22,364,1.0000000000000000
I,22,365,1.0000000000000000
I,22,366,1.0000000000000000
I,22,367,1.0000000000000000
I,22,368,1.0000000000000000
I,22,369,1.0000000000000000
I,22,370,1.0000000000000000
I,22,371,1.0000000000000000
I,22,372,1.0000000000000000
I,22,373,1.0000000000000000
I,22,374,1.0000000000000000
I,22,375,1.0000000000000000
I,22,376,1.0000000000000000
I,22,377,1.0000000000000000
I,22,378,1.0000000000000000
I,22,379,1.0000000000000000
I,22,380,1.0000000000000000
I,22,381,1.0000000000000000
I,22,382,1.0000000000000000
I,22,383,1.0000000000000000
I,22,384,1.0000000000000000
I,22,385,1.0000000000000000
I,22,386,1.0000000000000000
I,22,387,1.0000000000000000
I,22,388,1.0000000000000000
I,22,389,1.0410889621486927
I,22,390,1.6529560496527362
I,22,391,1.7332742619346504
I,22,392,1.1181975551706944
I,22,393,1.0000000000000000
I,22,394,1.0000000000000000
I,22,395,1.0000000000000000
I,22,396,1.0000000000000000
I,22,397,1.0000000000000000
I,22,398,1.0000000000000000
I,22,399,1.0000000000000000
I,22,400,1.0000000000000000
I,22,401,1.0000000000000000
I,22,402,1.0000000000000000
I,22,403,1.0000000000000000
I,22,404,1.0000000000000000
I,22,405,1.0000000000000000
I,22,406,1.0000000000000000
I,22,407,1.0000000000000000
I,22,408,1.0000000000000000
I,22,409,1.0000000000000000
I,22,410,1.0000000000000000
I,22,411,1.0000000000000000
I,22,412,1.0000000000000000
I,22,413,1.0000000000000000
I,22,414,1.0000000000000000
I,22,415,1.0000000000000000
I,22,416,1.0000000000000000
I,22,417,1.0000000000000000
I,22,418,1.0000000000000000
I,22,419,1.0000000000000000
I,22,420,1.0000000000000000
I,22,421,1.0000000000000000
I,22,422,1.0000000000000000
I,22,423,1.0000000000000000
I,22,424,1.0000000000000000
I,22,425,1.0000000000000000
I,22,426,1.0000000000000000
I,22,427,1.0000000000000000
I,22,428,1.0000000000000000
I,22,429,1.0000000000000000
I,22,430,1.6000000000000000
I,22,431,1.7800000000000000
I,22,432,1.1600000000000000
I,22,433,1.0000000000000000
I,22,434,1.0000000000000000
I,22,435,1.0000000000000000
I,22,436,1.0000000000000000
I,22,437,1.0000000000000000
I,22,438,1.0000000000000000
I,22,439,1.0000000000000000
I,22,440,1.0000000000000000
I,22,441,1.0000000000000000
I,22,442,1.0000000000000000
I,22,443,1.0000000000000000
I,22,444,1.0000000000000000
I,22,445,1.0000000000000000
I,22,446,1.0000000000000000
I,22,447,1.0000000000000000
I,22,448,1.0000000000000000
I,22,449,1.0000000000000000
I,22,450,1.0000000000000000
I,22,451,1.0000000000000000
I,22,452,1.0000000000000000
I,22,453,1.0000000000000000
I,22,454,1.0000000000000000
I,22,455,1.0000000000000000
I,22,456,1.0000000000000000
I,22,457,1.0000000000000000
I,22,458,1.0000000000000000
I,22,459,1.0000000000000000
I,22,460,1.0000000000000000
I,22,461,1.0000000000000000
I,22,462,1.0000000000000000
I,22,463,1.0000000000000000
I,22,464,1.0000000000000000
I,22,465,1.0000000000000000
I,22,466,1.0000000000000000
I,22,467,1.0000000000000000
I,22,468,1.0000000000000000
I,22,469,1.0410889621486927
I,22,470,1.6529560496527362
I,22,471,1.7332742619346504
I,22,472,1.1181975551706944
I,22,473,1.0000000000000000
I,22,474,1.0000000000000000
I,22,475,1.0000000000000000
I,22,476,1.0000000000000000
I,22,477,1.0000000000000000
I,22,478,1.0000000000000000
I,22,479,1.0000000000000000
I,22,480,1.0000000000000000
I,22,481,1.0000000000000000
I,22,482,1.0000000000000000
I,22,483,1.0000000000000000
I,22,484,1.0000000000000000
I,22,485,1.0000000000000000
I,22,486,1.0000000000000000
I,22,487,1.0000000000000000
I,22,488,1.0000000000000000
I,22,489,1.0000000000000000
I,22,490,1.0000000000000000
I,22,491,1.0000000000000000
I,22,492,1.0000000000000000
I,22,493,1.0000000000000000
I,22,494,1.0000000000000000
I,22,495,1.0000000000000000
I,22,496,1.0000000000000000
I,22,497,1.0000000000000000
I,22,498,1.0000000000000000
I,22,499,1.0000000000000000
I,22,500,1.0000000000000000
I,22,501,1.0000000000000000
I,22,502,1.0000000000000000
I,22,503,1.0000000000000000
I,22,504,1.0000000000000000
I,22,505,1.0000000000000000
I,22,506,1.0000000000000000
I,22,507,1.0000000000000000
I,22,508,1.0000000000000000
I,22,509,1.2190520262257967
I,22,510,1.8083261120685235
I,22,511,1.5955203765764827
I,22,512,1.0000000000000000
I,22,513,1.0000000000000000
I,22,514,1.0000000000000000
I,22,515,1.0000000000000000
I,22,516,1.0000000000000000
I,22,517,1.0000000000000000
I,22,518,1.0000000000000000
I,22,519,1.0000000000000000
I,22,520,1.0000000000000000
I,22,521,1.0000000000000000
I,22,522,1.0000000000000000
I,22,523,1.0000000000000000
I,22,524,1.0000000000000000
I,22,525,1.0000000000000000
I,22,526,1.0000000000000000
I,22,527,1.0000000000000000
I,22,528,1.0000000000000000
I,22,529,1.0000000000000000
I,22,530,1.0000000000000000
I,22,531,1.0000000000000000
I,22,532,1.0000000000000000
I,22,533,1.0000000000000000
I,22,534,1.0000000000000000
I,22,535,1.0000000000000000
I,22,536,1.0000000000000000
I,22,537,1.0000000000000000
I,22,538,1.0000000000000000
I,22,539,1.0000000000000000
I,22,540,1.0000000000000000
I,22,541,1.0000000000000000
I,22,542,1.0000000000000000
I,22,543,1.0000000000000000
I,22,544,1.0000000000000000
I,22,545,1.0000000000000000
I,22,546,1.0000000000000000
I,22,547,1.0000000000000000
I,22,548,1.0000000000000000
I,22,549,1.5000444442249676
I,22,550,1.9433212480917872
I,22,551,1.3734202218399139
I,22,552,1.0000000000000000
I,22,553,1.0000000000000000
I,22,554,1.0000000000000000
I,22,555,1.0000000000000000
I,22,556,1.0000000000000000
I,22,557,1.0000000000000000
I,22,558,1.0000000000000000
I,22,559,1.0000000000000000
I,22,560,1.0000000000000000
I,22,561,1.0000000000000000
I,22,562,1.0000000000000000
I,22,563,1.0000000000000000
I,22,564,1.0000000000000000
I,22,565,1.0000000000000000
I,22,566,1.0000000000000000
I,22,567,1.0000000000000000
I,22,568,1.0000000000000000
I,22,569,1.0000000000000000
I,22,570,1.0000000000000000
I,22,571,1.0000000000000000
I,22,572,1.0000000000000000
I,22,573,1.0000000000000000
I,22,574,1.0000000000000000
I,22,575,1.0000000000000000
I,22,576,1.0000000000000000
I,22,577,1.0000000000000000
I,22,578,1.0000000000000000
I,22,579,1.0000000000000000
I,22,580,1.0000000000000000
I,22,581,1.0000000000000000
I,22,582,1.0000000000000000
I,22,583,1.0000000000000000
I,22,584,1.0000000000000000
I,22,585,1.0000000000000000
I,22,586,1.0000000000000000
I,22,587,1.0000000000000000
I,22,588,1.3737398185077263
I,22,589,1.8662511238118407
I,22,590,1.6148351928654960
I,22,591,1.0764537648466013
I,22,592,1.0000000000000000
I,22,593,1.0000000000000000
I,22,594,1.0000000000000000
I,22,595,1.0000000000000000
I,22,596,1.0000000000000000
I,22,597,1.0000000000000000
I,22,598,1.0000000000000000
I,22,599,1.0000000000000000
I,22,600,1.0000000000000000
I,22,601,1.0000000000000000
I,22,602,1.0000000000000000
I,22,603,1.0000000000000000
I,22,604,1.0000000000000000
I,22,605,1.0000000000000000
I,22,606,1.0000000000000000
I,22,607,1.0000000000000000
I,22,608,1.0000000000000000
I,22,609,1.0000000000000000
I,22,610,1.0000000000000000
I,22,611,1.0000000000000000
I,22,612,1.0000000000000000
I,22,613,1.0000000000000000
I,22,614,1.0000000000000000
I,22,615,1.0000000000000000
I,22,616,1.0000000000000000
I,22,617,1.0000000000000000
I,22,618,1.0000000000000000
I,22,619,1.0000000000000000
I,22,620,1.0000000000000000
I,22,621,1.0000000000000000
I,22,622,1.0000000000000000
I,22,623,1.0000000000000000
I,22,624,1.0000000000000000
I,22,625,1.0000000000000000
I,22,626,1.0919921798556749
I,22,627,1.4449521932187304
I,22,628,1.8517625663257680
I,22,629,1.6999622642852819
I,22,630,1.2198615933526298
I,22,631,1.0000000000000000
I,22,632,1.0000000000000000
I,22,633,1.0000000000000000
I,22,634,1.0000000000000000
I,22,635,1.0000000000000000
I,22,636,1.0000000000000000
I,22,637,1.0000000000000000
I,22,638,1.0000000000000000
I,22,639,1.0000000000000000
I,22,640,1.0000000000000000
I,22,641,1.0000000000000000
I,22,642,1.0000000000000000
I,22,643,1.0000000000000000
I,22,644,1.0000000000000000
I,22,645,1.0000000000000000
I,22,646,1.2000000000000000
I,22,647,1.2000000000000000
I,22,648,1.2000000000000000
I,22,649,1.2000000000000000
I,22,650,1.2000000000000000
I,22,651,1.2000000000000000
I,22,652,1.2000000000000000
I,22,653,1.2000000000000000
I,22,654,1.2000000000000000
I,22,655,1.2000000000000000
I,22,656,1.2000000000000000
I,22,657,1.2000000000000000
I,22,658,1.2000000000000000
I,22,659,1.2000000000000000
I,22,660,1.2000000000000000
I,22,661,1.2000000000000000
I,22,662,1.2000000000000000
I,22,663,1.2080399237649824
I,22,664,1.2912002982848514
I,22,665,1.4598206241955518
I,22,666,1.7047210331750806
I,22,667,1.9852617216847699
I,22,668,1.6213756405564073
I,22,669,1.2137749784509766
I,22,670,1.0000000000000000
I,22,671,1.0000000000000000
I,22,672,1.0000000000000000
I,22,673,1.0000000000000000
I,22,674,1.0000000000000000
I,22,675,1.0000000000000000
I,22,676,1.0000000000000000
I,22,677,1.0000000000000000
I,22,678,1.0000000000000000
I,22,679,1.0000000000000000
I,22,680,1.0000000000000000
I,22,681,1.0000000000000000
I,22,682,1.0000000000000000
I,22,683,1.0000000000000000
I,22,684,1.0000000000000000
I,22,685,1.0000000000000000
I,22,686,1.9000000000000000
I,22,687,1.9000000000000000
I,22,688,1.9000000000000000
I,22,689,1.9000000000000000
I,22,690,1.9000000000000000
I,22,691,1.9000000000000000
I,22,692,1.9000000000000000
I,22,693,1.9000000000000000
I,22,694,1.9000000000000000
I,22,695,1.9000000000000000
I,22,696,1.9000000000000000
I,22,697,1.9000000000000000
I,22,698,1.9000000000000000
I,22,699,1.9000000000000000
I,22,700,1.9000000000000000
I,22,701,1.9000000000000000
I,22,702,1.9000000000000000
I,22,703,1.9068931107168003
I,22,704,1.9783933151168362
I,22,705,1.8755488098724173
I,22,706,1.6610487921315484
I,22,707,1.3859462061715158
I,22,708,1.0586533513015752
I,22,709,1.0000000000000000
I,22,710,1.0000000000000000
I,22,711,1.0000000000000000
I,22,712,1.0000000000000000
I,22,713,1.0000000000000000
I,22,714,1.0000000000000000
I,22,715,1.0000000000000000
I,22,716,1.0000000000000000
I,22,717,1.0000000000000000
I,22,718,1.0000000000000000
I,22,719,1.0000000000000000
I,22,720,1.0000000000000000
I,22,721,1.0000000000000000
I,22,722,1.0000000000000000
I,22,723,1.0000000000000000
I,22,724,1.0000000000000000
I,22,725,1.0000000000000000
I,22,726,1.4000000000000000
I,22,727,1.4000000000000000
I,22,728,1.4000000000000000
I,22,729,1.4000000000000000
I,22,730,1.4000000000000000
I,22,731,1.4000000000000000
I,22,732,1.4000000000000000
I,22,733,1.4000000000000000
I,22,734,1.4000000000000000
I,22,735,1.4000000000000000
I,22,736,1.4000000000000000
I,22,737,1.4000000000000000
I,22,738,1.4000000000000000
I,22,739,1.4000000000000000
I,22,740,1.4000000000000000
I,22,741,1.4000000000000000
I,22,742,1.4000000000000000
I,22,743,1.3939675348781646
I,22,744,1.3312788038218002
I,22,745,1.2025867837457018
I,22,746,1.0121456263532922
I,22,747,1.0000000000000000
I,22,748,1.0000000000000000
I,22,749,1.0000000000000000
I,22,750,1.0000000000000000
I,22,751,1.0000000000000000
I,22,752,1.0000000000000000
I,22,753,1.0000000000000000
I,22,754,1.0000000000000000
I,22,755,1.0000000000000000
I,22,756,1.0000000000000000
I,22,757,1.0000000000000000
I,22,758,1.0000000000000000
I,22,759,1.0000000000000000
I,22,760,1.0000000000000000
I,22,761,1.0000000000000000
I,22,762,1.0000000000000000
I,22,763,1.0000000000000000
I,22,764,1.0000000000000000
I,22,765,1.0000000000000000
I,22,766,1.0000000000000000
I,22,767,1.0000000000000000
I,22,768,1.0000000000000000
I,22,769,1.0000000000000000
I,22,770,1.0000000000000000
I,22,771,1.0000000000000000
I,22,772,1.0000000000000000
I,22,773,1.0000000000000000
I,22,774,1.0000000000000000
I,22,775,1.0000000000000000
I,22,776,1.0000000000000000
I,22,777,1.0000000000000000
I,22,778,1.0000000000000000
I,22,779,1.0000000000000000
I,22,780,1.0000000000000000
I,22,781,1.0000000000000000
I,22,782,1.0000000000000000
I,22,783,1.0000000000000000
I,22,784,1.0000000000000000
I,22,785,1.0000000000000000
I,22,786,1.0000000000000000
I,22,787,1.0000000000000000
I,22,788,1.0000000000000000
I,22,789,1.0000000000000000
I,22,790,1.0000000000000000
I,22,791,1.0000000000000000
I,22,792,1.0000000000000000
I,22,793,1.0000000000000000
I,22,794,1.0000000000000000
I,22,795,1.0000000000000000
I,22,796,1.0000000000000000
I,22,797,1.0000000000000000
I,22,798,1.0000000000000000
I,22,799,1.0000000000000000
I,22,800,1.0000000000000000
I,22,801,1.0000000000000000
I,22,802,1.0000000000000000
I,22,803,1.0000000000000000
I,22,804,1.0000000000000000
I,22,805,1.0000000000000000
I,22,806,1.0000000000000000
I,22,807,1.0000000000000000
I,22,808,1.0000000000000000
I,22,809,1.0000000000000000
I,22,810,1.0000000000000000
I,22,811,1.0000000000000000
I,22,812,1.0000000000000000
I,22,813,1.0000000000000000
I,22,814,1.0000000000000000
I,22,815,1.0000000000000000
I,22,816,1.0000000000000000
I,22,817,1.0000000000000000
I,22,818,1.0000000000000000
I,22,819,1.0000000000000000
I,22,820,1.0000000000000000
I,22,821,1.0000000000000000
I,22,822,1.0000000000000000
I,22,823,1.0000000000000000
I,22,824,1.0000000000000000
I,22,825,1.0000000000000000
I,22,826,1.0000000000000000
I,22,827,1.0000000000000000
I,22,828,1.0000000000000000
I,22,829,1.0000000000000000
I,22,830,1.0000000000000000
I,22,831,1.0000000000000000
I,22,832,1.0000000000000000
I,22,833,1.0000000000000000
I,22,834,1.0000000000000000
I,22,835,1.0000000000000000
I,22,836,1.0000000000000000
I,22,837,1.0000000000000000
I,22,838,1.0000000000000000
I,22,839,1.0000000000000000
I,22,840,1.0000000000000000
I,22,841,1.0000000000000000
I,22,842,1.0000000000000000
I,22,843,1.0000000000000000
I,22,844,1.0000000000000000
I,22,845,1.0000000000000000
I,22,846,1.0000000000000000
I,22,847,1.0000000000000000
I,22,848,1.0000000000000000
I,22,849,1.0000000000000000
I,22,850,1.0000000000000000
I,22,851,1.0000000000000000
I,22,852,1.0000000000000000
I,22,853,1.0000000000000000
I,22,854,1.0000000000000000
I,22,855,1.0000000000000000
I,22,856,1.0000000000000000
I,22,857,1.0000000000000000
I,22,858,1.0000000000000000
I,22,859,1.0000000000000000
I,22,860,1.0000000000000000
I,22,861,1.0000000000000000
I,22,862,1.0000000000000000
I,22,863,1.0000000000000000
I,22,864,1.0000000000000000
I,22,865,1.0000000000000000
I,22,866,1.0000000000000000
I,22,867,1.0000000000000000
I,22,868,1.0000000000000000
I,22,869,1.0000000000000000
I,22,870,1.0000000000000000
I,22,871,1.0000000000000000
I,22,872,1.0000000000000000
I,22,873,1.0000000000000000
I,22,874,1.0000000000000000
I,22,875,1.0000000000000000
I,22,876,1.0000000000000000
I,22,877,1.0000000000000000
I,22,878,1.0000000000000000
I,22,879,1.0000000000000000
I,22,880,1.0000000000000000
I,22,881,1.0000000000000000
I,22,882,1.0000000000000000
I,22,883,1.0000000000000000
I,22,884,1.0000000000000000
I,22,885,1.0000000000000000
I,22,886,1.0000000000000000
I,22,887,1.0000000000000000
I,22,888,1.0000000000000000
I,22,889,1.0000000000000000
I,22,890,1.0000000000000000
I,22,891,1.0000000000000000
I,22,892,1.0000000000000000
I,22,893,1.0000000000000000
I,22,894,1.0000000000000000
I,22,895,1.0000000000000000
I,22,896,1.0000000000000000
I,22,897,1.0000000000000000
I,22,898,1.0000000000000000
I,22,899,1.0000000000000000
I,22,900,1.0000000000000000
I,22,901,1.0000000000000000
I,22,902,1.0000000000000000
I,22,903,1.0000000000000000
I,22,904,1.0000000000000000
I,22,905,1.0000000000000000
I,22,906,1.0000000000000000
I,22,907,1.0000000000000000
I,22,908,1.0000000000000000
I,22,909,1.0000000000000000
I,22,910,1.0000000000000000
I,22,911,1.0000000000000000
I,22,912,1.0000000000000000
I,22,913,1.0000000000000000
I,22,914,1.0000000000000000
I,22,915,1.0000000000000000
I,22,916,1.0000000000000000
I,22,917,1.0000000000000000
I,22,918,1.0000000000000000
I,22,919,1.0000000000000000
I,22,920,1.0000000000000000
I,22,921,1.0000000000000000
I,22,922,1.0000000000000000
I,22,923,1.0000000000000000
I,22,924,1.0000000000000000
I,22,925,1.0000000000000000
I,22,926,1.0000000000000000
I,22,927,1.0000000000000000
I,22,928,1.0000000000000000
I,22,929,1.0000000000000000
I,22,930,1.0000000000000000
I,22,931,1.0000000000000000
I,22,932,1.0000000000000000
I,22,933,1.0000000000000000
I,22,934,1.0000000000000000
I,22,935,1.0000000000000000
I,22,936,1.0000000000000000
I,22,937,1.0000000000000000
I,22,938,1.0000000000000000
I,22,939,1.0000000000000000
I,22,940,1.0000000000000000
I,22,941,1.0000000000000000
I,22,942,1.0000000000000000
I,22,943,1.0000000000000000
I,22,944,1.0000000000000000
I,22,945,1.0000000000000000
I,22,946,1.0000000000000000
I,22,947,1.0000000000000000
I,22,948,1.0000000000000000
I,22,949,1.0000000000000000
I,22,950,1.0000000000000000
I,22,951,1.0000000000000000
I,22,952,1.0000000000000000
I,22,953,1.0000000000000000
I,22,954,1.0000000000000000
I,22,955,1.0000000000000000
I,22,956,1.0000000000000000
I,22,957,1.0000000000000000
I,22,958,1.0000000000000000
I,22,959,1.0000000000000000
I,22,960,1.0000000000000000
I,22,961,1.0000000000000000
I,22,962,1.0000000000000000
I,22,963,1.0000000000000000
I,22,964,1.0000000000000000
I,22,965,1.0000000000000000
I,22,966,1.0000000000000000
I,22,967,1.0000000000000000
I,22,968,1.0000000000000000
I,22,969,1.0000000000000000
I,22,970,1.0000000000000000
I,22,971,1.0000000000000000
I,22,972,1.0000000000000000
I,22,973,1.0000000000000000
I,22,974,1.0000000000000000
I,22,975,1.0000000000000000
I,22,976,1.0000000000000000
I,22,977,1.0000000000000000
I,22,978,1.0000000000000000
I,22,979,1.0000000000000000
I,22,980,1.0000000000000000
I,22,981,1.0000000000000000
I,22,982,1.0000000000000000
I,22,983,1.0000000000000000
I,22,984,1.0000000000000000
I,22,985,1.0000000000000000
I,22,986,1.0000000000000000
I,22,987,1.0000000000000000
I,22,988,1.0000000000000000
I,22,989,1.0000000000000000
I,22,990,1.0000000000000000
I,22,991,1.0000000000000000
I,22,992,1.0000000000000000
I,22,993,1.0000000000000000
I,22,994,1.0000000000000000
I,22,995,1.0000000000000000
I,22,996,1.0000000000000000
I,22,997,1.0000000000000000
I,22,998,1.0000000000000000
I,22,999,1.0000000000000000
R,22,0,121.44943101790659,6.2718436561310735,-1.2000000000000080
R,22,1,151.78682683738907,7.1305756364017760,-0.80000000000003950
R,22,2,181.68424397601075,8.4423266307658140,-0.39999999999990393
R,22,3,211.00000000000090,10.000000000000000,-0.0000000000000000
R,22,4,239.68424397601075,11.557673369234186,0.39999999999990393
R,22,5,267.78682683738680,12.869424363598226,0.80000000000002680
R,22,6,295.44943101790886,13.728156343868820,1.1999999999999482
R,22,7,324.44943101790886,6.2718436561311800,-1.1999999999999482
R,22,8,354.78682683738680,7.1305756364017760,-0.80000000000003950
R,22,9,384.68424397601300,8.4423266307658140,-0.39999999999990393
R,22,10,122.85103107448262,35.114406814791140,0.081140313347950270
R,22,11,151.54814773327290,36.186205708842664,0.47146755479505640
R,22,12,179.88205659976964,37.042552874185750,0.85220851997889010
R,22,13,207.96432149046194,37.582627425678700,1.2265818834247960
R,22,14,237.12140114193434,32.246894902242870,-1.1666625441387994
R,22,15,267.11261518169940,32.951593491754170,-0.73791723277941160
R,22,16,296.71228044211570,33.974000029921860,-0.32152905999448417
R,22,17,325.85103107448270,35.114406814786626,0.081140313345814230
R,22,18,354.55049746499117,36.188491968420294,0.47237251936833663
R,22,19,383.05773780755106,37.290408659652876,0.87744157732218710
R,22,20,120.96220287270984,62.389600712751410,1.1751729631177703
R,22,21,149.85731200934510,57.724396448055760,-1.2208765562882906
R,22,22,179.66794393684395,58.210700068593580,-0.84088449744994230
R,22,23,209.24670234584636,58.975881056530310,-0.45561154003849647
R,22,24,238.49683329805302,59.922827993740410,-0.062537879283646180
R,22,25,267.35716902337190,60.916216430219650,0.34023273517273380
R,22,26,295.82253261301610,61.793241533857380,0.75329530355281390
R,22,27,323.96220287270990,62.389600712751395,1.1751729631178012
R,22,28,352.85806682772240,57.726240786097750,-1.2197000483553226
R,22,29,382.52716774534680,58.390373750750285,-0.82324965255420900
R,22,30,123.68424397601189,83.442326630764700,-0.40000000000005560
R,22,31,153.00000000000090,85.000000000000000,-0.0000000000000000
R,22,32,181.68424397601075,86.557673369234180,0.39999999999992470
R,22,33,209.78682683738907,87.869424363598230,0.80000000000005220
R,22,34,237.44943101790660,88.728156343869390,1.2000000000000677
R,22,35,266.44943101790886,81.271843656130610,-1.1999999999999647
R,22,36,296.78682683738680,82.130575636401770,-0.80000000000005220
R,22,37,326.68424397601300,83.442326630765820,-0.39999999999992470
R,22,38,356.00000000000090,85.000000000000000,-0.0000000000000000
R,22,39,384.68424397601300,86.557673369234180,0.39999999999992470
R,22,40,122.78682683738907,112.86942436359823,0.80000000000005220
R,22,41,150.44943101790660,113.72815634386939,1.2000000000000677
R,22,42,179.44943101790660,106.27184365613061,-1.2000000000000677
R,22,43,209.78682683738907,107.13057563640177,-0.80000000000005220
R,22,44,239.68424397601075,108.44232663076582,-0.39999999999992470
R,22,45,269.00000000000090,110.00000000000000,-0.0000000000000000
R,22,46,297.68424397601300,111.55767336923418,0.39999999999992470
R,22,47,325.78682683738680,112.86942436359823,0.80000000000005220
R,22,48,353.44943101790886,113.72815634386939,1.1999999999999647
R,22,49,382.44943101790886,106.27184365613061,-1.1999999999999647
R,22,50,122.78682683738907,132.13057563640177,-0.79999999999995030
R,22,51,152.68424397601075,133.44232663076582,-0.39999999999986935
R,22,52,182.00000000000090,135.00000000000000,-0.0000000000000000
R,22,53,210.68424397601075,136.55767336923418,0.39999999999986935
R,22,54,238.78682683738907,137.86942436359823,0.79999999999995030
R,22,55,266.44943101790886,138.72815634386825,1.1999999999999647
R,22,56,295.44943101790886,131.27184365613175,-1.1999999999999647
R,22,57,325.78682683738680,132.13057563640177,-0.79999999999995030
R,22,58,355.68424397601300,133.44232663076582,-0.39999999999986935
R,22,59,385.00000000000090,135.00000000000000,-0.0000000000000000
R,22,60,123.68424397601189,161.55767336923418,0.40000000000000024
R,22,61,151.78682683738907,162.86942436359823,0.79999999999995030
R,22,62,179.44943101790660,163.72815634386825,1.2000000000000677
R,22,63,208.44943101790660,156.27184365613175,-1.2000000000000677
R,22,64,238.78682683738907,157.13057563640177,-0.79999999999995030
R,22,65,268.68424397601300,158.44232663076582,-0.39999999999986935
R,22,66,298.00000000000090,160.00000000000000,-0.0000000000000000
R,22,67,326.68424397601300,161.55767336923418,0.39999999999986935
R,22,68,354.78682683738680,162.86942436359823,0.79999999999995030
R,22,69,382.44943101790886,163.72815634386825,1.1999999999999647
R,22,70,121.44943101790659,181.27184365613175,-1.2000000000000162
R,22,71,151.78682683738907,182.13057563640177,-0.79999999999995030
R,22,72,181.68424397601075,183.44232663076582,-0.39999999999986935
R,22,73,211.00000000000090,185.00000000000000,-0.0000000000000000
R,22,74,239.68424397601075,186.55767336923418,0.39999999999986935
R,22,75,267.78682683738680,187.86942436359823,0.79999999999995030
R,22,76,295.44943101790886,188.72815634386825,1.1999999999999647
R,22,77,324.44943101790886,181.27184365613175,-1.1999999999999647
R,22,78,354.78682683738680,182.13057563640177,-0.79999999999995030
R,22,79,384.68424397601300,183.44232663076582,-0.39999999999986935
R,22,80,123.99999999999977,210.00000000000000,-0.0000000000000000
R,22,81,152.68424397601075,211.55767336923418,0.39999999999986935
R,22,82,180.78682683738907,212.86942436359823,0.79999999999995030
R,22,83,208.44943101790660,213.72815634386825,1.2000000000000677
R,22,84,237.44943101790660,206.27184365613175,-1.2000000000000677
R,22,85,267.78682683738680,207.13057563640177,-0.79999999999995030
R,22,86,297.68424397601300,208.44232663076582,-0.39999999999986935
R,22,87,327.00000000000090,210.00000000000000,-0.0000000000000000
R,22,88,355.68424397601300,211.55767336923418,0.39999999999986935
R,22,89,383.78682683738680,212.86942436359823,0.79999999999995030
R,22,90,121.44943101790659,238.72815634386825,1.2000000000000162
R,22,91,150.44943101790660,231.27184365613175,-1.2000000000000677
R,22,92,180.78682683738907,232.13057563640177,-0.79999999999995030
R,22,93,210.68424397601075,233.44232663076582,-0.39999999999986935
R,22,94,240.00000000000090,235.00000000000000,-0.0000000000000000
R,22,95,268.68424397601300,236.55767336923418,0.39999999999986935
R,22,96,296.78682683738680,237.86942436359823,0.79999999999995030
R,22,97,324.44943101790886,238.72815634386825,1.1999999999999647
R,22,98,353.44943101790886,231.27184365613175,-1.1999999999999647
R,22,99,383.78682683738680,232.13057563640177,-0.79999999999995030
I,23,0,1.0000000000000000
I,23,1,1.0000000000000000
I,23,2,1.0000000000000000
I,23,3,1.0000000000000000
I,23,4,1.0000000000000000
I,23,5,1.0000000000000000
I,23,6,1.0000000000000000
I,23,7,1.0000000000000000
I,23,8,1.0000000000000000
I,23,9,1.0000000000000000
I,23,10,1.0000000000000000
I,23,11,1.0000000000000000
I,23,12,1.0000000000000000
I,23,13,1.0000000000000000
I,23,14,1.0000000000000000
I,23,15,1.0000000000000000
I,23,16,1.0000000000000000
I,23,17,1.0000000000000000
I,23,18,1.0000000000000000
I,23,19,1.0000000000000000
I,23,20,1.0000000000000000
I,23,21,1.0000000000000000
I,23,22,1.0000000000000000
I,23,23,1.0000000000000000
I,23,24,1.0000000000000000
I,23,25,1.0000000000000000
I,23,26,1.0000000000000000
I,23,27,1.0000000000000000
I,23,28,1.0000000000000000
I,23,29,1.0000000000000000
I,23,30,1.0000000000000000
I,23,31,1.0000000000000000
I,23,32,1.0000000000000000
I,23,33,1.0000000000000000
I,23,34,1.0000000000000000
I,23,35,1.0000000000000000
I,23,36,1.0000000000000000
I,23,37,1.0000000000000000
I,23,38,1.0000000000000000
I,23,39,1.0000000000000000
I,23,40,1.0000000000000000
I,23,41,1.0000000000000000
I,23,42,1.0000000000000000
I,23,43,1.0000000000000000
I,23,44,1.0000000000000000
I,23,45,1.0000000000000000
I,23,46,1.0000000000000000
I,23,47,1.0000000000000000
I,23,48,1.0000000000000000
I,23,49,1.0000000000000000
I,23,50,1.0000000000000000
I,23,51,1.0000000000000000
I,23,52,1.0000000000000000
I,23,53,1.0000000000000000
I,23,54,1.0000000000000000
I,23,55,1.0000000000000000
I,23,56,1.0000000000000000
I,23,57,1.0000000000000000
I,23,58,1.0000000000000000
I,23,59,1.0000000000000000
I,23,60,1.0000000000000000
I,23,61,1.0000000000000000
I,23,62,1.0000000000000000
I,23,63,1.0000000000000000
I,23,64,1.0000000000000000
I,23,65,1.0000000000000000
I,23,66,1.0000000000000000
I,23,67,1.0000000000000000
I,23,68,1.0000000000000000
I,23,69,1.0000000000000000
I,23,70,1.0000000000000000
I,23,71,1.0000000000000000
I,23,72,1.0000000000000000
I,23,73,1.0000000000000000
I,23,74,1.0000000000000000
I,23,75,1.0000000000000000
I,23,76,1.0000000000000000
I,23,77,1.0000000000000000
I,23,78,1.0000000000000000
I,23,79,1.0000000000000000
I,23,80,1.0000000000000000
I,23,81,1.0000000000000000
I,23,82,1.0000000000000000
I,23,83,1.0000000000000000
I,23,84,1.0000000000000000
I,23,85,1.0000000000000000
I,23,86,1.6400000000000001
I,23,87,1.6400000000000001
I,23,88,1.6400000000000001
I,23,89,1.6400000000000001
I,23,90,1.6400000000000001
I,23,91,1.6400000000000001
I,23,92,1.6400000000000001
I,23,93,1.6400000000000001
I,23,94,1.6400000000000001
I,23,95,1.6400000000000001
I,23,96,1.6400000000000001
I,23,97,1.6400000000000001
I,23,98,1.6400000000000001
I,23,99,1.6400000000000001
I,23,100,1.6400000000000001
I,23,101,1.6400000000000001
I,23,102,1.6400000000000001
I,23,103,1.6327246512183513
I,23,104,1.5528119617819978
I,23,105,1.3641321625429760
I,23,106,1.0241437364670710
I,23,107,1.0000000000000000
I,23,108,1.0000000000000000
I,23,109,1.0000000000000000
I,23,110,1.0000000000000000
I,23,111,1.0000000000000000
I,23,112,1.0000000000000000
I,23,113,1.0000000000000000
I,23,114,1.0000000000000000
I,23,115,1.0000000000000000
I,23,116,1.0000000000000000
I,23,117,1.0000000000000000
I,23,118,1.0000000000000000
I,23,119,1.0000000000000000
I,23,120,1.0000000000000000
I,23,121,1.0000000000000000
I,23,122,1.0000000000000000
I,23,123,1.0000000000000000
I,23,124,1.0000000000000000
I,23,125,1.0000000000000000
I,23,126,1.9900000000000000
I,23,127,1.9900000000000000
I,23,128,1.9900000000000000
I,23,129,1.9900000000000000
I,23,130,1.9900000000000000
I,23,131,1.9900000000000000
I,23,132,1.9900000000000000
I,23,133,1.9900000000000000
I,23,134,1.9900000000000000
I,23,135,1.9900000000000000
I,23,136,1.9900000000000000
I,23,137,1.9900000000000000
I,23,138,1.9900000000000000
I,23,139,1.9900000000000000
I,23,140,1.9900000000000000
I,23,141,1.9900000000000000
I,23,142,1.9900000000000000
I,23,143,1.9913311071680060
I,23,144,1.9995331511683596
I,23,145,1.9845119012758283
I,23,146,1.8851120786845177
I,23,147,1.6229379382848452
I,23,148,1.1138664869842443
I,23,149,1.0000000000000000
I,23,150,1.0000000000000000
I,23,151,1.0000000000000000
I,23,152,1.0000000000000000
I,23,153,1.0000000000000000
I,23,154,1.0000000000000000
I,23,155,1.0000000000000000
I,23,156,1.0000000000000000
I,23,157,1.0000000000000000
I,23,158,1.0000000000000000
I,23,159,1.0000000000000000
I,23,160,1.0000000000000000
I,23,161,1.0000000000000000
I,23,162,1.0000000000000000
I,23,163,1.0000000000000000
I,23,164,1.0000000000000000
I,23,165,1.0000000000000000
I,23,166,1.3599999999999999
I,23,167,1.3599999999999999
I,23,168,1.3599999999999999
I,23,169,1.3599999999999999
I,23,170,1.3599999999999999
I,23,171,1.3599999999999999
I,23,172,1.3599999999999999
I,23,173,1.3599999999999999
I,23,174,1.3599999999999999
I,23,175,1.3599999999999999
I,23,176,1.3599999999999999
I,23,177,1.3599999999999999
I,23,178,1.3599999999999999
I,23,179,1.3599999999999999
I,23,180,1.3599999999999999
I,23,181,1.3599999999999999
I,23,182,1.3599999999999999
I,23,183,1.3727992376498248
I,23,184,1.4976029828485165
I,23,185,1.7082062419555166
I,23,186,1.9128103317508083
I,23,187,1.9997827831523027
I,23,188,1.8566435944359290
I,23,189,1.3818502154902375
I,23,190,1.0000000000000000
I,23,191,1.0000000000000000
I,23,192,1.0000000000000000
I,23,193,1.0000000000000000
I,23,194,1.0000000000000000
I,23,195,1.0000000000000000
I,23,196,1.0000000000000000
I,23,197,1.0000000000000000
I,23,198,1.0000000000000000
I,23,199,1.0000000000000000
I,23,200,1.0000000000000000
I,23,201,1.0000000000000000
I,23,202,1.0000000000000000
I,23,203,1.0000000000000000
I,23,204,1.0000000000000000
I,23,205,1.0000000000000000
I,23,206,1.0000000000000000
I,23,207,1.0000000000000000
I,23,208,1.0000000000000000
I,23,209,1.0000000000000000
I,23,210,1.0000000000000000
I,23,211,1.0000000000000000
I,23,212,1.0000000000000000
I,23,213,1.0000000000000000
I,23,214,1.0000000000000000
I,23,215,1.0000000000000000
I,23,216,1.0000000000000000
I,23,217,1.0000000000000000
I,23,218,1.0000000000000000
I,23,219,1.0000000000000000
I,23,220,1.0000000000000000
I,23,221,1.0000000000000000
I,23,222,1.0000000000000000
I,23,223,1.0000000000000000
I,23,224,1.0000000000000000
I,23,225,1.0000000000000000
I,23,226,1.1755217985567510
I,23,227,1.6919219321873025
I,23,228,1.9780256632576776
I,23,229,1.9099773571471850
I,23,230,1.3913840664737025
I,23,231,1.0000000000000000
I,23,232,1.0000000000000000
I,23,233,1.0000000000000000
I,23,234,1.0000000000000000
I,23,235,1.0000000000000000
I,23,236,1.0000000000000000
I,23,237,1.0000000000000000
I,23,238,1.0000000000000000
I,23,239,1.0000000000000000
I,23,240,1.0000000000000000
I,23,241,1.0000000000000000
I,23,242,1.0000000000000000
I,23,243,1.0000000000000000
I,23,244,1.0000000000000000
I,23,245,1.0000000000000000
I,23,246,1.0000000000000000
I,23,247,1.0000000000000000
I,23,248,1.0000000000000000
I,23,249,1.0000000000000000
I,23,250,1.0000000000000000
I,23,251,1.0000000000000000
I,23,252,1.0000000000000000
I,23,253,1.0000000000000000
I,23,254,1.0000000000000000
I,23,255,1.0000000000000000
I,23,256,1.0000000000000000
I,23,257,1.0000000000000000
I,23,258,1.0000000000000000
I,23,259,1.0000000000000000
I,23,260,1.0000000000000000
I,23,261,1.0000000000000000
I,23,262,1.0000000000000000
I,23,263,1.0000000000000000
I,23,264,1.0000000000000000
I,23,265,1.0000000000000000
I,23,266,1.0000000000000000
I,23,267,1.0000000000000000
I,23,268,1.6077981850772642
I,23,269,1.9821112381184045
I,23,270,1.8516480713450405
I,23,271,1.1470623515339830
I,23,272,1.0000000000000000
I,23,273,1.0000000000000000
I,23,274,1.0000000000000000
I,23,275,1.0000000000000000
I,23,276,1.0000000000000000
I,23,277,1.0000000000000000
I,23,278,1.0000000000000000
I,23,279,1.0000000000000000
I,23,280,1.0000000000000000
I,23,281,1.0000000000000000
I,23,282,1.0000000000000000
I,23,283,1.0000000000000000
I,23,284,1.0000000000000000
I,23,285,1.0000000000000000
I,23,286,1.0000000000000000
I,23,287,1.0000000000000000
I,23,288,1.0000000000000000
I,23,289,1.0000000000000000
I,23,290,1.0000000000000000
I,23,291,1.0000000000000000
I,23,292,1.0000000000000000
I,23,293,1.0000000000000000
I,23,294,1.0000000000000000
I,23,295,1.0000000000000000
I,23,296,1.0000000000000000
I,23,297,1.0000000000000000
I,23,298,1.0000000000000000
I,23,299,1.0000000000000000
I,23,300,1.0000000000000000
I,23,301,1.0000000000000000
I,23,302,1.0000000000000000
I,23,303,1.0000000000000000
I,23,304,1.0000000000000000
I,23,305,1.0000000000000000
I,23,306,1.0000000000000000
I,23,307,1.0000000000000000
I,23,308,1.0000000000000000
I,23,309,1.7500444422496786
I,23,310,1.9967875190821271
I,23,311,1.6073977816008573
I,23,312,1.0000000000000000
I,23,313,1.0000000000000000
I,23,314,1.0000000000000000
I,23,315,1.0000000000000000
I,23,316,1.0000000000000000
I,23,317,1.0000000000000000
I,23,318,1.0000000000000000
I,23,319,1.0000000000000000
I,23,320,1.0000000000000000
I,23,321,1.0000000000000000
I,23,322,1.0000000000000000
I,23,323,1.0000000000000000
I,23,324,1.0000000000000000
I,23,325,1.0000000000000000
I,23,326,1.0000000000000000
I,23,327,1.0000000000000000
I,23,328,1.0000000000000000
I,23,329,1.0000000000000000
I,23,330,1.0000000000000000
I,23,331,1.0000000000000000
I,23,332,1.0000000000000000
I,23,333,1.0000000000000000
I,23,334,1.0000000000000000
I,23,335,1.0000000000000000
I,23,336,1.0000000000000000
I,23,337,1.0000000000000000
I,23,338,1.0000000000000000
I,23,339,1.0000000000000000
I,23,340,1.0000000000000000
I,23,341,1.0000000000000000
I,23,342,1.0000000000000000
I,23,343,1.0000000000000000
I,23,344,1.0000000000000000
I,23,345,1.0000000000000000
I,23,346,1.0000000000000000
I,23,347,1.0000000000000000
I,23,348,1.0000000000000000
I,23,349,1.3901202622579665
I,23,350,1.9632611206852317
I,23,351,1.8363962342351696
I,23,352,1.0000000000000000
I,23,353,1.0000000000000000
I,23,354,1.0000000000000000
I,23,355,1.0000000000000000
I,23,356,1.0000000000000000
I,23,357,1.0000000000000000
I,23,358,1.0000000000000000
I,23,359,1.0000000000000000
I,23,360,1.0000000000000000
I,23,361,1.0000000000000000
I,23,362,1.0000000000000000
I,23,363,1.0000000000000000
I,23,364,1.0000000000000000
I,23,365,1.0000000000000000
I,23,366,1.0000000000000000
I,23,367,1.0000000000000000
I,23,368,1.0000000000000000
I,23,369,1.0000000000000000
I,23,370,1.0000000000000000
I,23,371,1.0000000000000000
I,23,372,1.0000000000000000
I,23,373,1.0000000000000000
I,23,374,1.0000000000000000
I,23,375,1.0000000000000000
I,23,376,1.0000000000000000
I,23,377,1.0000000000000000
I,23,378,1.0000000000000000
I,23,379,1.0000000000000000
I,23,380,1.0000000000000000
I,23,381,1.0000000000000000
I,23,382,1.0000000000000000
I,23,383,1.0000000000000000
I,23,384,1.0000000000000000
I,23,385,1.0000000000000000
I,23,386,1.0000000000000000
I,23,387,1.0000000000000000
I,23,388,1.0000000000000000
I,23,389,1.0804896214869288
I,23,390,1.8795604965273660
I,23,391,1.9288573806534945
I,23,392,1.2224244482930593
I,23,393,1.0000000000000000
I,23,394,1.0000000000000000
I,23,395,1.0000000000000000
I,23,396,1.0000000000000000
I,23,397,1.0000000000000000
I,23,398,1.0000000000000000
I,23,399,1.0000000000000000
I,23,400,1.0000000000000000
I,23,401,1.0000000000000000
I,23,402,1.0000000000000000
I,23,403,1.0000000000000000
I,23,404,1.0000000000000000
I,23,405,1.0000000000000000
I,23,406,1.0000000000000000
I,23,407,1.0000000000000000
I,23,408,1.0000000000000000
I,23,409,1.0000000000000000
I,23,410,1.0000000000000000
I,23,411,1.0000000000000000
I,23,412,1.0000000000000000
I,23,413,1.0000000000000000
I,23,414,1.0000000000000000
I,23,415,1.0000000000000000
I,23,416,1.0000000000000000
I,23,417,1.0000000000000000
I,23,418,1.0000000000000000
I,23,419,1.0000000000000000
I,23,420,1.0000000000000000
I,23,421,1.0000000000000000
I,23,422,1.0000000000000000
I,23,423,1.0000000000000000
I,23,424,1.0000000000000000
I,23,425,1.0000000000000000
I,23,426,1.0000000000000000
I,23,427,1.0000000000000000
I,23,428,1.0000000000000000
I,23,429,1.0000000000000000
I,23,430,1.8400000000000000
I,23,431,1.9516000000000000
I,23,432,1.2944000000000000
I,23,433,1.0000000000000000
I,23,434,1.0000000000000000
I,23,435,1.0000000000000000
I,23,436,1.0000000000000000
I,23,437,1.0000000000000000
I,23,438,1.0000000000000000
I,23,439,1.0000000000000000
I,23,440,1.0000000000000000
I,23,441,1.0000000000000000
I,23,442,1.0000000000000000
I,23,443,1.0000000000000000
I,23,444,1.0000000000000000
I,23,445,1.0000000000000000
I,23,446,1.0000000000000000
I,23,447,1.0000000000000000
I,23,448,1.0000000000000000
I,23,449,1.0000000000000000
I,23,450,1.0000000000000000
I,23,451,1.0000000000000000
I,23,452,1.0000000000000000
I,23,453,1.0000000000000000
I,23,454,1.0000000000000000
I,23,455,1.0000000000000000
I,23,456,1.0000000000000000
I,23,457,1.0000000000000000
I,23,458,1.0000000000000000
I,23,459,1.0000000000000000
I,23,460,1.0000000000000000
I,23,461,1.0000000000000000
I,23,462,1.0000000000000000
I,23,463,1.0000000000000000
I,23,464,1.0000000000000000
I,23,465,1.0000000000000000
I,23,466,1.0000000000000000
I,23,467,1.0000000000000000
I,23,468,1.0000000000000000
I,23,469,1.0804896214869288
I,23,470,1.8795604965273660
I,23,471,1.9288573806534945
I,23,472,1.2224244482930593
I,23,473,1.0000000000000000
I,23,474,1.0000000000000000
I,23,475,1.0000000000000000
I,23,476,1.0000000000000000
I,23,477,1.0000000000000000
I,23,478,1.0000000000000000
I,23,479,1.0000000000000000
I,23,480,1.0000000000000000
I,23,481,1.0000000000000000
I,23,482,1.0000000000000000
I,23,483,1.0000000000000000
I,23,484,1.0000000000000000
I,23,485,1.0000000000000000
I,23,486,1.0000000000000000
I,23,487,1.0000000000000000
I,23,488,1.0000000000000000
I,23,489,1.0000000000000000
I,23,490,1.0000000000000000
I,23,491,1.0000000000000000
I,23,492,1.0000000000000000
I,23,493,1.0000000000000000
I,23,494,1.0000000000000000
I,23,495,1.0000000000000000
I,23,496,1.0000000000000000
I,23,497,1.0000000000000000
I,23,498,1.0000000000000000
I,23,499,1.0000000000000000
I,23,500,1.0000000000000000
I,23,501,1.0000000000000000
I,23,502,1.0000000000000000
I,23,503,1.0000000000000000
I,23,504,1.0000000000000000
I,23,505,1.0000000000000000
I,23,506,1.0000000000000000
I,23,507,1.0000000000000000
I,23,508,1.0000000000000000
I,23,509,1.3901202622579665
I,23,510,1.9632611206852317
I,23,511,1.8363962342351696
I,23,512,1.0000000000000000
I,23,513,1.0000000000000000
I,23,514,1.0000000000000000
I,23,515,1.0000000000000000
I,23,516,1.0000000000000000
I,23,517,1.0000000000000000
I,23,518,1.0000000000000000
I,23,519,1.0000000000000000
I,23,520,1.0000000000000000
I,23,521,1.0000000000000000
I,23,522,1.0000000000000000
I,23,523,1.0000000000000000
I,23,524,1.0000000000000000
I,23,525,1.0000000000000000
I,23,526,1.0000000000000000
I,23,527,1.0000000000000000
I,23,528,1.0000000000000000
I,23,529,1.0000000000000000
I,23,530,1.0000000000000000
I,23,531,1.0000000000000000
I,23,532,1.0000000000000000
I,23,533,1.0000000000000000
I,23,534,1.0000000000000000
I,23,535,1.0000000000000000
I,23,536,1.0000000000000000
I,23,537,1.0000000000000000
I,23,538,1.0000000000000000
I,23,539,1.0000000000000000
I,23,540,1.0000000000000000
I,23,541,1.0000000000000000
I,23,542,1.0000000000000000
I,23,543,1.0000000000000000
I,23,544,1.0000000000000000
I,23,545,1.0000000000000000
I,23,546,1.0000000000000000
I,23,547,1.0000000000000000
I,23,548,1.0000000000000000
I,23,549,1.7500444422496786
I,23,550,1.9967875190821271
I,23,551,1.6073977816008573
I,23,552,1.0000000000000000
I,23,553,1.0000000000000000
I,23,554,1.0000000000000000
I,23,555,1.0000000000000000
I,23,556,1.0000000000000000
I,23,557,1.0000000000000000
I,23,558,1.0000000000000000
I,23,559,1.0000000000000000
I,23,560,1.0000000000000000
I,23,561,1.0000000000000000
I,23,562,1.0000000000000000
I,23,563,1.0000000000000000
I,23,564,1.0000000000000000
I,23,565,1.0000000000000000
I,23,566,1.0000000000000000
I,23,567,1.0000000000000000
I,23,568,1.0000000000000000
I,23,569,1.0000000000000000
I,23,570,1.0000000000000000
I,23,571,1.0000000000000000
I,23,572,1.0000000000000000
I,23,573,1.0000000000000000
I,23,574,1.0000000000000000
I,23,575,1.0000000000000000
I,23,576,1.0000000000000000
I,23,577,1.0000000000000000
I,23,578,1.0000000000000000
I,23,579,1.0000000000000000
I,23,580,1.0000000000000000
I,23,581,1.0000000000000000
I,23,582,1.0000000000000000
I,23,583,1.0000000000000000
I,23,584,1.0000000000000000
I,23,585,1.0000000000000000
I,23,586,1.0000000000000000
I,23,587,1.0000000000000000
I,23,588,1.6077981850772642
I,23,589,1.9821112381184045
I,23,590,1.8516480713450405
I,23,591,1.1470623515339830
I,23,592,1.0000000000000000
I,23,593,1.0000000000000000
I,23,594,1.0000000000000000
I,23,595,1.0000000000000000
I,23,596,1.0000000000000000
I,23,597,1.0000000000000000
I,23,598,1.0000000000000000
I,23,599,1.0000000000000000
I,23,600,1.0000000000000000
I,23,601,1.0000000000000000
I,23,602,1.0000000000000000
I,23,603,1.0000000000000000
I,23,604,1.0000000000000000
I,23,605,1.0000000000000000
I,23,606,1.0000000000000000
I,23,607,1.0000000000000000
I,23,608,1.0000000000000000
I,23,609,1.0000000000000000
I,23,610,1.0000000000000000
I,23,611,1.0000000000000000
I,23,612,1.0000000000000000
I,23,613,1.0000000000000000
I,23,614,1.0000000000000000
I,23,615,1.0000000000000000
I,23,616,1.0000000000000000
I,23,617,1.0000000000000000
I,23,618,1.0000000000000000
I,23,619,1.0000000000000000
I,23,620,1.0000000000000000
I,23,621,1.0000000000000000
I,23,622,1.0000000000000000
I,23,623,1.0000000000000000
I,23,624,1.0000000000000000
I,23,625,1.0000000000000000
I,23,626,1.1755217985567510
I,23,627,1.6919219321873025
I,23,628,1.9780256632576776
I,23,629,1.9099773571471850
I,23,630,1.3913840664737025
I,23,631,1.0000000000000000
I,23,632,1.0000000000000000
I,23,633,1.0000000000000000
I,23,634,1.0000000000000000
I,23,635,1.0000000000000000
I,23,636,1.0000000000000000
I,23,637,1.0000000000000000
I,23,638,1.0000000000000000
I,23,639,1.0000000000000000
I,23,640,1.0000000000000000
I,23,641,1.0000000000000000
I,23,642,1.0000000000000000
I,23,643,1.0000000000000000
I,23,644,1.0000000000000000
I,23,645,1.0000000000000000
I,23,646,1.3599999999999999
I,23,647,1.3599999999999999
I,23,648,1.3599999999999999
I,23,649,1.3599999999999999
I,23,650,1.3599999999999999
I,23,651,1.3599999999999999
I,23,652,1.3599999999999999
I,23,653,1.3599999999999999
I,23,654,1.3599999999999999
I,23,655,1.3599999999999999
I,23,656,1.3599999999999999
I,23,657,1.3599999999999999
I,23,658,1.3599999999999999
I,23,659,1.3599999999999999
I,23,660,1.3599999999999999
I,23,661,1.3599999999999999
I,23,662,1.3599999999999999
I,23,663,1.3727992376498248
I,23,664,1.4976029828485165
I,23,665,1.7082062419555166
I,23,666,1.9128103317508083
I,23,667,1.9997827831523027
I,23,668,1.8566435944359290
I,23,669,1.3818502154902375
I,23,670,1.0000000000000000
I,23,671,1.0000000000000000
I,23,672,1.0000000000000000
I,23,673,1.0000000000000000
I,23,674,1.0000000000000000
I,23,675,1.0000000000000000
I,23,676,1.0000000000000000
I,23,677,1.0000000000000000
I,23,678,1.0000000000000000
I,23,679,1.0000000000000000
I,23,680,1.0000000000000000
I,23,681,1.0000000000000000
I,23,682,1.0000000000000000
I,23,683,1.0000000000000000
I,23,684,1.0000000000000000
I,23,685,1.0000000000000000
I,23,686,1.9900000000000000
I,23,687,1.9900000000000000
I,23,688,1.9900000000000000
I,23,689,1.9900000000000000
I,23,690,1.9900000000000000
I,23,691,1.9900000000000000
I,23,692,1.9900000000000000
I,23,693,1.9900000000000000
I,23,694,1.9900000000000000
I,23,695,1.9900000000000000
I,23,696,1.9900000000000000
I,23,697,1.9900000000000000
I,23,698,1.9900000000000000
I,23,699,1.9900000000000000
I,23,700,1.9900000000000000
I,23,701,1.9900000000000000
I,23,702,1.9900000000000000
I,23,703,1.9913311071680060
I,23,704,1.9995331511683596
I,23,705,1.9845119012758283
I,23,706,1.8851120786845177
I,23,707,1.6229379382848452
I,23,708,1.1138664869842443
I,23,709,1.0000000000000000
I,23,710,1.0000000000000000
I,23,711,1.0000000000000000
I,23,712,1.0000000000000000
I,23,713,1.0000000000000000
I,23,714,1.0000000000000000
I,23,715,1.0000000000000000
I,23,716,1.0000000000000000
I,23,717,1.0000000000000000
I,23,718,1.0000000000000000
I,23,719,1.0000000000000000
I,23,720,1.0000000000000000
I,23,721,1.0000000000000000
I,23,722,1.0000000000000000
I,23,723,1.0000000000000000
I,23,724,1.0000000000000000
I,23,725,1.0000000000000000
I,23,726,1.6400000000000001
I,23,727,1.6400000000000001
I,23,728,1.6400000000000001
I,23,729,1.6400000000000001
I,23,730,1.6400000000000001
I,23,731,1.6400000000000001
I,23,732,1.6400000000000001
I,23,733,1.6400000000000001
I,23,734,1.6400000000000001
I,23,735,1.6400000000000001
I,23,736,1.6400000000000001
I,23,737,1.6400000000000001
I,23,738,1.6400000000000001
I,23,739,1.6400000000000001
I,23,740,1.6400000000000001
I,23,741,1.6400000000000001
I,23,742,1.6400000000000001
I,23,743,1.6327246512183513
I,23,744,1.5528119617819978
I,23,745,1.3641321625429760
I,23,746,1.0241437364670710
I,23,747,1.0000000000000000
I,23,748,1.0000000000000000
I,23,749,1.0000000000000000
I,23,750,1.0000000000000000
I,23,751,1.0000000000000000
I,23,752,1.0000000000000000
I,23,753,1.0000000000000000
I,23,754,1.0000000000000000
I,23,755,1.0000000000000000
I,23,756,1.0000000000000000
I,23,757,1.0000000000000000
I,23,758,1.0000000000000000
I,23,759,1.0000000000000000
I,23,760,1.0000000000000000
I,23,761,1.0000000000000000
I,23,762,1.0000000000000000
I,23,763,1.0000000000000000
I,23,764,1.0000000000000000
I,23,765,1.0000000000000000
I,23,766,1.0000000000000000
I,23,767,1.0000000000000000
I,23,768,1.0000000000000000
I,23,769,1.0000000000000000
I,23,770,1.0000000000000000
I,23,771,1.0000000000000000
I,23,772,1.0000000000000000
I,23,773,1.0000000000000000
I,23,774,1.0000000000000000
I,23,775,1.0000000000000000
I,23,776,1.0000000000000000
I,23,777,1.0000000000000000
I,23,778,1.0000000000000000
I,23,779,1.0000000000000000
I,23,780,1.0000000000000000
I,23,781,1.0000000000000000
I,23,782,1.0000000000000000
I,23,783,1.0000000000000000
I,23,784,1.0000000000000000
I,23,785,1.0000000000000000
I,23,786,1.0000000000000000
I,23,787,1.0000000000000000
I,23,788,1.0000000000000000
I,23,789,1.0000000000000000
I,23,790,1.0000000000000000
I,23,791,1.0000000000000000
I,23,792,1.0000000000000000
I,23,793,1.0000000000000000
I,23,794,1.0000000000000000
I,23,795,1.0000000000000000
I,23,796,1.0000000000000000
I,23,797,1.0000000000000000
I,23,798,1.0000000000000000
I,23,799,1.0000000000000000
I,23,800,1.0000000000000000
I,23,801,1.0000000000000000
I,23,802,1.0000000000000000
I,23,803,1.0000000000000000
I,23,804,1.0000000000000000
I,23,805,1.0000000000000000
I,23,806,1.0000000000000000
I,23,807,1.0000000000000000
I,23,808,1.0000000000000000
I,23,809,1.0000000000000000
I,23,810,1.0000000000000000
I,23,811,1.0000000000000000
I,23,812,1.0000000000000000
I,23,813,1.0000000000000000
I,23,814,1.0000000000000000
I,23,815,1.0000000000000000
I,23,816,1.0000000000000000
I,23,817,1.0000000000000000
I,23,818,1.0000000000000000
I,23,819,1.0000000000000000
I,23,820,1.0000000000000000
I,23,821,1.0000000000000000
I,23,822,1.0000000000000000
I,23,823,1.0000000000000000
I,23,824,1.0000000000000000
I,23,825,1.0000000000000000
I,23,826,1.0000000000000000
I,23,827,1.0000000000000000
I,23,828,1.0000000000000000
I,23,829,1.0000000000000000
I,23,830,1.0000000000000000
I,23,831,1.0000000000000000
I,23,832,1.0000000000000000
I,23,833,1.0000000000000000
I,23,834,1.0000000000000000
I,23,835,1.0000000000000000
I,23,836,1.0000000000000000
I,23,837,1.0000000000000000
I,23,838,1.0000000000000000
I,23,839,1.0000000000000000
I,23,840,1.0000000000000000
I,23,841,1.0000000000000000
I,23,842,1.0000000000000000
I,23,843,1.0000000000000000
I,23,844,1.0000000000000000
I,23,845,1.0000000000000000
I,23,846,1.0000000000000000
I,23,847,1.0000000000000000
I,23,848,1.0000000000000000
I,23,849,1.0000000000000000
I,23,850,1.0000000000000000
I,23,851,1.0000000000000000
I,23,852,1.0000000000000000
I,23,853,1.0000000000000000
I,23,854,1.0000000000000000
I,23,855,1.0000000000000000
I,23,856,1.0000000000000000
I,23,857,1.0000000000000000
I,23,858,1.0000000000000000
I,23,859,1.0000000000000000
I,23,860,1.0000000000000000
I,23,861,1.0000000000000000
I,23,862,1.0000000000000000
I,23,863,1.0000000000000000
I,23,864,1.0000000000000000
I,23,865,1.0000000000000000
I,23,866,1.0000000000000000
I,23,867,1.0000000000000000
I,23,868,1.0000000000000000
I,23,869,1.0000000000000000
I,23,870,1.0000000000000000
I,23,871,1.0000000000000000
I,23,872,1.0000000000000000
I,23,873,1.0000000000000000
I,23,874,1.0000000000000000
I,23,875,1.0000000000000000
I,23,876,1.0000000000000000
I,23,877,1.0000000000000000
I,23,878,1.0000000000000000
I,23,879,1.0000000000000000
I,23,880,1.0000000000000000
I,23,881,1.0000000000000000
I,23,882,1.0000000000000000
I,23,883,1.0000000000000000
I,23,884,1.0000000000000000
I,23,885,1.0000000000000000
I,23,886,1.0000000000000000
I,23,887,1.0000000000000000
I,23,888,1.0000000000000000
I,23,889,1.0000000000000000
I,23,890,1.0000000000000000
I,23,891,1.0000000000000000
I,23,892,1.0000000000000000
I,23,893,1.0000000000000000
I,23,894,1.0000000000000000
I,23,895,1.0000000000000000
I,23,896,1.0000000000000000
I,23,897,1.0000000000000000
I,23,898,1.0000000000000000
I,23,899,1.0000000000000000
I,23,900,1.0000000000000000
I,23,901,1.0000000000000000
I,23,902,1.0000000000000000
I,23,903,1.0000000000000000
I,23,904,1.0000000000000000
I,23,905,1.0000000000000000
I,23,906,1.0000000000000000
I,23,907,1.0000000000000000
I,23,908,1.0000000000000000
I,23,909,1.0000000000000000
I,23,910,1.0000000000000000
I,23,911,1.0000000000000000
I,23,912,1.0000000000000000
I,23,913,1.0000000000000000
I,23,914,1.0000000000000000
I,23,915,1.0000000000000000
I,23,916,1.0000000000000000
I,23,917,1.0000000000000000
I,23,918,1.0000000000000000
I,23,919,1.0000000000000000
I,23,920,1.0000000000000000
I,23,921,1.0000000000000000
I,23,922,1.0000000000000000
I,23,923,1.0000000000000000
I,23,924,1.0000000000000000
I,23,925,1.0000000000000000
I,23,926,1.0000000000000000
I,23,927,1.0000000000000000
I,23,928,1.0000000000000000
I,23,929,1.0000000000000000
I,23,930,1.0000000000000000
I,23,931,1.0000000000000000
I,23,932,1.0000000000000000
I,23,933,1.0000000000000000
I,23,934,1.0000000000000000
I,23,935,1.0000000000000000
I,23,936,1.0000000000000000
I,23,937,1.0000000000000000
I,23,938,1.0000000000000000
I,23,939,1.0000000000000000
I,23,940,1.0000000000000000
I,23,941,1.0000000000000000
I,23,942,1.0000000000000000
I,23,943,1.0000000000000000
I,23,944,1.0000000000000000
I,23,945,1.0000000000000000
I,23,946,1.0000000000000000
I,23,947,1.0000000000000000
I,23,948,1.0000000000000000
I,23,949,1.0000000000000000
I,23,950,1.0000000000000000
I,23,951,1.0000000000000000
I,23,952,1.0000000000000000
I,23,953,1.0000000000000000
I,23,954,1.0000000000000000
I,23,955,1.0000000000000000
I,23,956,1.0000000000000000
I,23,957,1.0000000000000000
I,23,958,1.0000000000000000
I,23,959,1.0000000000000000
I,23,960,1.0000000000000000
I,23,961,1.0000000000000000
I,23,962,1.0000000000000000
I,23,963,1.0000000000000000
I,23,964,1.0000000000000000
I,23,965,1.0000000000000000
I,23,966,1.0000000000000000
I,23,967,1.0000000000000000
I,23,968,1.0000000000000000
I,23,969,1.0000000000000000
I,23,970,1.0000000000000000
I,23,971,1.0000000000000000
I,23,972,1.0000000000000000
I,23,973,1.0000000000000000
I,23,974,1.0000000000000000
I,23,975,1.0000000000000000
I,23,976,1.0000000000000000
I,23,977,1.0000000000000000
I,23,978,1.0000000000000000
I,23,979,1.0000000000000000
I,23,980,1.0000000000000000
I,23,981,1.0000000000000000
I,23,982,1.0000000000000000
I,23,983,1.0000000000000000
I,23,984,1.0000000000000000
I,23,985,1.0000000000000000
I,23,986,1.0000000000000000
I,23,987,1.0000000000000000
I,23,988,1.0000000000000000
I,23,989,1.0000000000000000
I,23,990,1.0000000000000000
I,23,991,1.0000000000000000
I,23,992,1.0000000000000000
I,23,993,1.0000000000000000
I,23,994,1.0000000000000000
I,23,995,1.0000000000000000
I,23,996,1.0000000000000000
I,23,997,1.0000000000000000
I,23,998,1.0000000000000000
I,23,999,1.0000000000000000
R,23,0,121.44943101790659,6.2718436561310735,-1.2000000000000080
R,23,1,151.78682683738907,7.1305756364017760,-0.80000000000003950
R,23,2,181.68424397601075,8.4423266307658140,-0.39999999999990393
R,23,3,211.00000000000090,10.000000000000000,-0.0000000000000000
R,23,4,239.68424397601075,11.557673369234186,0.39999999999990393
R,23,5,267.78682683738680,12.869424363598226,0.80000000000002680
R,23,6,295.44943101790886,13.728156343868820,1.1999999999999482
R,23,7,324.44943101790886,6.2718436561311800,-1.1999999999999482
R,23,8,354.78682683738680,7.1305756364017760,-0.80000000000003950
R,23,9,384.68424397601300,8.4423266307658140,-0.39999999999990393
R,23,10,122.43505877244401,35.085114898933014,0.070638662995523380
R,23,11,151.18568989720507,36.004049306294900,0.46073979234042156
R,23,12,179.62070420564086,36.744925883163710,0.84355054236366800
R,23,13,207.83264794289332,37.215705304996390,1.2219266840256942
R,23,14,236.95076497231430,32.656286709256214,-1.1688983823600696
R,23,15,266.79328411091840,33.250773137578280,-0.74312015206560810
R,23,16,296.30801885739476,34.115365619578050,-0.32985873550437017
R,23,17,325.43505877244377,35.085114898935730,0.070638662995138250
R,23,18,354.18743136760560,36.005813626677920,0.46158997531943774
R,23,19,382.77455060389576,36.985651736800930,0.88138361786825100
R,23,20,120.81851094599314,62.059064207324184,1.1839511428384955
R,23,21,149.76310379360777,58.001076325105420,-1.2118191619986523
R,23,22,179.47696288615614,58.442111397377470,-0.82355380152719000
R,23,23,208.97374272222620,59.126747536838465,-0.43284394199766460
R,23,24,238.17289864061306,59.959203943904980,-0.037985878269074555
R,23,25,267.03202381943560,60.816148822120330,0.36270586030521357
R,23,26,295.55858262332885,61.559833834422480,0.77021362394172620
R,23,27,323.81851094599140,62.059064207324950,1.1839511428399627
R,23,28,352.76348458380767,58.002062393966450,-1.2111443858062834
R,23,29,382.41606620523400,58.529537737119470,-0.80804537582195870
R,23,30,123.68424397601189,83.442326630764700,-0.40000000000005560
R,23,31,153.00000000000090,85.000000000000000,-0.0000000000000000
R,23,32,181.68424397601075,86.557673369234180,0.39999999999992470
R,23,33,209.78682683738907,87.869424363598230,0.80000000000005220
R,23,34,237.44943101790660,88.728156343869390,1.2000000000000677
R,23,35,266.44943101790886,81.271843656130610,-1.1999999999999647
R,23,36,296.78682683738680,82.130575636401770,-0.80000000000005220
R,23,37,326.68424397601300,83.442326630765820,-0.39999999999992470
R,23,38,356.00000000000090,85.000000000000000,-0.0000000000000000
R,23,39,384.68424397601300,86.557673369234180,0.39999999999992470
R,23,40,122.78682683738907,112.86942436359823,0.80000000000005220
R,23,41,150.44943101790660,113.72815634386939,1.2000000000000677
R,23,42,179.44943101790660,106.27184365613061,-1.2000000000000677
R,23,43,209.78682683738907,107.13057563640177,-0.80000000000005220
R,23,44,239.68424397601075,108.44232663076582,-0.39999999999992470
R,23,45,269.00000000000090,110.00000000000000,-0.0000000000000000
R,23,46,297.68424397601300,111.55767336923418,0.39999999999992470
R,23,47,325.78682683738680,112.86942436359823,0.80000000000005220
R,23,48,353.44943101790886,113.72815634386939,1.1999999999999647
R,23,49,382.44943101790886,106.27184365613061,-1.1999999999999647
R,23,50,122.78682683738907,132.13057563640177,-0.79999999999995030
R,23,51,152.68424397601075,133.44232663076582,-0.39999999999986935
R,23,52,182.00000000000090,135.00000000000000,-0.0000000000000000
R,23,53,210.68424397601075,136.55767336923418,0.39999999999986935
R,23,54,238.78682683738907,137.86942436359823,0.79999999999995030
R,23,55,266.44943101790886,138.72815634386825,1.1999999999999647
R,23,56,295.44943101790886,131.27184365613175,-1.1999999999999647
R,23,57,325.78682683738680,132.13057563640177,-0.79999999999995030
R,23,58,355.68424397601300,133.44232663076582,-0.39999999999986935
R,23,59,385.00000000000090,135.00000000000000,-0.0000000000000000
R,23,60,123.68424397601189,161.55767336923418,0.40000000000000024
R,23,61,151.78682683738907,162.86942436359823,0.79999999999995030
R,23,62,179.44943101790660,163.72815634386825,1.2000000000000677
R,23,63,208.44943101790660,156.27184365613175,-1.2000000000000677
R,23,64,238.78682683738907,157.13057563640177,-0.79999999999995030
R,23,65,268.68424397601300,158.44232663076582,-0.39999999999986935
R,23,66,298.00000000000090,160.00000000000000,-0.0000000000000000
R,23,67,326.68424397601300,161.55767336923418,0.39999999999986935
R,23,68,354.78682683738680,162.86942436359823,0.79999999999995030
R,23,69,382.44943101790886,163.72815634386825,1.1999999999999647
R,23,70,121.44943101790659,181.27184365613175,-1.2000000000000162
R,23,71,151.78682683738907,182.13057563640177,-0.79999999999995030
R,23,72,181.68424397601075,183.44232663076582,-0.39999999999986935
R,23,73,211.00000000000090,185.00000000000000,-0.0000000000000000
R,23,74,239.68424397601075,186.55767336923418,0.39999999999986935
R,23,75,267.78682683738680,187.86942436359823,0.79999999999995030
R,23,76,295.44943101790886,188.72815634386825,1.1999999999999647
R,23,77,324.44943101790886,181.27184365613175,-1.1999999999999647
R,23,78,354.78682683738680,182.13057563640177,-0.79999999999995030
R,23,79,384.68424397601300,183.44232663076582,-0.39999999999986935
R,23,80,123.99999999999977,210.00000000000000,-0.0000000000000000
R,23,81,152.68424397601075,211.55767336923418,0.39999999999986935
R,23,82,180.78682683738907,212.86942436359823,0.79999999999995030
R,23,83,208.44943101790660,213.72815634386825,1.2000000000000677
R,23,84,237.44943101790660,206.27184365613175,-1.2000000000000677
R,23,85,267.78682683738680,207.13057563640177,-0.79999999999995030
R,23,86,297.68424397601300,208.44232663076582,-0.39999999999986935
R,23,87,327.00000000000090,210.00000000000000,-0.0000000000000000
R,23,88,355.68424397601300,211.55767336923418,0.39999999999986935
R,23,89,383.78682683738680,212.86942436359823,0.79999999999995030
R,23,90,121.44943101790659,238.72815634386825,1.2000000000000162
R,23,91,150.44943101790660,231.27184365613175,-1.2000000000000677
R,23,92,180.78682683738907,232.13057563640177,-0.79999999999995030
R,23,93,210.68424397601075,233.44232663076582,-0.39999999999986935
R,23,94,240.00000000000090,235.00000000000000,-0.0000000000000000
R,23,95,268.68424397601300,236.55767336923418,0.39999999999986935
R,23,96,296.78682683738680,237.86942436359823,0.79999999999995030
R,23,97,324.44943101790886,238.72815634386825,1.1999999999999647
R,23,98,353.44943101790886,231.27184365613175,-1.1999999999999647
R,23,99,383.78682683738680,232.13057563640177,-0.79999999999995030
I,24,0,1.0000000000000000
I,24,1,1.0000000000000000
I,24,2,1.0000000000000000
I,24,3,1.0000000000000000
I,24,4,1.0000000000000000
I,24,5,1.0000000000000000
I,24,6,1.0000000000000000
I,24,7,1.0000000000000000
I,24,8,1.0000000000000000
I,24,9,1.0000000000000000
I,24,10,1.0000000000000000
I,24,11,1.0000000000000000
I,24,12,1.0000000000000000
I,24,13,1.0000000000000000
I,24,14,1.0000000000000000
I,24,15,1.0000000000000000
I,24,16,1.0000000000000000
I,24,17,1.0000000000000000
I,24,18,1.0000000000000000
I,24,19,1.0000000000000000
I,24,20,1.0000000000000000
I,24,21,1.0000000000000000
I,24,22,1.0000000000000000
I,24,23,1.0000000000000000
I,24,24,1.0000000000000000
I,24,25,1.0000000000000000
I,24,26,1.0000000000000000
I,24,27,1.0000000000000000
I,24,28,1.0000000000000000
I,24,29,1.0000000000000000
I,24,30,1.0000000000000000
I,24,31,1.0000000000000000
I,24,32,1.0000000000000000
I,24,33,1.0000000000000000
I,24,34,1.0000000000000000
I,24,35,1.0000000000000000
I,24,36,1.0000000000000000
I,24,37,1.0000000000000000
I,24,38,1.0000000000000000
I,24,39,1.0000000000000000
I,24,40,1.0000000000000000
I,24,41,1.0000000000000000
I,24,42,1.0000000000000000
I,24,43,1.0000000000000000
I,24,44,1.0000000000000000
I,24,45,1.0000000000000000
I,24,46,1.0000000000000000
I,24,47,1.0000000000000000
I,24,48,1.0000000000000000
I,24,49,1.0000000000000000
I,24,50,1.0000000000000000
I,24,51,1.0000000000000000
I,24,52,1.0000000000000000
I,24,53,1.0000000000000000
I,24,54,1.0000000000000000
I,24,55,1.0000000000000000
I,24,56,1.0000000000000000
I,24,57,1.0000000000000000
I,24,58,1.0000000000000000
I,24,59,1.0000000000000000
I,24,60,1.0000000000000000
I,24,61,1.0000000000000000
I,24,62,1.0000000000000000
I,24,63,1.0000000000000000
I,24,64,1.0000000000000000
I,24,65,1.0000000000000000
I,24,66,1.0000000000000000
I,24,67,1.0000000000000000
I,24,68,1.0000000000000000
I,24,69,1.0000000000000000
I,24,70,1.0000000000000000
I,24,71,1.0000000000000000
I,24,72,1.0000000000000000
I,24,73,1.0000000000000000
I,24,74,1.0000000000000000
I,24,75,1.0000000000000000
I,24,76,1.0000000000000000
I,24,77,1.0000000000000000
I,24,78,1.0000000000000000
I,24,79,1.0000000000000000
I,24,80,1.0000000000000000
I,24,81,1.0000000000000000
I,24,82,1.0000000000000000
I,24,83,1.0000000000000000
I,24,84,1.0000000000000000
I,24,85,1.0000000000000000
I,24,86,2.0000000000000000
I,24,87,2.0000000000000000
I,24,88,2.0000000000000000
I,24,89,2.0000000000000000
I,24,90,2.0000000000000000
I,24,91,2.0000000000000000
I,24,92,2.0000000000000000
I,24,93,2.0000000000000000
I,24,94,2.0000000000000000
I,24,95,2.0000000000000000
I,24,96,2.0000000000000000
I,24,97,2.0000000000000000
I,24,98,2.0000000000000000
I,24,99,2.0000000000000000
I,24,100,2.0000000000000000
I,24,101,2.0000000000000000
I,24,102,2.0000000000000000
I,24,103,2.0000000000000000
I,24,104,2.0000000000000000
I,24,105,2.0000000000000000
I,24,106,2.0000000000000000
I,24,107,1.0000000000000000
I,24,108,1.0000000000000000
I,24,109,1.0000000000000000
I,24,110,1.0000000000000000
I,24,111,1.0000000000000000
I,24,112,1.0000000000000000
I,24,113,1.0000000000000000
I,24,114,1.0000000000000000
I,24,115,1.0000000000000000
I,24,116,1.0000000000000000
I,24,117,1.0000000000000000
I,24,118,1.0000000000000000
I,24,119,1.0000000000000000
I,24,120,1.0000000000000000
I,24,121,1.0000000000000000
I,24,122,1.0000000000000000
I,24,123,1.0000000000000000
I,24,124,1.0000000000000000
I,24,125,1.0000000000000000
I,24,126,2.0000000000000000
I,24,127,2.0000000000000000
I,24,128,2.0000000000000000
I,24,129,2.0000000000000000
I,24,130,2.0000000000000000
I,24,131,2.0000000000000000
I,24,132,2.0000000000000000
I,24,133,2.0000000000000000
I,24,134,2.0000000000000000
I,24,135,2.0000000000000000
I,24,136,2.0000000000000000
I,24,137,2.0000000000000000
I,24,138,2.0000000000000000
I,24,139,2.0000000000000000
I,24,140,2.0000000000000000
I,24,141,2.0000000000000000
I,24,142,2.0000000000000000
I,24,143,2.0000000000000000
I,24,144,2.0000000000000000
I,24,145,2.0000000000000000
I,24,146,2.0000000000000000
I,24,147,2.0000000000000000
I,24,148,2.0000000000000000
I,24,149,1.0000000000000000
I,24,150,1.0000000000000000
I,24,151,1.0000000000000000
I,24,152,1.0000000000000000
I,24,153,1.0000000000000000
I,24,154,1.0000000000000000
I,24,155,1.0000000000000000
I,24,156,1.0000000000000000
I,24,157,1.0000000000000000
I,24,158,1.0000000000000000
I,24,159,1.0000000000000000
I,24,160,1.0000000000000000
I,24,161,1.0000000000000000
I,24,162,1.0000000000000000
I,24,163,1.0000000000000000
I,24,164,1.0000000000000000
I,24,165,1.0000000000000000
I,24,166,2.0000000000000000
I,24,167,2.0000000000000000
I,24,168,2.0000000000000000
I,24,169,2.0000000000000000
I,24,170,2.0000000000000000
I,24,171,2.0000000000000000
I,24,172,2.0000000000000000
I,24,173,2.0000000000000000
I,24,174,2.0000000000000000
I,24,175,2.0000000000000000
I,24,176,2.0000000000000000
I,24,177,2.0000000000000000
I,24,178,2.0000000000000000
I,24,179,2.0000000000000000
I,24,180,2.0000000000000000
I,24,181,2.0000000000000000
I,24,182,2.0000000000000000
I,24,183,2.0000000000000000
I,24,184,2.0000000000000000
I,24,185,2.0000000000000000
I,24,186,2.0000000000000000
I,24,187,2.0000000000000000
I,24,188,2.0000000000000000
I,24,189,2.0000000000000000
I,24,190,1.0000000000000000
I,24,191,1.0000000000000000
I,24,192,1.0000000000000000
I,24,193,1.0000000000000000
I,24,194,1.0000000000000000
I,24,195,1.0000000000000000
I,24,196,1.0000000000000000
I,24,197,1.0000000000000000
I,24,198,1.0000000000000000
I,24,199,1.0000000000000000
I,24,200,1.0000000000000000
I,24,201,1.0000000000000000
I,24,202,1.0000000000000000
I,24,203,1.0000000000000000
I,24,204,1.0000000000000000
I,24,205,1.0000000000000000
I,24,206,1.0000000000000000
I,24,207,1.0000000000000000
I,24,208,1.0000000000000000
I,24,209,1.0000000000000000
I,24,210,1.0000000000000000
I,24,211,1.0000000000000000
I,24,212,1.0000000000000000
I,24,213,1.0000000000000000
I,24,214,1.0000000000000000
I,24,215,1.0000000000000000
I,24,216,1.0000000000000000
I,24,217,1.0000000000000000
I,24,218,1.0000000000000000
I,24,219,1.0000000000000000
I,24,220,1.0000000000000000
I,24,221,1.0000000000000000
I,24,222,1.0000000000000000
I,24,223,1.0000000000000000
I,24,224,1.0000000000000000
I,24,225,1.0000000000000000
I,24,226,2.0000000000000000
I,24,227,2.0000000000000000
I,24,228,2.0000000000000000
I,24,229,2.0000000000000000
I,24,230,2.0000000000000000
I,24,231,1.0000000000000000
I,24,232,1.0000000000000000
I,24,233,1.0000000000000000
I,24,234,1.0000000000000000
I,24,235,1.0000000000000000
I,24,236,1.0000000000000000
I,24,237,1.0000000000000000
I,24,238,1.0000000000000000
I,24,239,1.0000000000000000
I,24,240,1.0000000000000000
I,24,241,1.0000000000000000
I,24,242,1.0000000000000000
I,24,243,1.0000000000000000
I,24,244,1.0000000000000000
I,24,245,1.0000000000000000
I,24,246,1.0000000000000000
I,24,247,1.0000000000000000
I,24,248,1.0000000000000000
I,24,249,1.0000000000000000
I,24,250,1.0000000000000000
I,24,251,1.0000000000000000
I,24,252,1.0000000000000000
I,24,253,1.0000000000000000
I,24,254,1.0000000000000000
I,24,255,1.0000000000000000
I,24,256,1.0000000000000000
I,24,257,1.0000000000000000
I,24,258,1.0000000000000000
I,24,259,1.0000000000000000
I,24,260,1.0000000000000000
I,24,261,1.0000000000000000
I,24,262,1.0000000000000000
I,24,263,1.0000000000000000
I,24,264,1.0000000000000000
I,24,265,1.0000000000000000
I,24,266,1.0000000000000000
I,24,267,1.0000000000000000
I,24,268,2.0000000000000000
I,24,269,2.0000000000000000
I,24,270,2.0000000000000000
I,24,271,2.0000000000000000
I,24,272,1.0000000000000000
I,24,273,1.0000000000000000
I,24,274,1.0000000000000000
I,24,275,1.0000000000000000
I,24,276,1.0000000000000000
I,24,277,1.0000000000000000
I,24,278,1.0000000000000000
I,24,279,1.0000000000000000
I,24,280,1.0000000000000000
I,24,281,1.0000000000000000
I,24,282,1.0000000000000000
I,24,283,1.0000000000000000
I,24,284,1.0000000000000000
I,24,285,1.0000000000000000
I,24,286,1.0000000000000000
I,24,287,1.0000000000000000
I,24,288,1.0000000000000000
I,24,289,1.0000000000000000
I,24,290,1.0000000000000000
I,24,291,1.0000000000000000
I,24,292,1.0000000000000000
I,24,293,1.0000000000000000
I,24,294,1.0000000000000000
I,24,295,1.0000000000000000
I,24,296,1.0000000000000000
I,24,297,1.0000000000000000
I,24,298,1.0000000000000000
I,24,299,1.0000000000000000
I,24,300,1.0000000000000000
I,24,301,1.0000000000000000
I,24,302,1.0000000000000000
I,24,303,1.0000000000000000
I,24,304,1.0000000000000000
I,24,305,1.0000000000000000
I,24,306,1.0000000000000000
I,24,307,1.0000000000000000
I,24,308,1.0000000000000000
I,24,309,2.0000000000000000
I,24,310,2.0000000000000000
I,24,311,2.0000000000000000
I,24,312,1.0000000000000000
I,24,313,1.0000000000000000
I,24,314,1.0000000000000000
I,24,315,1.0000000000000000
I,24,316,1.0000000000000000
I,24,317,1.0000000000000000
I,24,318,1.0000000000000000
I,24,319,1.0000000000000000
I,24,320,1.0000000000000000
I,24,321,1.0000000000000000
I,24,322,1.0000000000000000
I,24,323,1.0000000000000000
I,24,324,1.0000000000000000
I,24,325,1.0000000000000000
I,24,326,1.0000000000000000
I,24,327,1.0000000000000000
I,24,328,1.0000000000000000
I,24,329,1.0000000000000000
I,24,330,1.0000000000000000
I,24,331,1.0000000000000000
I,24,332,1.0000000000000000
I,24,333,1.0000000000000000
I,24,334,1.0000000000000000
I,24,335,1.0000000000000000
I,24,336,1.0000000000000000
I,24,337,1.0000000000000000
I,24,338,1.0000000000000000
I,24,339,1.0000000000000000
I,24,340,1.0000000000000000
I,24,341,1.0000000000000000
I,24,342,1.0000000000000000
I,24,343,1.0000000000000000
I,24,344,1.0000000000000000
I,24,345,1.0000000000000000
I,24,346,1.0000000000000000
I,24,347,1.0000000000000000
I,24,348,1.0000000000000000
I,24,349,2.0000000000000000
I,24,350,2.0000000000000000
I,24,351,2.0000000000000000
I,24,352,1.0000000000000000
I,24,353,1.0000000000000000
I,24,354,1.0000000000000000
I,24,355,1.0000000000000000
I,24,356,1.0000000000000000
I,24,357,1.0000000000000000
I,24,358,1.0000000000000000
I,24,359,1.0000000000000000
I,24,360,1.0000000000000000
I,24,361,1.0000000000000000
I,24,362,1.0000000000000000
I,24,363,1.0000000000000000
I,24,364,1.0000000000000000
I,24,365,1.0000000000000000
I,24,366,1.0000000000000000
I,24,367,1.0000000000000000
I,24,368,1.0000000000000000
I,24,369,1.0000000000000000
I,24,370,1.0000000000000000
I,24,371,1.0000000000000000
I,24,372,1.0000000000000000
I,24,373,1.0000000000000000
I,24,374,1.0000000000000000
I,24,375,1.0000000000000000
I,24,376,1.0000000000000000
I,24,377,1.0000000000000000
I,24,378,1.0000000000000000
I,24,379,1.0000000000000000
I,24,380,1.0000000000000000
I,24,381,1.0000000000000000
I,24,382,1.0000000000000000
I,24,383,1.0000000000000000
I,24,384,1.0000000000000000
I,24,385,1.0000000000000000
I,24,386,1.0000000000000000
I,24,387,1.0000000000000000
I,24,388,1.0000000000000000
I,24,389,2.0000000000000000
I,24,390,2.0000000000000000
I,24,391,2.0000000000000000
I,24,392,2.0000000000000000
I,24,393,1.0000000000000000
I,24,394,1.0000000000000000
I,24,395,1.0000000000000000
I,24,396,1.0000000000000000
I,24,397,1.0000000000000000
I,24,398,1.0000000000000000
I,24,399,1.0000000000000000
I,24,400,1.0000000000000000
I,24,401,1.0000000000000000
I,24,402,1.0000000000000000
I,24,403,1.0000000000000000
I,24,404,1.0000000000000000
I,24,405,1.0000000000000000
I,24,406,1.0000000000000000
I,24,407,1.0000000000000000
I,24,408,1.0000000000000000
I,24,409,1.0000000000000000
I,24,410,1.0000000000000000
I,24,411,1.0000000000000000
I,24,412,1.0000000000000000
I,24,413,1.0000000000000000
I,24,414,1.0000000000000000
I,24,415,1.0000000000000000
I,24,416,1.0000000000000000
I,24,417,1.0000000000000000
I,24,418,1.0000000000000000
I,24,419,1.0000000000000000
I,24,420,1.0000000000000000
I,24,421,1.0000000000000000
I,24,422,1.0000000000000000
I,24,423,1.0000000000000000
I,24,424,1.0000000000000000
I,24,425,1.0000000000000000
I,24,426,1.0000000000000000
I,24,427,1.0000000000000000
I,24,428,1.0000000000000000
I,24,429,1.0000000000000000
I,24,430,2.0000000000000000
I,24,431,2.0000000000000000
I,24,432,2.0000000000000000
I,24,433,1.0000000000000000
I,24,434,1.0000000000000000
I,24,435,1.0000000000000000
I,24,436,1.0000000000000000
I,24,437,1.0000000000000000
I,24,438,1.0000000000000000
I,24,439,1.0000000000000000
I,24,440,1.0000000000000000
I,24,441,1.0000000000000000
I,24,442,1.0000000000000000
I,24,443,1.0000000000000000
I,24,444,1.0000000000000000
I,24,445,1.0000000000000000
I,24,446,1.0000000000000000
I,24,447,1.0000000000000000
I,24,448,1.0000000000000000
I,24,449,1.0000000000000000
I,24,450,1.0000000000000000
I,24,451,1.0000000000000000
I,24,452,1.0000000000000000
I,24,453,1.0000000000000000
I,24,454,1.0000000000000000
I,24,455,1.0000000000000000
I,24,456,1.0000000000000000
I,24,457,1.0000000000000000
I,24,458,1.0000000000000000
I,24,459,1.0000000000000000
I,24,460,1.0000000000000000
I,24,461,1.0000000000000000
I,24,462,1.0000000000000000
I,24,463,1.0000000000000000
I,24,464,1.0000000000000000
I,24,465,1.0000000000000000
I,24,466,1.0000000000000000
I,24,467,1.0000000000000000
I,24,468,1.0000000000000000
I,24,469,2.0000000000000000
I,24,470,2.0000000000000000
I,24,471,2.0000000000000000
I,24,472,2.0000000000000000
I,24,473,1.0000000000000000
I,24,474,1.0000000000000000
I,24,475,1.0000000000000000
I,24,476,1.0000000000000000
I,24,477,1.0000000000000000
I,24,478,1.0000000000000000
I,24,479,1.0000000000000000
I,24,480,1.0000000000000000
I,24,481,1.0000000000000000
I,24,482,1.0000000000000000
I,24,483,1.0000000000000000
I,24,484,1.0000000000000000
I,24,485,1.0000000000000000
I,24,486,1.0000000000000000
I,24,487,1.0000000000000000
I,24,488,1.0000000000000000
I,24,489,1.0000000000000000
I,24,490,1.0000000000000000
I,24,491,1.0000000000000000
I,24,492,1.0000000000000000
I,24,493,1.0000000000000000
I,24,494,1.0000000000000000
I,24,495,1.0000000000000000
I,24,496,1.0000000000000000
I,24,497,1.0000000000000000
I,24,498,1.0000000000000000
I,24,499,1.0000000000000000
I,24,500,1.0000000000000000
I,24,501,1.0000000000000000
I,24,502,1.0000000000000000
I,24,503,1.0000000000000000
I,24,504,1.0000000000000000
I,24,505,1.0000000000000000
I,24,506,1.0000000000000000
I,24,507,1.0000000000000000
I,24,508,1.0000000000000000
I,24,509,2.0000000000000000
I,24,510,2.0000000000000000
I,24,511,2.0000000000000000
I,24,512,1.0000000000000000
I,24,513,1.0000000000000000
I,24,514,1.0000000000000000
I,24,515,1.0000000000000000
I,24,516,1.0000000000000000
I,24,517,1.0000000000000000
I,24,518,1.0000000000000000
I,24,519,1.0000000000000000
I,24,520,1.0000000000000000
I,24,521,1.0000000000000000
I,24,522,1.0000000000000000
I,24,523,1.0000000000000000
I,24,524,1.0000000000000000
I,24,525,1.0000000000000000
I,24,526,1.0000000000000000
I,24,527,1.0000000000000000
I,24,528,1.0000000000000000
I,24,529,1.0000000000000000
I,24,530,1.0000000000000000
I,24,531,1.0000000000000000
I,24,532,1.0000000000000000
I,24,533,1.0000000000000000
I,24,534,1.0000000000000000
I,24,535,1.0000000000000000
I,24,536,1.0000000000000000
I,24,537,1.0000000000000000
I,24,538,1.0000000000000000
I,24,539,1.0000000000000000
I,24,540,1.0000000000000000
I,24,541,1.0000000000000000
I,24,542,1.0000000000000000
I,24,543,1.0000000000000000
I,24,544,1.0000000000000000
I,24,545,1.0000000000000000
I,24,546,1.0000000000000000
I,24,547,1.0000000000000000
I,24,548,1.0000000000000000
I,24,549,2.0000000000000000
I,24,550,2.0000000000000000
I,24,551,2.0000000000000000
I,24,552,1.0000000000000000
I,24,553,1.0000000000000000
I,24,554,1.0000000000000000
I,24,555,1.0000000000000000
I,24,556,1.0000000000000000
I,24,557,1.0000000000000000
I,24,558,1.0000000000000000
I,24,559,1.0000000000000000
I,24,560,1.0000000000000000
I,24,561,1.0000000000000000
I,24,562,1.0000000000000000
I,24,563,1.0000000000000000
I,24,564,1.0000000000000000
I,24,565,1.0000000000000000
I,24,566,1.0000000000000000
I,24,567,1.0000000000000000
I,24,568,1.0000000000000000
I,24,569,1.0000000000000000
I,24,570,1.0000000000000000
I,24,571,1.0000000000000000
I,24,572,1.0000000000000000
I,24,573,1.0000000000000000
I,24,574,1.0000000000000000
I,24,575,1.0000000000000000
I,24,576,1.0000000000000000
I,24,577,1.0000000000000000
I,24,578,1.0000000000000000
I,24,579,1.0000000000000000
I,24,580,1.0000000000000000
I,24,581,1.0000000000000000
I,24,582,1.0000000000000000
I,24,583,1.0000000000000000
I,24,584,1.0000000000000000
I,24,585,1.0000000000000000
I,24,586,1.0000000000000000
I,24,587,1.0000000000000000
I,24,588,2.0000000000000000
I,24,589,2.0000000000000000
I,24,590,2.0000000000000000
I,24,591,2.0000000000000000
I,24,592,1.0000000000000000
I,24,593,1.0000000000000000
I,24,594,1.0000000000000000
I,24,595,1.0000000000000000
I,24,596,1.0000000000000000
I,24,597,1.0000000000000000
I,24,598,1.0000000000000000
I,24,599,1.0000000000000000
I,24,600,1.0000000000000000
I,24,601,1.0000000000000000
I,24,602,1.0000000000000000
I,24,603,1.0000000000000000
I,24,604,1.0000000000000000
I,24,605,1.0000000000000000
I,24,606,1.0000000000000000
I,24,607,1.0000000000000000
I,24,608,1.0000000000000000
I,24,609,1.0000000000000000
I,24,610,1.0000000000000000
I,24,611,1.0000000000000000
I,24,612,1.0000000000000000
I,24,613,1.0000000000000000
I,24,614,1.0000000000000000
I,24,615,1.0000000000000000
I,24,616,1.0000000000000000
I,24,617,1.0000000000000000
I,24,618,1.0000000000000000
I,24,619,1.0000000000000000
I,24,620,1.0000000000000000
I,24,621,1.0000000000000000
I,24,622,1.0000000000000000
I,24,623,1.0000000000000000
I,24,624,1.0000000000000000
I,24,625,1.0000000000000000
I,24,626,2.0000000000000000
I,24,627,2.0000000000000000
I,24,628,2.0000000000000000
I,24,629,2.0000000000000000
I,24,630,2.0000000000000000
I,24,631,1.0000000000000000
I,24,632,1.0000000000000000
I,24,633,1.0000000000000000
I,24,634,1.0000000000000000
I,24,635,1.0000000000000000
I,24,636,1.0000000000000000
I,24,637,1.0000000000000000
I,24,638,1.0000000000000000
I,24,639,1.0000000000000000
I,24,640,1.0000000000000000
I,24,641,1.0000000000000000
I,24,642,1.0000000000000000
I,24,643,1.0000000000000000
I,24,644,1.0000000000000000
I,24,645,1.0000000000000000
I,24,646,2.0000000000000000
I,24,647,2.0000000000000000
I,24,648,2.0000000000000000
I,24,649,2.0000000000000000
I,24,650,2.0000000000000000
I,24,651,2.0000000000000000
I,24,652,2.0000000000000000
I,24,653,2.0000000000000000
I,24,654,2.0000000000000000
I,24,655,2.0000000000000000
I,24,656,2.0000000000000000
I,24,657,2.0000000000000000
I,24,658,2.0000000000000000
I,24,659,2.0000000000000000
I,24,660,2.0000000000000000
I,24,661,2.0000000000000000
I,24,662,2.0000000000000000
I,24,663,2.0000000000000000
I,24,664,2.0000000000000000
I,24,665,2.0000000000000000
I,24,666,2.0000000000000000
I,24,667,2.0000000000000000
I,24,668,2.0000000000000000
I,24,669,2.0000000000000000
I,24,670,1.0000000000000000
I,24,671,1.0000000000000000
I,24,672,1.0000000000000000
I,24,673,1.0000000000000000
I,24,674,1.0000000000000000
I,24,675,1.0000000000000000
I,24,676,1.0000000000000000
I,24,677,1.0000000000000000
I,24,678,1.0000000000000000
I,24,679,1.0000000000000000
I,24,680,1.0000000000000000
I,24,681,1.0000000000000000
I,24,682,1.0000000000000000
I,24,683,1.0000000000000000
I,24,684,1.0000000000000000
I,24,685,1.0000000000000000
I,24,686,2.0000000000000000
I,24,687,2.0000000000000000
I,24,688,2.0000000000000000
I,24,689,2.0000000000000000
I,24,690,2.0000000000000000
I,24,691,2.0000000000000000
I,24,692,2.0000000000000000
I,24,693,2.0000000000000000
I,24,694,2.0000000000000000
I,24,695,2.0000000000000000
I,24,696,2.0000000000000000
I,24,697,2.0000000000000000
I,24,698,2.0000000000000000
I,24,699,2.0000000000000000
I,24,700,2.0000000000000000
I,24,701,2.0000000000000000
I,24,702,2.0000000000000000
I,24,703,2.0000000000000000
I,24,704,2.0000000000000000
I,24,705,2.0000000000000000
I,24,706,2.0000000000000000
I,24,707,2.0000000000000000
I,24,708,2.0000000000000000
I,24,709,1.0000000000000000
I,24,710,1.0000000000000000
I,24,711,1.0000000000000000
I,24,712,1.0000000000000000
I,24,713,1.0000000000000000
I,24,714,1.0000000000000000
I,24,715,1.0000000000000000
I,24,716,1.0000000000000000
I,24,717,1.0000000000000000
I,24,718,1.0000000000000000
I,24,719,1.0000000000000000
I,24,720,1.0000000000000000
I,24,721,1.0000000000000000
I,24,722,1.0000000000000000
I,24,723,1.0000000000000000
I,24,724,1.0000000000000000
I,24,725,1.0000000000000000
I,24,726,2.0000000000000000
I,24,727,2.0000000000000000
I,24,728,2.0000000000000000
I,24,729,2.0000000000000000
I,24,730,2.0000000000000000
I,24,731,2.0000000000000000
I,24,732,2.0000000000000000
I,24,733,2.0000000000000000
I,24,734,2.0000000000000000
I,24,735,2.0000000000000000
I,24,736,2.0000000000000000
I,24,737,2.0000000000000000
I,24,738,2.0000000000000000
I,24,739,2.0000000000000000
I,24,740,2.0000000000000000
I,24,741,2.0000000000000000
I,24,742,2.0000000000000000
I,24,743,2.0000000000000000
I,24,744,2.0000000000000000
I,24,745,2.0000000000000000
I,24,746,2.0000000000000000
I,24,747,1.0000000000000000
I,24,748,1.0000000000000000
I,24,749,1.0000000000000000
I,24,750,1.0000000000000000
I,24,751,1.0000000000000000
I,24,752,1.0000000000000000
I,24,753,1.0000000000000000
I,24,754,1.0000000000000000
I,24,755,1.0000000000000000
I,24,756,1.0000000000000000
I,24,757,1.0000000000000000
I,24,758,1.0000000000000000
I,24,759,1.0000000000000000
I,24,760,1.0000000000000000
I,24,761,1.0000000000000000
I,24,762,1.0000000000000000
I,24,763,1.0000000000000000
I,24,764,1.0000000000000000
I,24,765,1.0000000000000000
I,24,766,1.0000000000000000
I,24,767,1.0000000000000000
I,24,768,1.0000000000000000
I,24,769,1.0000000000000000
I,24,770,1.0000000000000000
I,24,771,1.0000000000000000
I,24,772,1.0000000000000000
I,24,773,1.0000000000000000
I,24,774,1.0000000000000000
I,24,775,1.0000000000000000
I,24,776,1.0000000000000000
I,24,777,1.0000000000000000
I,24,778,1.0000000000000000
I,24,779,1.0000000000000000
I,24,780,1.0000000000000000
I,24,781,1.0000000000000000
I,24,782,1.0000000000000000
I,24,783,1.0000000000000000
I,24,784,1.0000000000000000
I,24,785,1.0000000000000000
I,24,786,1.0000000000000000
I,24,787,1.0000000000000000
I,24,788,1.0000000000000000
I,24,789,1.0000000000000000
I,24,790,1.0000000000000000
I,24,791,1.0000000000000000
I,24,792,1.0000000000000000
I,24,793,1.0000000000000000
I,24,794,1.0000000000000000
I,24,795,1.0000000000000000
I,24,796,1.0000000000000000
I,24,797,1.0000000000000000
I,24,798,1.0000000000000000
I,24,799,1.0000000000000000
I,24,800,1.0000000000000000
I,24,801,1.0000000000000000
I,24,802,1.0000000000000000
I,24,803,1.0000000000000000
I,24,804,1.0000000000000000
I,24,805,1.0000000000000000
I,24,806,1.0000000000000000
I,24,807,1.0000000000000000
I,24,808,1.0000000000000000
I,24,809,1.0000000000000000
I,24,810,1.0000000000000000
I,24,811,1.0000000000000000
I,24,812,1.0000000000000000
I,24,813,1.0000000000000000
I,24,814,1.0000000000000000
I,24,815,1.0000000000000000
I,24,816,1.0000000000000000
I,24,817,1.0000000000000000
I,24,818,1.0000000000000000
I,24,819,1.0000000000000000
I,24,820,1.0000000000000000
I,24,821,1.0000000000000000
I,24,822,1.0000000000000000
I,24,823,1.0000000000000000
I,24,824,1.0000000000000000
I,24,825,1.0000000000000000
I,24,826,1.0000000000000000
I,24,827,1.0000000000000000
I,24,828,1.0000000000000000
I,24,829,1.0000000000000000
I,24,830,1.0000000000000000
I,24,831,1.0000000000000000
I,24,832,1.0000000000000000
I,24,833,1.0000000000000000
I,24,834,1.0000000000000000
I,24,835,1.0000000000000000
I,24,836,1.0000000000000000
I,24,837,1.0000000000000000
I,24,838,1.0000000000000000
I,24,839,1.0000000000000000
I,24,840,1.0000000000000000
I,24,841,1.0000000000000000
I,24,842,1.0000000000000000
I,24,843,1.0000000000000000
I,24,844,1.0000000000000000
I,24,845,1.0000000000000000
I,24,846,1.0000000000000000
I,24,847,1.0000000000000000
I,24,848,1.0000000000000000
I,24,849,1.0000000000000000
I,24,850,1.0000000000000000
I,24,851,1.0000000000000000
I,24,852,1.0000000000000000
I,24,853,1.0000000000000000
I,24,854,1.0000000000000000
I,24,855,1.0000000000000000
I,24,856,1.0000000000000000
I,24,857,1.0000000000000000
I,24,858,1.0000000000000000
I,24,859,1.0000000000000000
I,24,860,1.0000000000000000
I,24,861,1.0000000000000000
I,24,862,1.0000000000000000
I,24,863,1.0000000000000000
I,24,864,1.0000000000000000
I,24,865,1.0000000000000000
I,24,866,1.0000000000000000
I,24,867,1.0000000000000000
I,24,868,1.0000000000000000
I,24,869,1.0000000000000000
I,24,870,1.0000000000000000
I,24,871,1.0000000000000000
I,24,872,1.0000000000000000
I,24,873,1.0000000000000000
I,24,874,1.0000000000000000
I,24,875,1.0000000000000000
I,24,876,1.0000000000000000
I,24,877,1.0000000000000000
I,24,878,1.0000000000000000
I,24,879,1.0000000000000000
I,24,880,1.0000000000000000
I,24,881,1.0000000000000000
I,24,882,1.0000000000000000
I,24,883,1.0000000000000000
I,24,884,1.0000000000000000
I,24,885,1.0000000000000000
I,24,886,1.0000000000000000
I,24,887,1.0000000000000000
I,24,888,1.0000000000000000
I,24,889,1.0000000000000000
I,24,890,1.0000000000000000
I,24,891,1.0000000000000000
I,24,892,1.0000000000000000
I,24,893,1.0000000000000000
I,24,894,1.0000000000000000
I,24,895,1.0000000000000000
I,24,896,1.0000000000000000
I,24,897,1.0000000000000000
I,24,898,1.0000000000000000
I,24,899,1.0000000000000000
I,24,900,1.0000000000000000
I,24,901,1.0000000000000000
I,24,902,1.0000000000000000
I,24,903,1.0000000000000000
I,24,904,1.0000000000000000
I,24,905,1.0000000000000000
I,24,906,1.0000000000000000
I,24,907,1.0000000000000000
I,24,908,1.0000000000000000
I,24,909,1.0000000000000000
I,24,910,1.0000000000000000
I,24,911,1.0000000000000000
I,24,912,1.0000000000000000
I,24,913,1.0000000000000000
I,24,914,1.0000000000000000
I,24,915,1.0000000000000000
I,24,916,1.0000000000000000
I,24,917,1.0000000000000000
I,24,918,1.0000000000000000
I,24,919,1.0000000000000000
I,24,920,1.0000000000000000
I,24,921,1.0000000000000000
I,24,922,1.0000000000000000
I,24,923,1.0000000000000000
I,24,924,1.0000000000000000
I,24,925,1.0000000000000000
I,24,926,1.0000000000000000
I,24,927,1.0000000000000000
I,24,928,1.0000000000000000
I,24,929,1.0000000000000000
I,24,930,1.0000000000000000
I,24,931,1.0000000000000000
I,24,932,1.0000000000000000
I,24,933,1.0000000000000000
I,24,934,1.0000000000000000
I,24,935,1.0000000000000000
I,24,936,1.0000000000000000
I,24,937,1.0000000000000000
I,24,938,1.0000000000000000
I,24,939,1.0000000000000000
I,24,940,1.0000000000000000
I,24,941,1.0000000000000000
I,24,942,1.0000000000000000
I,24,943,1.0000000000000000
I,24,944,1.0000000000000000
I,24,945,1.0000000000000000
I,24,946,1.0000000000000000
I,24,947,1.0000000000000000
I,24,948,1.0000000000000000
I,24,949,1.0000000000000000
I,24,950,1.0000000000000000
I,24,951,1.0000000000000000
I,24,952,1.0000000000000000
I,24,953,1.0000000000000000
I,24,954,1.0000000000000000
I,24,955,1.0000000000000000
I,24,956,1.0000000000000000
I,24,957,1.0000000000000000
I,24,958,1.0000000000000000
I,24,959,1.0000000000000000
I,24,960,1.0000000000000000
I,24,961,1.0000000000000000
I,24,962,1.0000000000000000
I,24,963,1.0000000000000000
I,24,964,1.0000000000000000
I,24,965,1.0000000000000000
I,24,966,1.0000000000000000
I,24,967,1.0000000000000000
I,24,968,1.0000000000000000
I,24,969,1.0000000000000000
I,24,970,1.0000000000000000
I,24,971,1.0000000000000000
I,24,972,1.0000000000000000
I,24,973,1.0000000000000000
I,24,974,1.0000000000000000
I,24,975,1.0000000000000000
I,24,976,1.0000000000000000
I,24,977,1.0000000000000000
I,24,978,1.0000000000000000
I,24,979,1.0000000000000000
I,24,980,1.0000000000000000
I,24,981,1.0000000000000000
I,24,982,1.0000000000000000
I,24,983,1.0000000000000000
I,24,984,1.0000000000000000
I,24,985,1.0000000000000000
I,24,986,1.0000000000000000
I,24,987,1.0000000000000000
I,24,988,1.0000000000000000
I,24,989,1.0000000000000000
I,24,990,1.0000000000000000
I,24,991,1.0000000000000000
I,24,992,1.0000000000000000
I,24,993,1.0000000000000000
I,24,994,1.0000000000000000
I,24,995,1.0000000000000000
I,24,996,1.0000000000000000
I,24,997,1.0000000000000000
I,24,998,1.0000000000000000
I,24,999,1.0000000000000000
R,24,0,121.44943101790659,6.2718436561310735,-1.2000000000000080
R,24,1,151.78682683738907,7.1305756364017760,-0.80000000000003950
R,24,2,181.68424397601075,8.4423266307658140,-0.39999999999990393
R,24,3,211.00000000000090,10.000000000000000,-0.0000000000000000
R,24,4,239.68424397601075,11.557673369234186,0.39999999999990393
R,24,5,267.78682683738680,12.869424363598226,0.80000000000002680
R,24,6,295.44943101790886,13.728156343868820,1.1999999999999482
R,24,7,324.44943101790886,6.2718436561311800,-1.1999999999999482
R,24,8,354.78682683738680,7.1305756364017760,-0.80000000000003950
R,24,9,384.68424397601300,8.4423266307658140,-0.39999999999990393
R,24,10,122.00000000000045,35.000000000000000,-0.0000000000000000
R,24,11,150.84212198800650,35.778836684617090,0.39999999999989705
R,24,12,179.39341341869340,36.434712181799114,0.80000000000000130
R,24,13,207.72471550895220,36.864078171934690,1.2000000000000677
R,24,14,236.72471550895220,33.135921828065310,-1.2000000000000677
R,24,15,266.39341341869570,33.565287818200886,-0.80000000000000130
R,24,16,295.84212198800650,34.221163315382910,-0.39999999999989705
R,24,17,324.99999999999820,35.000000000000000,-0.0000000000000000
R,24,18,353.84212198800650,35.778836684617090,0.39999999999989705
R,24,19,382.39341341869570,36.434712181799114,0.80000000000000130
R,24,20,120.72471550895330,61.864078171934690,1.2000000000000162
R,24,21,149.72471550895220,58.135921828065310,-1.2000000000000677
R,24,22,179.39341341869340,58.565287818200886,-0.80000000000000130
R,24,23,208.84212198800650,59.221163315382910,-0.39999999999989705
R,24,24,238.00000000000045,60.000000000000000,-0.0000000000000000
R,24,25,266.84212198800650,60.778836684617090,0.39999999999989705
R,24,26,295.39341341869570,61.434712181799114,0.80000000000000130
R,24,27,323.72471550895443,61.864078171934690,1.1999999999999647
R,24,28,352.72471550895443,58.135921828065310,-1.1999999999999647
R,24,29,382.39341341869570,58.565287818200886,-0.80000000000000130
R,24,30,123.68424397601189,83.442326630764700,-0.40000000000005560
R,24,31,153.00000000000090,85.000000000000000,-0.0000000000000000
R,24,32,181.68424397601075,86.557673369234180,0.39999999999992470
R,24,33,209.78682683738907,87.869424363598230,0.80000000000005220
R,24,34,237.44943101790660,88.728156343869390,1.2000000000000677
R,24,35,266.44943101790886,81.271843656130610,-1.1999999999999647
R,24,36,296.78682683738680,82.130575636401770,-0.80000000000005220
R,24,37,326.68424397601300,83.442326630765820,-0.39999999999992470
R,24,38,356.00000000000090,85.000000000000000,-0.0000000000000000
R,24,39,384.68424397601300,86.557673369234180,0.39999999999992470
R,24,40,122.78682683738907,112.86942436359823,0.80000000000005220
R,24,41,150.44943101790660,113.72815634386939,1.2000000000000677
R,24,42,179.44943101790660,106.27184365613061,-1.2000000000000677
R,24,43,209.78682683738907,107.13057563640177,-0.80000000000005220
R,24,44,239.68424397601075,108.44232663076582,-0.39999999999992470
R,24,45,269.00000000000090,110.00000000000000,-0.0000000000000000
R,24,46,297.68424397601300,111.55767336923418,0.39999999999992470
R,24,47,325.78682683738680,112.86942436359823,0.80000000000005220
R,24,48,353.44943101790886,113.72815634386939,1.1999999999999647
R,24,49,382.44943101790886,106.27184365613061,-1.1999999999999647
R,24,50,122.78682683738907,132.13057563640177,-0.79999999999995030
R,24,51,152.68424397601075,133.44232663076582,-0.39999999999986935
R,24,52,182.00000000000090,135.00000000000000,-0.0000000000000000
R,24,53,210.68424397601075,136.55767336923418,0.39999999999986935
R,24,54,238.78682683738907,137.86942436359823,0.79999999999995030
R,24,55,266.44943101790886,138.72815634386825,1.1999999999999647
R,24,56,295.44943101790886,131.27184365613175,-1.1999999999999647
R,24,57,325.78682683738680,132.13057563640177,-0.79999999999995030
R,24,58,355.68424397601300,133.44232663076582,-0.39999999999986935
R,24,59,385.00000000000090,135.00000000000000,-0.0000000000000000
R,24,60,123.68424397601189,161.55767336923418,0.40000000000000024
R,24,61,151.78682683738907,162.86942436359823,0.79999999999995030
R,24,62,179.44943101790660,163.72815634386825,1.2000000000000677
R,24,63,208.44943101790660,156.27184365613175,-1.2000000000000677
R,24,64,238.78682683738907,157.13057563640177,-0.79999999999995030
R,24,65,268.68424397601300,158.44232663076582,-0.39999999999986935
R,24,66,298.00000000000090,160.00000000000000,-0.0000000000000000
R,24,67,326.68424397601300,161.55767336923418,0.39999999999986935
R,24,68,354.78682683738680,162.86942436359823,0.79999999999995030
R,24,69,382.44943101790886,163.72815634386825,1.1999999999999647
R,24,70,121.44943101790659,181.27184365613175,-1.2000000000000162
R,24,71,151.78682683738907,182.13057563640177,-0.79999999999995030
R,24,72,181.68424397601075,183.44232663076582,-0.39999999999986935
R,24,73,211.00000000000090,185.00000000000000,-0.0000000000000000
R,24,74,239.68424397601075,186.55767336923418,0.39999999999986935
R,24,75,267.78682683738680,187.86942436359823,0.79999999999995030
R,24,76,295.44943101790886,188.72815634386825,1.1999999999999647
R,24,77,324.44943101790886,181.27184365613175,-1.1999999999999647
R,24,78,354.78682683738680,182.13057563640177,-0.79999999999995030
R,24,79,384.68424397601300,183.44232663076582,-0.39999999999986935
R,24,80,123.99999999999977,210.00000000000000,-0.0000000000000000
R,24,81,152.68424397601075,211.55767336923418,0.39999999999986935
R,24,82,180.78682683738907,212.86942436359823,0.79999999999995030
R,24,83,208.44943101790660,213.72815634386825,1.2000000000000677
R,24,84,237.44943101790660,206.27184365613175,-1.2000000000000677
R,24,85,267.78682683738680,207.13057563640177,-0.79999999999995030
R,24,86,297.68424397601300,208.44232663076582,-0.39999999999986935
R,24,87,327.00000000000090,210.00000000000000,-0.0000000000000000
R,24,88,355.68424397601300,211.55767336923418,0.39999999999986935
R,24,89,383.78682683738680,212.86942436359823,0.79999999999995030
R,24,90,121.44943101790659,238.72815634386825,1.2000000000000162
R,24,91,150.44943101790660,231.27184365613175,-1.2000000000000677
R,24,92,180.78682683738907,232.13057563640177,-0.79999999999995030
R,24,93,210.68424397601075,233.44232663076582,-0.39999999999986935
R,24,94,240.00000000000090,235.00000000000000,-0.0000000000000000
R,24,95,268.68424397601300,236.55767336923418,0.39999999999986935
R,24,96,296.78682683738680,237.86942436359823,0.79999999999995030
R,24,97,324.44943101790886,238.72815634386825,1.1999999999999647
R,24,98,353.44943101790886,231.27184365613175,-1.1999999999999647
R,24,99,383.78682683738680,232.13057563640177,-0.79999999999995030
